Ligand,Receptor,Annotation,Reference
Tgfb1,Tgfbr1,Secreted Signaling,KEGG: mmu04350
Tgfb1,Tgfbr2,Secreted Signaling,KEGG: mmu04350
Tgfb2,Tgfbr1,Secreted Signaling,KEGG: mmu04350
Tgfb2,Tgfbr2,Secreted Signaling,KEGG: mmu04350
Tgfb3,Tgfbr1,Secreted Signaling,KEGG: mmu04350
Tgfb3,Tgfbr2,Secreted Signaling,KEGG: mmu04350
Tgfb1,Acvr1b,Secreted Signaling,PMID: 27449815
Tgfb1,Acvr1c,Secreted Signaling,PMID: 27449815
Tgfb2,Acvr1b,Secreted Signaling,PMID: 27449815
Tgfb2,Acvr1c,Secreted Signaling,PMID: 27449815
Tgfb3,Acvr1b,Secreted Signaling,PMID: 27449815
Tgfb3,Acvr1c,Secreted Signaling,PMID: 27449815
Tgfb1,Acvr1,Secreted Signaling,PMID: 29376829
Tgfb2,Acvr1,Secreted Signaling,PMID: 29376829
Tgfb3,Acvr1,Secreted Signaling,PMID: 29376829
Bmp2,Bmpr1a,Secreted Signaling,KEGG: mmu04350; PMID:26893264
Bmp2,Acvr2a,Secreted Signaling,KEGG: mmu04350; PMID:26893264
Bmp2,Acvr2b,Secreted Signaling,KEGG: mmu04350; PMID:26893264
Bmp2,Bmpr2,Secreted Signaling,KEGG: mmu04350; PMID:26893264
Bmp2,Bmpr1b,Secreted Signaling,KEGG: mmu04350; PMID:26893264
Bmp4,Bmpr1a,Secreted Signaling,KEGG: mmu04350; PMID:26893264
Bmp4,Acvr2a,Secreted Signaling,KEGG: mmu04350; PMID:26893264
Bmp4,Acvr2b,Secreted Signaling,KEGG: mmu04350; PMID:26893264
Bmp4,Bmpr2,Secreted Signaling,KEGG: mmu04350; PMID:26893264
Bmp4,Bmpr1b,Secreted Signaling,KEGG: mmu04350; PMID:26893264
Gdf5,Bmpr1a,Secreted Signaling,KEGG: mmu04350; PMID:26893264
Gdf5,Acvr2a,Secreted Signaling,KEGG: mmu04350; PMID:26893264
Gdf5,Acvr2b,Secreted Signaling,KEGG: mmu04350; PMID:26893264
Gdf5,Bmpr2,Secreted Signaling,KEGG: mmu04350; PMID:26893264
Gdf5,Bmpr1b,Secreted Signaling,KEGG: mmu04350; PMID:26893264
Gdf6,Bmpr1a,Secreted Signaling,KEGG: mmu04350; PMID:26893264
Gdf6,Acvr2a,Secreted Signaling,KEGG: mmu04350; PMID:26893264
Gdf6,Acvr2b,Secreted Signaling,KEGG: mmu04350; PMID:26893264
Gdf6,Bmpr2,Secreted Signaling,KEGG: mmu04350; PMID:26893264
Gdf6,Bmpr1b,Secreted Signaling,KEGG: mmu04350; PMID:26893264
Gdf7,Bmpr1a,Secreted Signaling,KEGG: mmu04350; PMID:26893264
Gdf7,Acvr2a,Secreted Signaling,KEGG: mmu04350; PMID:26893264
Gdf7,Acvr2b,Secreted Signaling,KEGG: mmu04350; PMID:26893264
Gdf7,Bmpr2,Secreted Signaling,KEGG: mmu04350; PMID:26893264
Gdf7,Bmpr1b,Secreted Signaling,KEGG: mmu04350; PMID:26893264
Bmp15,Bmpr1b,Secreted Signaling,KEGG: mmu04350; PMID:26893264
Bmp15,Bmpr2,Secreted Signaling,KEGG: mmu04350; PMID:26893264
Bmp5,Acvr1,Secreted Signaling,KEGG: mmu04350; PMID:26893264
Bmp5,Acvr2a,Secreted Signaling,KEGG: mmu04350; PMID:26893264
Bmp5,Acvr2b,Secreted Signaling,KEGG: mmu04350; PMID:26893264
Bmp5,Bmpr2,Secreted Signaling,KEGG: mmu04350; PMID:26893264
Bmp5,Bmpr1a,Secreted Signaling,KEGG: mmu04350; PMID:26893264
Bmp5,Bmpr1b,Secreted Signaling,KEGG: mmu04350; PMID:26893264
Bmp6,Acvr1,Secreted Signaling,KEGG: mmu04350; PMID:26893264
Bmp6,Acvr2a,Secreted Signaling,KEGG: mmu04350; PMID:26893264
Bmp6,Acvr2b,Secreted Signaling,KEGG: mmu04350; PMID:26893264
Bmp6,Bmpr2,Secreted Signaling,KEGG: mmu04350; PMID:26893264
Bmp6,Bmpr1a,Secreted Signaling,KEGG: mmu04350; PMID:26893264
Bmp6,Bmpr1b,Secreted Signaling,KEGG: mmu04350; PMID:26893264
Bmp7,Acvr1,Secreted Signaling,KEGG: mmu04350; PMID:26893264
Bmp7,Acvr2a,Secreted Signaling,KEGG: mmu04350; PMID:26893264
Bmp7,Acvr2b,Secreted Signaling,KEGG: mmu04350; PMID:26893264
Bmp7,Bmpr2,Secreted Signaling,KEGG: mmu04350; PMID:26893264
Bmp7,Bmpr1a,Secreted Signaling,KEGG: mmu04350; PMID:26893264
Bmp7,Bmpr1b,Secreted Signaling,KEGG: mmu04350; PMID:26893264
Bmp8a,Acvr1,Secreted Signaling,KEGG: mmu04350; PMID:26893264
Bmp8a,Acvr2a,Secreted Signaling,KEGG: mmu04350; PMID:26893264
Bmp8a,Acvr2b,Secreted Signaling,KEGG: mmu04350; PMID:26893264
Bmp8a,Bmpr2,Secreted Signaling,KEGG: mmu04350; PMID:26893264
Bmp8a,Bmpr1a,Secreted Signaling,KEGG: mmu04350; PMID:26893264
Bmp8a,Bmpr1b,Secreted Signaling,KEGG: mmu04350; PMID:26893264
Bmp8b,Acvr1,Secreted Signaling,KEGG: mmu04350; PMID:26893264
Bmp8b,Acvr2a,Secreted Signaling,KEGG: mmu04350; PMID:26893264
Bmp8b,Acvr2b,Secreted Signaling,KEGG: mmu04350; PMID:26893264
Bmp8b,Bmpr2,Secreted Signaling,KEGG: mmu04350; PMID:26893264
Bmp8b,Bmpr1a,Secreted Signaling,KEGG: mmu04350; PMID:26893264
Bmp8b,Bmpr1b,Secreted Signaling,KEGG: mmu04350; PMID:26893264
Bmp10,Acvrl1,Secreted Signaling,KEGG: mmu04350; PMID:26893264; PMID: 25620979
Bmp10,Bmpr2,Secreted Signaling,KEGG: mmu04350; PMID:26893264; PMID: 25620979
Bmp10,Acvr2a,Secreted Signaling,KEGG: mmu04350; PMID:26893264; PMID: 25620979
Gdf2,Acvrl1,Secreted Signaling,KEGG: mmu04350; PMID:26893264
Gdf2,Bmpr2,Secreted Signaling,KEGG: mmu04350; PMID:26893264
Gdf2,Acvr2a,Secreted Signaling,KEGG: mmu04350; PMID:26893264
Gdf9,Acvr1b,Secreted Signaling,KEGG: mmu04350
Gdf9,Bmpr2,Secreted Signaling,KEGG: mmu04350
Gdf10,Acvr1b,Secreted Signaling,KEGG: mmu04350
Gdf10,Acvr2a,Secreted Signaling,KEGG: mmu04350
Gdf11,Tgfbr1,Secreted Signaling,KEGG: mmu04350
Gdf11,Acvr2a,Secreted Signaling,KEGG: mmu04350
Gdf11,Acvr2b,Secreted Signaling,KEGG: mmu04350
Gdf11,Acvr1b,Secreted Signaling,KEGG: mmu04350
Gdf15,Tgfbr2,Secreted Signaling,KEGG: mmu04350
Mstn,Tgfbr1,Secreted Signaling,KEGG: mmu04060
Mstn,Acvr2b,Secreted Signaling,KEGG: mmu04060
Mstn,Acvr1b,Secreted Signaling,KEGG: mmu04060
Mstn,Acvr2a,Secreted Signaling,KEGG: mmu04060
Amh,Amhr2,Secreted Signaling,KEGG: mmu04060
Amh,Acvr1,Secreted Signaling,KEGG: mmu04060
Amh,Bmpr1a,Secreted Signaling,KEGG: mmu04060
Gdnf,Gfra1,Secreted Signaling,PMID: 11544105
Gdnf,Ret,Secreted Signaling,PMID: 11544105
Nrtn,Gfra2,Secreted Signaling,PMID: 11544105
Nrtn,Ret,Secreted Signaling,PMID: 11544105
Artn,Gfra3,Secreted Signaling,PMID: 11544105
Artn,Ret,Secreted Signaling,PMID: 11544105
Pspn,Gfra4,Secreted Signaling,PMID: 11544105
Pspn,Ret,Secreted Signaling,PMID: 11544105
Artn,Gfra1,Secreted Signaling,PMID: 11544105
Nodal,Acvr1b,Secreted Signaling,KEGG: mmu04350; PMID: 17287255
Nodal,Acvr2a,Secreted Signaling,KEGG: mmu04350; PMID: 17287255
Nodal,Cfc1,Secreted Signaling,KEGG: mmu04350; PMID: 17287255
Nodal,Acvr1c,Secreted Signaling,KEGG: mmu04350; PMID: 17287255
Nodal,Acvr2b,Secreted Signaling,KEGG: mmu04350; PMID: 17287255
Gdf1,Acvr1b,Secreted Signaling,KEGG: mmu04350; PMID: 17287255
Gdf1,Acvr2a,Secreted Signaling,KEGG: mmu04350; PMID: 17287255
Gdf1,Cfc1,Secreted Signaling,KEGG: mmu04350; PMID: 17287255
Gdf1,Acvr2b,Secreted Signaling,KEGG: mmu04350; PMID: 17287255
Gdf1,Acvr1c,Secreted Signaling,KEGG: mmu04350; PMID: 17287255
Gdf3,Acvr1b,Secreted Signaling,KEGG: mmu04350; PMID: 17287255
Gdf3,Acvr2a,Secreted Signaling,KEGG: mmu04350; PMID: 17287255
Gdf3,Cfc1,Secreted Signaling,KEGG: mmu04350; PMID: 17287255
Gdf3,Acvr2b,Secreted Signaling,KEGG: mmu04350; PMID: 17287255
Gdf3,Acvr1c,Secreted Signaling,KEGG: mmu04350; PMID: 17287255
Inhba,Acvr1b,Secreted Signaling,KEGG: mmu04350
Inhba,Acvr2a,Secreted Signaling,KEGG: mmu04350
Inhba,Acvr2b,Secreted Signaling,KEGG: mmu04350
Inhbb,Acvr1b,Secreted Signaling,KEGG: mmu04350
Inhbb,Acvr2a,Secreted Signaling,KEGG: mmu04350
Inhbb,Acvr2b,Secreted Signaling,KEGG: mmu04350
Inhbb,Acvr1c,Secreted Signaling,KEGG: mmu04350
Inhbc,Acvr1b,Secreted Signaling,KEGG: mmu04350
Inhbc,Acvr2a,Secreted Signaling,KEGG: mmu04350
Inhbc,Acvr2b,Secreted Signaling,KEGG: mmu04350
Inhbc,Acvr1c,Secreted Signaling,KEGG: mmu04350
Inhbe,Acvr1b,Secreted Signaling,KEGG: mmu04350
Inhbe,Acvr2a,Secreted Signaling,KEGG: mmu04350
Inhbe,Acvr2b,Secreted Signaling,KEGG: mmu04350
Inhbe,Acvr1c,Secreted Signaling,KEGG: mmu04350
Inhba,Acvr1c,Secreted Signaling,PMID: 2457849; PMID: 22991378
Inha,Acvr2a,Secreted Signaling,PMID: 15027884
Inha,Acvr2b,Secreted Signaling,PMID: 15027884
Wnt1,Fzd1,Secreted Signaling,KEGG: mmu04310; PMID: 23209147
Wnt1,Lrp5,Secreted Signaling,KEGG: mmu04310; PMID: 23209147
Wnt1,Fzd10,Secreted Signaling,KEGG: mmu04310; PMID: 23209147
Wnt1,Fzd2,Secreted Signaling,KEGG: mmu04310; PMID: 23209147
Wnt1,Fzd3,Secreted Signaling,KEGG: mmu04310; PMID: 23209147
Wnt1,Fzd4,Secreted Signaling,KEGG: mmu04310; PMID: 23209147
Wnt1,Fzd5,Secreted Signaling,KEGG: mmu04310; PMID: 23209147
Wnt1,Fzd6,Secreted Signaling,KEGG: mmu04310; PMID: 23209147
Wnt1,Fzd7,Secreted Signaling,KEGG: mmu04310; PMID: 23209147
Wnt1,Fzd8,Secreted Signaling,KEGG: mmu04310; PMID: 23209147
Wnt1,Fzd9,Secreted Signaling,KEGG: mmu04310; PMID: 23209147
Wnt10a,Fzd1,Secreted Signaling,KEGG: mmu04310; PMID: 23209147
Wnt10a,Lrp5,Secreted Signaling,KEGG: mmu04310; PMID: 23209147
Wnt10a,Fzd10,Secreted Signaling,KEGG: mmu04310; PMID: 23209147
Wnt10a,Fzd2,Secreted Signaling,KEGG: mmu04310; PMID: 23209147
Wnt10a,Fzd3,Secreted Signaling,KEGG: mmu04310; PMID: 23209147
Wnt10a,Fzd4,Secreted Signaling,KEGG: mmu04310; PMID: 23209147
Wnt10a,Fzd5,Secreted Signaling,KEGG: mmu04310; PMID: 23209147
Wnt10a,Fzd6,Secreted Signaling,KEGG: mmu04310; PMID: 23209147
Wnt10a,Fzd7,Secreted Signaling,KEGG: mmu04310; PMID: 23209147
Wnt10a,Fzd8,Secreted Signaling,KEGG: mmu04310; PMID: 23209147
Wnt10a,Fzd9,Secreted Signaling,KEGG: mmu04310; PMID: 23209147
Wnt10b,Fzd1,Secreted Signaling,KEGG: mmu04310; PMID: 23209147
Wnt10b,Lrp5,Secreted Signaling,KEGG: mmu04310; PMID: 23209147
Wnt10b,Fzd10,Secreted Signaling,KEGG: mmu04310; PMID: 23209147
Wnt10b,Fzd2,Secreted Signaling,KEGG: mmu04310; PMID: 23209147
Wnt10b,Fzd3,Secreted Signaling,KEGG: mmu04310; PMID: 23209147
Wnt10b,Fzd4,Secreted Signaling,KEGG: mmu04310; PMID: 23209147
Wnt10b,Fzd5,Secreted Signaling,KEGG: mmu04310; PMID: 23209147
Wnt10b,Fzd6,Secreted Signaling,KEGG: mmu04310; PMID: 23209147
Wnt10b,Fzd7,Secreted Signaling,KEGG: mmu04310; PMID: 23209147
Wnt10b,Fzd8,Secreted Signaling,KEGG: mmu04310; PMID: 23209147
Wnt10b,Fzd9,Secreted Signaling,KEGG: mmu04310; PMID: 23209147
Wnt16,Fzd1,Secreted Signaling,KEGG: mmu04310; PMID: 23209147
Wnt16,Lrp5,Secreted Signaling,KEGG: mmu04310; PMID: 23209147
Wnt16,Fzd10,Secreted Signaling,KEGG: mmu04310; PMID: 23209147
Wnt16,Fzd2,Secreted Signaling,KEGG: mmu04310; PMID: 23209147
Wnt16,Fzd3,Secreted Signaling,KEGG: mmu04310; PMID: 23209147
Wnt16,Fzd4,Secreted Signaling,KEGG: mmu04310; PMID: 23209147
Wnt16,Fzd5,Secreted Signaling,KEGG: mmu04310; PMID: 23209147
Wnt16,Fzd6,Secreted Signaling,KEGG: mmu04310; PMID: 23209147
Wnt16,Fzd7,Secreted Signaling,KEGG: mmu04310; PMID: 23209147
Wnt16,Fzd8,Secreted Signaling,KEGG: mmu04310; PMID: 23209147
Wnt16,Fzd9,Secreted Signaling,KEGG: mmu04310; PMID: 23209147
Wnt2,Fzd1,Secreted Signaling,KEGG: mmu04310; PMID: 23209147
Wnt2,Lrp5,Secreted Signaling,KEGG: mmu04310; PMID: 23209147
Wnt2,Fzd10,Secreted Signaling,KEGG: mmu04310; PMID: 23209147
Wnt2,Fzd2,Secreted Signaling,KEGG: mmu04310; PMID: 23209147
Wnt2,Fzd3,Secreted Signaling,KEGG: mmu04310; PMID: 23209147
Wnt2,Fzd4,Secreted Signaling,KEGG: mmu04310; PMID: 23209147
Wnt2,Fzd5,Secreted Signaling,KEGG: mmu04310; PMID: 23209147
Wnt2,Fzd6,Secreted Signaling,KEGG: mmu04310; PMID: 23209147
Wnt2,Fzd7,Secreted Signaling,KEGG: mmu04310; PMID: 23209147
Wnt2,Fzd8,Secreted Signaling,KEGG: mmu04310; PMID: 23209147
Wnt2,Fzd9,Secreted Signaling,KEGG: mmu04310; PMID: 23209147
Wnt2b,Fzd1,Secreted Signaling,KEGG: mmu04310; PMID: 23209147
Wnt2b,Lrp5,Secreted Signaling,KEGG: mmu04310; PMID: 23209147
Wnt2b,Fzd10,Secreted Signaling,KEGG: mmu04310; PMID: 23209147
Wnt2b,Fzd2,Secreted Signaling,KEGG: mmu04310; PMID: 23209147
Wnt2b,Fzd3,Secreted Signaling,KEGG: mmu04310; PMID: 23209147
Wnt2b,Fzd4,Secreted Signaling,KEGG: mmu04310; PMID: 23209147
Wnt2b,Fzd5,Secreted Signaling,KEGG: mmu04310; PMID: 23209147
Wnt2b,Fzd6,Secreted Signaling,KEGG: mmu04310; PMID: 23209147
Wnt2b,Fzd7,Secreted Signaling,KEGG: mmu04310; PMID: 23209147
Wnt2b,Fzd8,Secreted Signaling,KEGG: mmu04310; PMID: 23209147
Wnt2b,Fzd9,Secreted Signaling,KEGG: mmu04310; PMID: 23209147
Wnt3,Fzd1,Secreted Signaling,KEGG: mmu04310; PMID: 23209147
Wnt3,Lrp5,Secreted Signaling,KEGG: mmu04310; PMID: 23209147
Wnt3,Fzd10,Secreted Signaling,KEGG: mmu04310; PMID: 23209147
Wnt3,Fzd2,Secreted Signaling,KEGG: mmu04310; PMID: 23209147
Wnt3,Fzd3,Secreted Signaling,KEGG: mmu04310; PMID: 23209147
Wnt3,Fzd4,Secreted Signaling,KEGG: mmu04310; PMID: 23209147
Wnt3,Fzd5,Secreted Signaling,KEGG: mmu04310; PMID: 23209147
Wnt3,Fzd6,Secreted Signaling,KEGG: mmu04310; PMID: 23209147
Wnt3,Fzd7,Secreted Signaling,KEGG: mmu04310; PMID: 23209147
Wnt3,Fzd8,Secreted Signaling,KEGG: mmu04310; PMID: 23209147
Wnt3,Fzd9,Secreted Signaling,KEGG: mmu04310; PMID: 23209147
Wnt3a,Fzd1,Secreted Signaling,KEGG: mmu04310; PMID: 23209147
Wnt3a,Lrp5,Secreted Signaling,KEGG: mmu04310; PMID: 23209147
Wnt3a,Fzd10,Secreted Signaling,KEGG: mmu04310; PMID: 23209147
Wnt3a,Fzd2,Secreted Signaling,KEGG: mmu04310; PMID: 23209147
Wnt3a,Fzd3,Secreted Signaling,KEGG: mmu04310; PMID: 23209147
Wnt3a,Fzd4,Secreted Signaling,KEGG: mmu04310; PMID: 23209147
Wnt3a,Fzd5,Secreted Signaling,KEGG: mmu04310; PMID: 23209147
Wnt3a,Fzd6,Secreted Signaling,KEGG: mmu04310; PMID: 23209147
Wnt3a,Fzd7,Secreted Signaling,KEGG: mmu04310; PMID: 23209147
Wnt3a,Fzd8,Secreted Signaling,KEGG: mmu04310; PMID: 23209147
Wnt3a,Fzd9,Secreted Signaling,KEGG: mmu04310; PMID: 23209147
Wnt4,Fzd1,Secreted Signaling,KEGG: mmu04310; PMID: 23209147
Wnt4,Lrp5,Secreted Signaling,KEGG: mmu04310; PMID: 23209147
Wnt4,Fzd10,Secreted Signaling,KEGG: mmu04310; PMID: 23209147
Wnt4,Fzd2,Secreted Signaling,KEGG: mmu04310; PMID: 23209147
Wnt4,Fzd3,Secreted Signaling,KEGG: mmu04310; PMID: 23209147
Wnt4,Fzd4,Secreted Signaling,KEGG: mmu04310; PMID: 23209147
Wnt4,Fzd5,Secreted Signaling,KEGG: mmu04310; PMID: 23209147
Wnt4,Fzd6,Secreted Signaling,KEGG: mmu04310; PMID: 23209147
Wnt4,Fzd7,Secreted Signaling,KEGG: mmu04310; PMID: 23209147
Wnt4,Fzd8,Secreted Signaling,KEGG: mmu04310; PMID: 23209147
Wnt4,Fzd9,Secreted Signaling,KEGG: mmu04310; PMID: 23209147
Wnt6,Fzd1,Secreted Signaling,KEGG: mmu04310; PMID: 23209147
Wnt6,Lrp5,Secreted Signaling,KEGG: mmu04310; PMID: 23209147
Wnt6,Fzd10,Secreted Signaling,KEGG: mmu04310; PMID: 23209147
Wnt6,Fzd2,Secreted Signaling,KEGG: mmu04310; PMID: 23209147
Wnt6,Fzd3,Secreted Signaling,KEGG: mmu04310; PMID: 23209147
Wnt6,Fzd4,Secreted Signaling,KEGG: mmu04310; PMID: 23209147
Wnt6,Fzd5,Secreted Signaling,KEGG: mmu04310; PMID: 23209147
Wnt6,Fzd6,Secreted Signaling,KEGG: mmu04310; PMID: 23209147
Wnt6,Fzd7,Secreted Signaling,KEGG: mmu04310; PMID: 23209147
Wnt6,Fzd8,Secreted Signaling,KEGG: mmu04310; PMID: 23209147
Wnt6,Fzd9,Secreted Signaling,KEGG: mmu04310; PMID: 23209147
Wnt7a,Fzd1,Secreted Signaling,KEGG: mmu04310; PMID: 23209147
Wnt7a,Lrp5,Secreted Signaling,KEGG: mmu04310; PMID: 23209147
Wnt7a,Fzd10,Secreted Signaling,KEGG: mmu04310; PMID: 23209147
Wnt7a,Fzd2,Secreted Signaling,KEGG: mmu04310; PMID: 23209147
Wnt7a,Fzd3,Secreted Signaling,KEGG: mmu04310; PMID: 23209147
Wnt7a,Fzd4,Secreted Signaling,KEGG: mmu04310; PMID: 23209147
Wnt7a,Fzd5,Secreted Signaling,KEGG: mmu04310; PMID: 23209147
Wnt7a,Fzd6,Secreted Signaling,KEGG: mmu04310; PMID: 23209147
Wnt7a,Fzd7,Secreted Signaling,KEGG: mmu04310; PMID: 23209147
Wnt7a,Fzd8,Secreted Signaling,KEGG: mmu04310; PMID: 23209147
Wnt7a,Fzd9,Secreted Signaling,KEGG: mmu04310; PMID: 23209147
Wnt7b,Fzd1,Secreted Signaling,KEGG: mmu04310; PMID: 23209147
Wnt7b,Lrp5,Secreted Signaling,KEGG: mmu04310; PMID: 23209147
Wnt7b,Fzd10,Secreted Signaling,KEGG: mmu04310; PMID: 23209147
Wnt7b,Fzd2,Secreted Signaling,KEGG: mmu04310; PMID: 23209147
Wnt7b,Fzd3,Secreted Signaling,KEGG: mmu04310; PMID: 23209147
Wnt7b,Fzd4,Secreted Signaling,KEGG: mmu04310; PMID: 23209147
Wnt7b,Fzd5,Secreted Signaling,KEGG: mmu04310; PMID: 23209147
Wnt7b,Fzd6,Secreted Signaling,KEGG: mmu04310; PMID: 23209147
Wnt7b,Fzd7,Secreted Signaling,KEGG: mmu04310; PMID: 23209147
Wnt7b,Fzd8,Secreted Signaling,KEGG: mmu04310; PMID: 23209147
Wnt7b,Fzd9,Secreted Signaling,KEGG: mmu04310; PMID: 23209147
Wnt8a,Fzd1,Secreted Signaling,KEGG: mmu04310; PMID: 23209147
Wnt8a,Lrp5,Secreted Signaling,KEGG: mmu04310; PMID: 23209147
Wnt8a,Fzd10,Secreted Signaling,KEGG: mmu04310; PMID: 23209147
Wnt8a,Fzd2,Secreted Signaling,KEGG: mmu04310; PMID: 23209147
Wnt8a,Fzd3,Secreted Signaling,KEGG: mmu04310; PMID: 23209147
Wnt8a,Fzd4,Secreted Signaling,KEGG: mmu04310; PMID: 23209147
Wnt8a,Fzd5,Secreted Signaling,KEGG: mmu04310; PMID: 23209147
Wnt8a,Fzd6,Secreted Signaling,KEGG: mmu04310; PMID: 23209147
Wnt8a,Fzd7,Secreted Signaling,KEGG: mmu04310; PMID: 23209147
Wnt8a,Fzd8,Secreted Signaling,KEGG: mmu04310; PMID: 23209147
Wnt8a,Fzd9,Secreted Signaling,KEGG: mmu04310; PMID: 23209147
Wnt8b,Fzd1,Secreted Signaling,KEGG: mmu04310; PMID: 23209147
Wnt8b,Lrp5,Secreted Signaling,KEGG: mmu04310; PMID: 23209147
Wnt8b,Fzd10,Secreted Signaling,KEGG: mmu04310; PMID: 23209147
Wnt8b,Fzd2,Secreted Signaling,KEGG: mmu04310; PMID: 23209147
Wnt8b,Fzd3,Secreted Signaling,KEGG: mmu04310; PMID: 23209147
Wnt8b,Fzd4,Secreted Signaling,KEGG: mmu04310; PMID: 23209147
Wnt8b,Fzd5,Secreted Signaling,KEGG: mmu04310; PMID: 23209147
Wnt8b,Fzd6,Secreted Signaling,KEGG: mmu04310; PMID: 23209147
Wnt8b,Fzd7,Secreted Signaling,KEGG: mmu04310; PMID: 23209147
Wnt8b,Fzd8,Secreted Signaling,KEGG: mmu04310; PMID: 23209147
Wnt8b,Fzd9,Secreted Signaling,KEGG: mmu04310; PMID: 23209147
Wnt9a,Fzd1,Secreted Signaling,KEGG: mmu04310; PMID: 23209147
Wnt9a,Lrp5,Secreted Signaling,KEGG: mmu04310; PMID: 23209147
Wnt9a,Fzd10,Secreted Signaling,KEGG: mmu04310; PMID: 23209147
Wnt9a,Fzd2,Secreted Signaling,KEGG: mmu04310; PMID: 23209147
Wnt9a,Fzd3,Secreted Signaling,KEGG: mmu04310; PMID: 23209147
Wnt9a,Fzd4,Secreted Signaling,KEGG: mmu04310; PMID: 23209147
Wnt9a,Fzd5,Secreted Signaling,KEGG: mmu04310; PMID: 23209147
Wnt9a,Fzd6,Secreted Signaling,KEGG: mmu04310; PMID: 23209147
Wnt9a,Fzd7,Secreted Signaling,KEGG: mmu04310; PMID: 23209147
Wnt9a,Fzd8,Secreted Signaling,KEGG: mmu04310; PMID: 23209147
Wnt9a,Fzd9,Secreted Signaling,KEGG: mmu04310; PMID: 23209147
Wnt9b,Fzd1,Secreted Signaling,KEGG: mmu04310; PMID: 23209147
Wnt9b,Lrp5,Secreted Signaling,KEGG: mmu04310; PMID: 23209147
Wnt9b,Fzd10,Secreted Signaling,KEGG: mmu04310; PMID: 23209147
Wnt9b,Fzd2,Secreted Signaling,KEGG: mmu04310; PMID: 23209147
Wnt9b,Fzd3,Secreted Signaling,KEGG: mmu04310; PMID: 23209147
Wnt9b,Fzd4,Secreted Signaling,KEGG: mmu04310; PMID: 23209147
Wnt9b,Fzd5,Secreted Signaling,KEGG: mmu04310; PMID: 23209147
Wnt9b,Fzd6,Secreted Signaling,KEGG: mmu04310; PMID: 23209147
Wnt9b,Fzd7,Secreted Signaling,KEGG: mmu04310; PMID: 23209147
Wnt9b,Fzd8,Secreted Signaling,KEGG: mmu04310; PMID: 23209147
Wnt9b,Fzd9,Secreted Signaling,KEGG: mmu04310; PMID: 23209147
Wnt1,Lrp6,Secreted Signaling,KEGG: mmu04310; PMID: 23209147
Wnt10a,Lrp6,Secreted Signaling,KEGG: mmu04310; PMID: 23209147
Wnt10b,Lrp6,Secreted Signaling,KEGG: mmu04310; PMID: 23209147
Wnt16,Lrp6,Secreted Signaling,KEGG: mmu04310; PMID: 23209147
Wnt2,Lrp6,Secreted Signaling,KEGG: mmu04310; PMID: 23209147
Wnt2b,Lrp6,Secreted Signaling,KEGG: mmu04310; PMID: 23209147
Wnt3,Lrp6,Secreted Signaling,KEGG: mmu04310; PMID: 23209147
Wnt3a,Lrp6,Secreted Signaling,KEGG: mmu04310; PMID: 23209147
Wnt4,Lrp6,Secreted Signaling,KEGG: mmu04310; PMID: 23209147
Wnt6,Lrp6,Secreted Signaling,KEGG: mmu04310; PMID: 23209147
Wnt7a,Lrp6,Secreted Signaling,KEGG: mmu04310; PMID: 23209147
Wnt7b,Lrp6,Secreted Signaling,KEGG: mmu04310; PMID: 23209147
Wnt8a,Lrp6,Secreted Signaling,KEGG: mmu04310; PMID: 23209147
Wnt8b,Lrp6,Secreted Signaling,KEGG: mmu04310; PMID: 23209147
Wnt9a,Lrp6,Secreted Signaling,KEGG: mmu04310; PMID: 23209147
Wnt9b,Lrp6,Secreted Signaling,KEGG: mmu04310; PMID: 23209147
Wnt5a,Fzd1,Secreted Signaling,KEGG: mmu04310
Wnt5a,Fzd10,Secreted Signaling,KEGG: mmu04310
Wnt5a,Fzd2,Secreted Signaling,KEGG: mmu04310
Wnt5a,Fzd3,Secreted Signaling,KEGG: mmu04310
Wnt5a,Fzd4,Secreted Signaling,KEGG: mmu04310
Wnt5a,Fzd5,Secreted Signaling,KEGG: mmu04310
Wnt5a,Fzd6,Secreted Signaling,KEGG: mmu04310
Wnt5a,Fzd7,Secreted Signaling,KEGG: mmu04310
Wnt5a,Fzd8,Secreted Signaling,KEGG: mmu04310
Wnt5a,Fzd9,Secreted Signaling,KEGG: mmu04310
Wnt5a,Mcam,Secreted Signaling,PMID: 24335906
Wnt5b,Fzd1,Secreted Signaling,KEGG: mmu04310
Wnt5b,Fzd10,Secreted Signaling,KEGG: mmu04310
Wnt5b,Fzd2,Secreted Signaling,KEGG: mmu04310
Wnt5b,Fzd3,Secreted Signaling,KEGG: mmu04310
Wnt5b,Fzd4,Secreted Signaling,KEGG: mmu04310
Wnt5b,Fzd5,Secreted Signaling,KEGG: mmu04310
Wnt5b,Fzd6,Secreted Signaling,KEGG: mmu04310
Wnt5b,Fzd7,Secreted Signaling,KEGG: mmu04310
Wnt5b,Fzd8,Secreted Signaling,KEGG: mmu04310
Wnt5b,Fzd9,Secreted Signaling,KEGG: mmu04310
Wnt11,Fzd1,Secreted Signaling,KEGG: mmu04310
Wnt11,Fzd10,Secreted Signaling,KEGG: mmu04310
Wnt11,Fzd2,Secreted Signaling,KEGG: mmu04310
Wnt11,Fzd3,Secreted Signaling,KEGG: mmu04310
Wnt11,Fzd4,Secreted Signaling,KEGG: mmu04310
Wnt11,Fzd5,Secreted Signaling,KEGG: mmu04310
Wnt11,Fzd6,Secreted Signaling,KEGG: mmu04310
Wnt11,Fzd7,Secreted Signaling,KEGG: mmu04310
Wnt11,Fzd8,Secreted Signaling,KEGG: mmu04310
Wnt11,Fzd9,Secreted Signaling,KEGG: mmu04310
Egf,Egfr,Secreted Signaling,KEGG: mmu04012
Egf,Erbb2,Secreted Signaling,KEGG: mmu04012
Tgfa,Egfr,Secreted Signaling,KEGG: mmu04012
Tgfa,Erbb2,Secreted Signaling,KEGG: mmu04012
Areg,Egfr,Secreted Signaling,KEGG: mmu04012
Areg,Erbb2,Secreted Signaling,KEGG: mmu04012
Btc,Egfr,Secreted Signaling,KEGG: mmu04012
Btc,Erbb2,Secreted Signaling,KEGG: mmu04012
Btc,Erbb4,Secreted Signaling,KEGG: mmu04012
Hbegf,Egfr,Secreted Signaling,KEGG: mmu04012
Hbegf,Erbb2,Secreted Signaling,KEGG: mmu04012
Hbegf,Erbb4,Secreted Signaling,KEGG: mmu04012
Ereg,Egfr,Secreted Signaling,KEGG: mmu04012
Ereg,Erbb2,Secreted Signaling,KEGG: mmu04012
Ereg,Erbb4,Secreted Signaling,KEGG: mmu04012
Nrg1,Erbb3,Secreted Signaling,KEGG: mmu04012
Nrg1,Erbb2,Secreted Signaling,KEGG: mmu04012
Nrg1,Erbb4,Secreted Signaling,KEGG: mmu04012
Nrg2,Erbb3,Secreted Signaling,KEGG: mmu04012
Nrg2,Erbb2,Secreted Signaling,KEGG: mmu04012
Nrg2,Erbb4,Secreted Signaling,KEGG: mmu04012
Nrg3,Erbb4,Secreted Signaling,KEGG: mmu04012
Nrg3,Erbb2,Secreted Signaling,KEGG: mmu04012
Nrg4,Erbb4,Secreted Signaling,KEGG: mmu04012
Nrg4,Erbb2,Secreted Signaling,KEGG: mmu04012
Nrg1,Itgav,Secreted Signaling,PMID: 20682778
Nrg1,Itgb3,Secreted Signaling,PMID: 20682778
Fgf1,Fgfr1,Secreted Signaling,PMC: 4393358
Fgf1,Fgfr2,Secreted Signaling,PMC: 4393358
Fgf1,Fgfr3,Secreted Signaling,PMC: 4393358
Fgf1,Fgfr4,Secreted Signaling,PMC: 4393358
Fgf2,Fgfr1,Secreted Signaling,PMC: 4393358
Fgf2,Fgfr2,Secreted Signaling,PMC: 4393358
Fgf2,Fgfr3,Secreted Signaling,PMC: 4393358
Fgf2,Fgfr4,Secreted Signaling,PMC: 4393358
Fgf4,Fgfr1,Secreted Signaling,PMC: 4393358
Fgf4,Fgfr2,Secreted Signaling,PMC: 4393358
Fgf4,Fgfr3,Secreted Signaling,PMC: 4393358
Fgf4,Fgfr4,Secreted Signaling,PMC: 4393358
Fgf5,Fgfr1,Secreted Signaling,PMC: 4393358
Fgf5,Fgfr2,Secreted Signaling,PMC: 4393358
Fgf5,Fgfr3,Secreted Signaling,PMC: 4393358
Fgf5,Fgfr4,Secreted Signaling,PMC: 4393358
Fgf6,Fgfr1,Secreted Signaling,PMC: 4393358
Fgf6,Fgfr2,Secreted Signaling,PMC: 4393358
Fgf6,Fgfr3,Secreted Signaling,PMC: 4393358
Fgf6,Fgfr4,Secreted Signaling,PMC: 4393358
Fgf7,Fgfr1,Secreted Signaling,PMC: 4393358
Fgf7,Fgfr2,Secreted Signaling,PMC: 4393358
Fgf3,Fgfr1,Secreted Signaling,PMC: 4393358
Fgf3,Fgfr2,Secreted Signaling,PMC: 4393358
Fgf10,Fgfr1,Secreted Signaling,PMC: 4393358
Fgf10,Fgfr2,Secreted Signaling,PMC: 4393358
Fgf22,Fgfr2,Secreted Signaling,PMC: 4393358
Fgf8,Fgfr1,Secreted Signaling,PMC: 4393358
Fgf8,Fgfr2,Secreted Signaling,PMC: 4393358
Fgf8,Fgfr3,Secreted Signaling,PMC: 4393358
Fgf8,Fgfr4,Secreted Signaling,PMC: 4393358
Fgf17,Fgfr1,Secreted Signaling,PMC: 4393358
Fgf17,Fgfr2,Secreted Signaling,PMC: 4393358
Fgf17,Fgfr3,Secreted Signaling,PMC: 4393358
Fgf17,Fgfr4,Secreted Signaling,PMC: 4393358
Fgf18,Fgfr1,Secreted Signaling,PMC: 4393358
Fgf18,Fgfr2,Secreted Signaling,PMC: 4393358
Fgf18,Fgfr3,Secreted Signaling,PMC: 4393358
Fgf18,Fgfr4,Secreted Signaling,PMC: 4393358
Fgf9,Fgfr1,Secreted Signaling,PMC: 4393358
Fgf9,Fgfr2,Secreted Signaling,PMC: 4393358
Fgf9,Fgfr3,Secreted Signaling,PMC: 4393358
Fgf9,Fgfr4,Secreted Signaling,PMC: 4393358
Fgf20,Fgfr1,Secreted Signaling,PMC: 4393358
Fgf20,Fgfr2,Secreted Signaling,PMC: 4393358
Fgf20,Fgfr3,Secreted Signaling,PMC: 4393358
Fgf20,Fgfr4,Secreted Signaling,PMC: 4393358
Fgf16,Fgfr1,Secreted Signaling,PMC: 4393358
Fgf16,Fgfr2,Secreted Signaling,PMC: 4393358
Fgf16,Fgfr3,Secreted Signaling,PMC: 4393358
Fgf16,Fgfr4,Secreted Signaling,PMC: 4393358
Fgf15,Fgfr1,Secreted Signaling,PMC: 4393358
Fgf15,Fgfr2,Secreted Signaling,PMC: 4393358
Fgf15,Fgfr3,Secreted Signaling,PMC: 4393358
Fgf15,Fgfr4,Secreted Signaling,PMC: 4393358
Fgf21,Fgfr1,Secreted Signaling,PMC: 4393358
Fgf21,Fgfr3,Secreted Signaling,PMC: 4393358
Fgf23,Fgfr1,Secreted Signaling,PMC: 4393358
Fgf23,Fgfr3,Secreted Signaling,PMC: 4393358
Fgf23,Fgfr4,Secreted Signaling,PMC: 4393358
Pdgfa,Pdgfra,Secreted Signaling,PMID: 15207812
Pdgfa,Pdgfrb,Secreted Signaling,PMID: 15207812
Pdgfb,Pdgfra,Secreted Signaling,PMID: 15207812
Pdgfb,Pdgfrb,Secreted Signaling,PMID: 15207812
Pdgfc,Pdgfra,Secreted Signaling,PMID: 15207812
Pdgfd,Pdgfrb,Secreted Signaling,PMID: 15207812
Vegfa,Flt1,Secreted Signaling,KEGG: mmu04370; PMID: 16633338
Vegfa,Kdr,Secreted Signaling,KEGG: mmu04370; PMID: 16633338
Vegfb,Flt1,Secreted Signaling,KEGG: mmu04370; PMID: 16633338
Vegfc,Flt4,Secreted Signaling,KEGG: mmu04370; PMID: 16633338
Vegfc,Kdr,Secreted Signaling,KEGG: mmu04370; PMID: 16633338
Vegfd,Flt4,Secreted Signaling,KEGG: mmu04370; PMID: 16633338
Vegfd,Kdr,Secreted Signaling,KEGG: mmu04370; PMID: 16633338
Pgf,Flt1,Secreted Signaling,KEGG: mmu04370; PMID: 16633338
Igf1,Igf1r,Secreted Signaling,PMID: 14604834
Igf2,Igf1r,Secreted Signaling,PMID: 14604834
Igf2,Igf2r,Secreted Signaling,PMID: 14604834
Igf1,Itgav,Secreted Signaling,PMID: 28190785; PMID: 28873464
Igf1,Itgb3,Secreted Signaling,PMID: 28190785; PMID: 28873464
Igf1,Itga6,Secreted Signaling,PMID: 28190785; PMID: 28873464
Igf1,Itgb4,Secreted Signaling,PMID: 28190785; PMID: 28873464
Igf2,Itgav,Secreted Signaling,PMID: 28190785; PMID: 28873464
Igf2,Itgb3,Secreted Signaling,PMID: 28190785; PMID: 28873464
Igf2,Itga6,Secreted Signaling,PMID: 28190785; PMID: 28873464
Igf2,Itgb4,Secreted Signaling,PMID: 28190785; PMID: 28873464
Igfl3,Igflr1,Secreted Signaling,PMID: 21454693
Ins1,Insr,Secreted Signaling,KEGG: mmu04910; PMID: 24633815
Ins2,Insr,Secreted Signaling,KEGG: mmu04911; PMID: 24633815
Apln,Aplnr,Secreted Signaling,KEGG: mmu04371
Dhh,Ptch1,Secreted Signaling,KEGG: mmu04340; PMID: 25701396
Dhh,Smo,Secreted Signaling,KEGG: mmu04340; PMID: 25701396
Ihh,Ptch1,Secreted Signaling,KEGG: mmu04340; PMID: 25701396
Ihh,Smo,Secreted Signaling,KEGG: mmu04340; PMID: 25701396
Shh,Ptch1,Secreted Signaling,KEGG: mmu04340; PMID: 25701396
Shh,Smo,Secreted Signaling,KEGG: mmu04340; PMID: 25701396
Dhh,Ptch2,Secreted Signaling,KEGG: mmu04340; PMID: 25701396
Ihh,Ptch2,Secreted Signaling,KEGG: mmu04340; PMID: 25701396
Shh,Ptch2,Secreted Signaling,KEGG: mmu04340; PMID: 25701396
Ccl5,Ccr1,Secreted Signaling,KEGG: mmu04060
Ccl3,Ccr1,Secreted Signaling,KEGG: mmu04060
Ccl8,Ccr1,Secreted Signaling,KEGG: mmu04060
Ccl9,Ccr1,Secreted Signaling,KEGG: mmu04060
Ccl6,Ccr1,Secreted Signaling,KEGG: mmu04060
Ccl7,Ccr1,Secreted Signaling,KEGG: mmu04060
Ccl5,Ccr1l1,Secreted Signaling,KEGG: mmu04060
Ccl3,Ccr1l1,Secreted Signaling,KEGG: mmu04060
Ccl8,Ccr1l1,Secreted Signaling,KEGG: mmu04060
Ccl9,Ccr1l1,Secreted Signaling,KEGG: mmu04060
Ccl6,Ccr1l1,Secreted Signaling,KEGG: mmu04060
Ccl7,Ccr1l1,Secreted Signaling,KEGG: mmu04060
Ccl8,Ccr2,Secreted Signaling,KEGG: mmu04060
Ccl6,Ccr2,Secreted Signaling,KEGG: mmu04060
Ccl7,Ccr2,Secreted Signaling,KEGG: mmu04060
Ccl2,Ccr2,Secreted Signaling,KEGG: mmu04060
Ccl12,Ccr2,Secreted Signaling,KEGG: mmu04060
Ccl27a,Ccr2,Secreted Signaling,KEGG: mmu04060
Ccl27b,Ccr2,Secreted Signaling,KEGG: mmu04060
Ccl5,Ccr3,Secreted Signaling,KEGG: mmu04060
Ccl6,Ccr3,Secreted Signaling,KEGG: mmu04060
Ccl7,Ccr3,Secreted Signaling,KEGG: mmu04060
Ccl11,Ccr3,Secreted Signaling,KEGG: mmu04060
Ccl24,Ccr3,Secreted Signaling,KEGG: mmu04060
Ccl26,Ccr3,Secreted Signaling,KEGG: mmu04060
Ccl28,Ccr3,Secreted Signaling,KEGG: mmu04060
Ccl27a,Ccr3,Secreted Signaling,KEGG: mmu04060
Ccl27b,Ccr3,Secreted Signaling,KEGG: mmu04060
Ccl17,Ccr4,Secreted Signaling,KEGG: mmu04060
Ccl22,Ccr4,Secreted Signaling,KEGG: mmu04060
Ccl5,Ccr4,Secreted Signaling,KEGG: mmu04060
Ccl4,Ccr5,Secreted Signaling,KEGG: mmu04060
Ccl5,Ccr5,Secreted Signaling,KEGG: mmu04060
Ccl3,Ccr5,Secreted Signaling,KEGG: mmu04060
Ccl8,Ccr5,Secreted Signaling,KEGG: mmu04060
Ccl20,Ccr6,Secreted Signaling,KEGG: mmu04060
Ccl19,Ccr7,Secreted Signaling,KEGG: mmu04060
Ccl21,Ccr7,Secreted Signaling,KEGG: mmu04060
Ccl21a,Ccr7,Secreted Signaling,KEGG: mmu04060
Ccl21b,Ccr7,Secreted Signaling,KEGG: mmu04060
Ccl21d,Ccr7,Secreted Signaling,KEGG: mmu04060
Ccl21f,Ccr7,Secreted Signaling,KEGG: mmu04060
Ccl21e,Ccr7,Secreted Signaling,KEGG: mmu04060
Ccl19,Ackr4,Secreted Signaling,KEGG: mmu04060
Ccl21,Ackr4,Secreted Signaling,KEGG: mmu04060
Ccl21a,Ackr4,Secreted Signaling,KEGG: mmu04060
Ccl21b,Ackr4,Secreted Signaling,KEGG: mmu04060
Ccl21d,Ackr4,Secreted Signaling,KEGG: mmu04060
Ccl21f,Ackr4,Secreted Signaling,KEGG: mmu04060
Ccl21e,Ackr4,Secreted Signaling,KEGG: mmu04060
Ccl1,Ccr8,Secreted Signaling,KEGG: mmu04060
Ccl25,Ccr9,Secreted Signaling,KEGG: mmu04060
Ccl25,Ackr4,Secreted Signaling,KEGG: mmu04060
Ccl28,Ccr10,Secreted Signaling,KEGG: mmu04060
Ccl27a,Ccr10,Secreted Signaling,KEGG: mmu04060
Ccl27b,Ccr10,Secreted Signaling,KEGG: mmu04060
Ccl1,Ackr4,Secreted Signaling,KEGG: mmu04060
Ccl8,Ackr4,Secreted Signaling,KEGG: mmu04060
Ccl1,Ackr1,Secreted Signaling,PMID: 26740381
Ccl2,Ackr1,Secreted Signaling,PMID: 26740381
Ccl2,Ackr2,Secreted Signaling,PMID: 26740381
Ccl3,Ackr2,Secreted Signaling,PMID: 26740381
Ccl4,Ackr2,Secreted Signaling,PMID: 26740381
Ccl5,Ackr1,Secreted Signaling,PMID: 26740381
Ccl5,Ackr2,Secreted Signaling,PMID: 26740381
Ccl7,Ackr1,Secreted Signaling,PMID: 26740381
Ccl8,Ackr1,Secreted Signaling,PMID: 26740381
Ccl11,Ackr1,Secreted Signaling,PMID: 26740381
Ccl11,Ackr2,Secreted Signaling,PMID: 26740381
Ccl22,Ackr2,Secreted Signaling,PMID: 26740381
Ccl24,Ackr2,Secreted Signaling,PMID: 26740381
Ccl26,Ackr2,Secreted Signaling,PMID: 26740381
Ccl17,Ackr1,Secreted Signaling,PMID: 26740381
Ccl17,Ackr2,Secreted Signaling,PMID: 26740381
Cxcl1,Cxcr1,Secreted Signaling,KEGG: mmu04060
Cxcl5,Cxcr1,Secreted Signaling,KEGG: mmu04060
Cxcl2,Cxcr1,Secreted Signaling,KEGG: mmu04060
Cxcl3,Cxcr1,Secreted Signaling,KEGG: mmu04060
Cxcl1,Cxcr2,Secreted Signaling,KEGG: mmu04060
Cxcl5,Cxcr2,Secreted Signaling,KEGG: mmu04060
Cxcl2,Cxcr2,Secreted Signaling,KEGG: mmu04060
Cxcl3,Cxcr2,Secreted Signaling,KEGG: mmu04060
Ppbp,Cxcr2,Secreted Signaling,KEGG: mmu04060
Pf4,Cxcr3,Secreted Signaling,KEGG: mmu04060
Cxcl9,Cxcr3,Secreted Signaling,KEGG: mmu04060
Cxcl10,Cxcr3,Secreted Signaling,KEGG: mmu04060
Cxcl11,Cxcr3,Secreted Signaling,KEGG: mmu04060
Cxcl13,Cxcr3,Secreted Signaling,KEGG: mmu04060
Cxcl12,Cxcr4,Secreted Signaling,KEGG: mmu04060
Cxcl12,Ackr3,Secreted Signaling,KEGG: mmu04060
Cxcl13,Cxcr5,Secreted Signaling,KEGG: mmu04060
Cxcl16,Cxcr6,Secreted Signaling,KEGG: mmu04060
Cxcl1,Ackr1,Secreted Signaling,KEGG: mmu04060
Cxcl2,Ackr1,Secreted Signaling,KEGG: mmu04060
Cxcl3,Ackr1,Secreted Signaling,KEGG: mmu04060
Cxcl5,Ackr1,Secreted Signaling,KEGG: mmu04060
Cxcl9,Ackr1,Secreted Signaling,KEGG: mmu04060
Cxcl10,Ackr1,Secreted Signaling,KEGG: mmu04060
Cxcl11,Ackr1,Secreted Signaling,KEGG: mmu04060
Cxcl11,Ackr3,Secreted Signaling,KEGG: mmu04060
Cxcl13,Ackr1,Secreted Signaling,KEGG: mmu04060
Mif,Cd74,Secreted Signaling,PMID: 29637711; PMID: 24760155
Mif,Cxcr4,Secreted Signaling,PMID: 29637711; PMID: 24760155
Mif,Cd44,Secreted Signaling,PMID: 29637711; PMID: 26175090
Mif,Cxcr2,Secreted Signaling,PMID: 29637711; PMID: 26175090
Mif,Ackr3,Secreted Signaling,PMID: 26175090
Cx3cl1,Cx3cr1,Secreted Signaling,KEGG: mmu04060
Xcl1,Xcr1,Secreted Signaling,KEGG: mmu04060
Il2,Il2ra,Secreted Signaling,KEGG: mmu04060
Il2,Il2rb,Secreted Signaling,KEGG: mmu04060
Il2,Il2rg,Secreted Signaling,KEGG: mmu04060
Il4,Il4ra,Secreted Signaling,KEGG: mmu04060
Il4,Il2rg,Secreted Signaling,KEGG: mmu04060
Il7,Il7r,Secreted Signaling,KEGG: mmu04060
Il7,Il2rg,Secreted Signaling,KEGG: mmu04060
Il9,Il9r,Secreted Signaling,KEGG: mmu04060
Il9,Il2rg,Secreted Signaling,KEGG: mmu04060
Il15,Il15ra,Secreted Signaling,KEGG: mmu04060
Il15,Il2rb,Secreted Signaling,KEGG: mmu04060
Il15,Il2rg,Secreted Signaling,KEGG: mmu04060
Il21,Il21r,Secreted Signaling,KEGG: mmu04060
Il21,Il2rg,Secreted Signaling,KEGG: mmu04060
Tslp,Il7r,Secreted Signaling,KEGG: mmu04060
Tslp,Crlf2,Secreted Signaling,KEGG: mmu04060
Il3,Il3ra,Secreted Signaling,KEGG: mmu04060
Il3,Csf2rb,Secreted Signaling,KEGG: mmu04060
Il5,Il5ra,Secreted Signaling,KEGG: mmu04060
Il5,Csf2rb,Secreted Signaling,KEGG: mmu04060
Csf2,Csf2ra,Secreted Signaling,KEGG: mmu04060
Csf2,Csf2rb,Secreted Signaling,KEGG: mmu04060
Il4,Il13ra1,Secreted Signaling,KEGG: mmu04060
Il4,Il13ra2,Secreted Signaling,KEGG: mmu04060
Il13,Il4ra,Secreted Signaling,KEGG: mmu04060
Il13,Il13ra1,Secreted Signaling,KEGG: mmu04060
Il13,Il13ra2,Secreted Signaling,KEGG: mmu04060
Il6,Il6ra,Secreted Signaling,KEGG: mmu04060
Il6,Il6st,Secreted Signaling,KEGG: mmu04060
Il11,Il11ra1,Secreted Signaling,KEGG: mmu04060
Il11,Il6st,Secreted Signaling,KEGG: mmu04060
Il11,Il11ra2,Secreted Signaling,KEGG: mmu04060
Il12a,Il12rb1,Secreted Signaling,PMID: 26918147
Il12a,Il12rb2,Secreted Signaling,PMID: 26918147
Il12b,Il12rb1,Secreted Signaling,PMID: 26918147
Il12b,Il12rb2,Secreted Signaling,PMID: 26918147
Il12b,Il23r,Secreted Signaling,PMID: 11114383
Il23a,Il23r,Secreted Signaling,PMID: 11114383
Il23a,Il12rb1,Secreted Signaling,PMID: 11114383
Il27,Il27ra,Secreted Signaling,PMID: 25861977
Il27,Il6st,Secreted Signaling,PMID: 25861977
Ebi3,Il27ra,Secreted Signaling,PMID: 25861977
Ebi3,Il6st,Secreted Signaling,PMID: 25861977
Il31,Il31ra,Secreted Signaling,KEGG: mmu04060
Il31,Osmr,Secreted Signaling,KEGG: mmu04060
Cntf,Cntfr,Secreted Signaling,KEGG: mmu04060
Cntf,Lifr,Secreted Signaling,KEGG: mmu04060
Cntf,Il6st,Secreted Signaling,KEGG: mmu04060
Clcf1,Cntfr,Secreted Signaling,KEGG: mmu04060
Clcf1,Lifr,Secreted Signaling,KEGG: mmu04060
Clcf1,Il6st,Secreted Signaling,KEGG: mmu04060
Ctf1,Lifr,Secreted Signaling,KEGG: mmu04060
Ctf1,Il6st,Secreted Signaling,KEGG: mmu04060
Lif,Lifr,Secreted Signaling,KEGG: mmu04060
Lif,Il6st,Secreted Signaling,KEGG: mmu04060
Osm,Lifr,Secreted Signaling,KEGG: mmu04060
Osm,Il6st,Secreted Signaling,KEGG: mmu04060
Osm,Osmr,Secreted Signaling,KEGG: mmu04060
Il10,Il10ra,Secreted Signaling,KEGG: mmu04060
Il10,Il10rb,Secreted Signaling,KEGG: mmu04060
Il19,Il20ra,Secreted Signaling,KEGG: mmu04060
Il19,Il20rb,Secreted Signaling,KEGG: mmu04060
Il20,Il20ra,Secreted Signaling,KEGG: mmu04060
Il20,Il20rb,Secreted Signaling,KEGG: mmu04060
Il24,Il20ra,Secreted Signaling,KEGG: mmu04060
Il24,Il20rb,Secreted Signaling,KEGG: mmu04060
Il20,Il22ra1,Secreted Signaling,KEGG: mmu04060
Il24,Il22ra1,Secreted Signaling,KEGG: mmu04060
Il22,Il22ra1,Secreted Signaling,KEGG: mmu04060
Il22,Il10rb,Secreted Signaling,KEGG: mmu04060
Il1a,Il1r1,Secreted Signaling,KEGG: mmu04060
Il1a,Il1rap,Secreted Signaling,KEGG: mmu04060
Il1b,Il1r1,Secreted Signaling,KEGG: mmu04060
Il1b,Il1rap,Secreted Signaling,KEGG: mmu04060
Il36a,Il1rl2,Secreted Signaling,KEGG: mmu04060
Il36a,Il1rap,Secreted Signaling,KEGG: mmu04060
Il36b,Il1rl2,Secreted Signaling,KEGG: mmu04060
Il36b,Il1rap,Secreted Signaling,KEGG: mmu04060
Il36g,Il1rl2,Secreted Signaling,KEGG: mmu04060
Il36g,Il1rap,Secreted Signaling,KEGG: mmu04060
Il1f10,Il1rl2,Secreted Signaling,KEGG: mmu04060
Il1f10,Il1rap,Secreted Signaling,KEGG: mmu04060
Il18,Il18r1,Secreted Signaling,KEGG: mmu04060
Il18,Il18rap,Secreted Signaling,KEGG: mmu04060
Il33,Il1rl1,Secreted Signaling,KEGG: mmu04060
Il33,Il1rap,Secreted Signaling,KEGG: mmu04060
Il17a,Il17ra,Secreted Signaling,KEGG: mmu04060
Il17a,Il17rc,Secreted Signaling,KEGG: mmu04060
Il17f,Il17ra,Secreted Signaling,KEGG: mmu04060
Il17f,Il17rc,Secreted Signaling,KEGG: mmu04060
Il17b,Il17rb,Secreted Signaling,KEGG: mmu04060
Il17c,Il17ra,Secreted Signaling,KEGG: mmu04060
Il17c,Il17re,Secreted Signaling,KEGG: mmu04060
Il25,Il17ra,Secreted Signaling,KEGG: mmu04060
Il25,Il17rb,Secreted Signaling,KEGG: mmu04060
Il34,Csf1r,Secreted Signaling,KEGG: mmu04060
Csf1,Csf1r,Secreted Signaling,KEGG: mmu04060
Il16,Cd4,Secreted Signaling,KEGG: mmu04060
Epo,Epor,Secreted Signaling,KEGG: mmu04060
Gh,Ghr,Secreted Signaling,KEGG: mmu04060
Prl,Prlr,Secreted Signaling,KEGG: mmu04060; PMID: 23192981
Thpo,Mpl,Secreted Signaling,KEGG: mmu04060
Csf3,Csf3r,Secreted Signaling,KEGG: mmu04060
Ifnb1,Ifnar1,Secreted Signaling,KEGG: mmu04060
Ifnb1,Ifnar2,Secreted Signaling,KEGG: mmu04060
Ifnk,Ifnar1,Secreted Signaling,KEGG: mmu04060
Ifnk,Ifnar2,Secreted Signaling,KEGG: mmu04060
Ifne,Ifnar1,Secreted Signaling,KEGG: mmu04060
Ifne,Ifnar2,Secreted Signaling,KEGG: mmu04060
Ifna11,Ifnar1,Secreted Signaling,KEGG: mmu04060
Ifna11,Ifnar2,Secreted Signaling,KEGG: mmu04060
Ifna1,Ifnar1,Secreted Signaling,KEGG: mmu04060
Ifna1,Ifnar2,Secreted Signaling,KEGG: mmu04060
Ifna2,Ifnar1,Secreted Signaling,KEGG: mmu04060
Ifna2,Ifnar2,Secreted Signaling,KEGG: mmu04060
Ifna4,Ifnar1,Secreted Signaling,KEGG: mmu04060
Ifna4,Ifnar2,Secreted Signaling,KEGG: mmu04060
Ifna5,Ifnar1,Secreted Signaling,KEGG: mmu04060
Ifna5,Ifnar2,Secreted Signaling,KEGG: mmu04060
Ifna6,Ifnar1,Secreted Signaling,KEGG: mmu04060
Ifna6,Ifnar2,Secreted Signaling,KEGG: mmu04060
Ifna7,Ifnar1,Secreted Signaling,KEGG: mmu04060
Ifna7,Ifnar2,Secreted Signaling,KEGG: mmu04060
Ifna9,Ifnar1,Secreted Signaling,KEGG: mmu04060
Ifna9,Ifnar2,Secreted Signaling,KEGG: mmu04060
Ifnab,Ifnar1,Secreted Signaling,KEGG: mmu04060
Ifnab,Ifnar2,Secreted Signaling,KEGG: mmu04060
Ifna12,Ifnar1,Secreted Signaling,KEGG: mmu04060
Ifna12,Ifnar2,Secreted Signaling,KEGG: mmu04060
Ifna13,Ifnar1,Secreted Signaling,KEGG: mmu04060
Ifna13,Ifnar2,Secreted Signaling,KEGG: mmu04060
Ifna14,Ifnar1,Secreted Signaling,KEGG: mmu04060
Ifna14,Ifnar2,Secreted Signaling,KEGG: mmu04060
Ifna15,Ifnar1,Secreted Signaling,KEGG: mmu04060
Ifna15,Ifnar2,Secreted Signaling,KEGG: mmu04060
Ifng,Ifngr1,Secreted Signaling,KEGG: mmu04060
Ifng,Ifngr2,Secreted Signaling,KEGG: mmu04060
Ifnl2,Ifnlr1,Secreted Signaling,PMID: 28293236
Ifnl2,Il10rb,Secreted Signaling,PMID: 28293236
Ifnl3,Ifnlr1,Secreted Signaling,PMID: 28293236
Ifnl3,Il10rb,Secreted Signaling,PMID: 28293236
Tnf,Tnfrsf1a,Secreted Signaling,KEGG: mmu04060
Tnf,Tnfrsf1b,Secreted Signaling,KEGG: mmu04060
Lta,Tnfrsf1a,Secreted Signaling,KEGG: mmu04060
Lta,Tnfrsf1b,Secreted Signaling,KEGG: mmu04060
Lta,Tnfrsf14,Secreted Signaling,KEGG: mmu04060
Lta,Ltbr,Secreted Signaling,PMID: 24248355
Ltb,Ltbr,Secreted Signaling,PMID: 24248355
Tnfsf14,Ltbr,Secreted Signaling,KEGG: mmu04060
Tnfsf14,Tnfrsf14,Secreted Signaling,KEGG: mmu04060
Fasl,Fas,Secreted Signaling,KEGG: mmu04060
Tnfsf15,Tnfrsf25,Secreted Signaling,KEGG: mmu04060
Tnfsf10,Tnfrsf10b,Secreted Signaling,KEGG: mmu04060
Eda,Edar,Secreted Signaling,KEGG: mmu04060
Eda,Eda2r,Secreted Signaling,KEGG: mmu04060
Ngf,Ngfr,Secreted Signaling,KEGG: mmu04060
Klk1b4,Ngfr,Secreted Signaling,KEGG: mmu04060
Tnfsf11,Tnfrsf11a,Secreted Signaling,KEGG: mmu04060
Tnfsf11,Tnfrsf11b,Secreted Signaling,KEGG: mmu04060
Tnfsf12,Tnfrsf12a,Secreted Signaling,KEGG: mmu04060
Cd70,Cd27,Secreted Signaling,KEGG: mmu04060
Tnfsf8,Tnfrsf8,Secreted Signaling,KEGG: mmu04060
Tnfsf9,Tnfrsf9,Secreted Signaling,KEGG: mmu04060
Tnfsf4,Tnfrsf4,Secreted Signaling,KEGG: mmu04060
Tnfsf18,Tnfrsf18,Secreted Signaling,KEGG: mmu04060
Tnfsf13,Tnfrsf17,Secreted Signaling,KEGG: mmu04060
Tnfsf13,Tnfrsf13b,Secreted Signaling,KEGG: mmu04060
Tnfsf13b,Tnfrsf17,Secreted Signaling,KEGG: mmu04060
Tnfsf13b,Tnfrsf13b,Secreted Signaling,KEGG: mmu04060
Tnfsf13b,Tnfrsf13c,Secreted Signaling,KEGG: mmu04060
Cd40lg,Itga2b,Secreted Signaling,PMID: 28676852
Cd40lg,Itgb3,Secreted Signaling,PMID: 28676852
Cd40lg,Itga5,Secreted Signaling,PMID: 28676852
Cd40lg,Itgb1,Secreted Signaling,PMID: 28676852
Cd40lg,Itgam,Secreted Signaling,PMID: 28676852
Cd40lg,Itgb2,Secreted Signaling,PMID: 28676852
Spp1,Cd44,Secreted Signaling,PMID: 21907263
Spp1,Itgav,Secreted Signaling,PMID: 21907263
Spp1,Itgb3,Secreted Signaling,PMID: 21907263
Spp1,Itgb1,Secreted Signaling,PMID: 21907263
Spp1,Itgb5,Secreted Signaling,PMID: 21907263
Spp1,Itgb6,Secreted Signaling,PMID: 21907263
Spp1,Itga4,Secreted Signaling,PMID: 21907263
Spp1,Itga9,Secreted Signaling,PMID: 21907263
Spp1,Itga8,Secreted Signaling,PMID: 21907263
Spp1,Itga5,Secreted Signaling,PMID: 21907263
Adipoq,Adipor1,Secreted Signaling,PMID: 21284979
Adipoq,Adipor2,Secreted Signaling,PMID: 21284979
Retn,Tlr4,Secreted Signaling,PMID: 30809105
Retn,Cap1,Secreted Signaling,PMID: 30809105
Nampt,Itga5,Secreted Signaling,PMID: 28490838
Nampt,Itgb1,Secreted Signaling,PMID: 28490838
Angptl1,Itga1,Secreted Signaling,PMID: 24478758
Angptl1,Itgb1,Secreted Signaling,PMID: 24478758
Angptl2,Itga5,Secreted Signaling,PMID: 24478758
Angptl2,Itgb1,Secreted Signaling,PMID: 24478758
Angptl2,Tlr4,Secreted Signaling,PMID: 24478758
Angptl2,Pirb,Secreted Signaling,PMID: 24478758
Angptl1,Pirb,Secreted Signaling,PMID: 24478758
Angptl7,Pirb,Secreted Signaling,PMID: 24478758
Angptl4,Itga5,Secreted Signaling,PMID: 30049845
Angptl4,Itgb1,Secreted Signaling,PMID: 30049845
Angptl4,Itgav,Secreted Signaling,PMID: 30049845
Angptl4,Itgb3,Secreted Signaling,PMID: 30049845
Angptl4,Cdh5,Secreted Signaling,PMID: 30049845
Angptl4,Cdh11,Secreted Signaling,PMID: 30049845
Angptl4,Sdc1,Secreted Signaling,PMID: 29017031
Angptl4,Sdc2,Secreted Signaling,PMID: 29017031
Angptl4,Sdc3,Secreted Signaling,PMID: 29017031
Angptl4,Sdc4,Secreted Signaling,PMID: 29017031
Angptl3,Itgav,Secreted Signaling,PMID: 11877390
Angptl3,Itgb3,Secreted Signaling,PMID: 11877390
Angpt1,Tek,Secreted Signaling,PMID: 20651738
Angpt2,Tek,Secreted Signaling,PMID: 20651738
Angpt2,Itga5,Secreted Signaling,PMID: 20651738; PMID: 25635707
Angpt2,Itgb1,Secreted Signaling,PMID: 20651738; PMID: 25635707
Mdk,Sdc1,Secreted Signaling,PMID: 28356350
Mdk,Sdc2,Secreted Signaling,PMID: 28356350
Mdk,Sdc4,Secreted Signaling,PMID: 28356350
Mdk,Ptprz1,Secreted Signaling,PMID: 28356350
Mdk,Itga4,Secreted Signaling,PMID: 28356350
Mdk,Itgb1,Secreted Signaling,PMID: 28356350
Mdk,Itga6,Secreted Signaling,PMID: 28356350
Mdk,Lrp1,Secreted Signaling,PMID: 28356350
Mdk,Ncl,Secreted Signaling,PMID: 28356350
Mdk,Alk,Secreted Signaling,PMID: 19459784
Ptn,Ptprz1,Secreted Signaling,PMID: 28356350; PMID: 25620911
Ptn,Sdc1,Secreted Signaling,PMID: 28356350; PMID: 25620911
Ptn,Sdc2,Secreted Signaling,PMID: 28356350; PMID: 25620911
Ptn,Sdc3,Secreted Signaling,PMID: 28356350; PMID: 25620911
Ptn,Sdc4,Secreted Signaling,PMID: 28356350; PMID: 25620911
Ptn,Itgav,Secreted Signaling,PMID: 28356350; PMID: 25620911
Ptn,Itgb3,Secreted Signaling,PMID: 28356350; PMID: 25620911
Ptn,Ncl,Secreted Signaling,PMID: 28356350; PMID: 25620911
Ptn,Alk,Secreted Signaling,PMID: 28356350; PMID: 25620911
Postn,Itgav,Secreted Signaling,PMID: 26721738
Postn,Itgb3,Secreted Signaling,PMID: 26721738
Postn,Itgb5,Secreted Signaling,PMID: 26721738
Agt,Agtr1a,Secreted Signaling,KEGG: mmu04080
Agt,Agtr1b,Secreted Signaling,KEGG: mmu04080
Grp,Grpr,Secreted Signaling,KEGG: mmu04080
Nmb,Nmbr,Secreted Signaling,KEGG: mmu04080
Kng1,Bdkrb1,Secreted Signaling,KEGG: mmu04080
Kng1,Bdkrb2,Secreted Signaling,KEGG: mmu04080
Kng2,Bdkrb1,Secreted Signaling,KEGG: mmu04080
Kng2,Bdkrb2,Secreted Signaling,KEGG: mmu04080
C3,C3ar1,Secreted Signaling,KEGG: mmu04080
C3,Cr2,Secreted Signaling,PMID: 16234578
C3,Itgam,Secreted Signaling,PMID: 16234578
C3,Itgb2,Secreted Signaling,PMID: 16234578
C3,Itgax,Secreted Signaling,PMID: 16234578
C4a,C3ar1,Secreted Signaling,PMID: 16234578
C4b,Cr2,Secreted Signaling,PMID: 16234578
Hc,C5ar1,Secreted Signaling,KEGG: mmu04080
Cck,Cckar,Secreted Signaling,KEGG: mmu04080
Cck,Cckbr,Secreted Signaling,KEGG: mmu04080
Edn1,Ednra,Secreted Signaling,KEGG: mmu04080
Edn2,Ednra,Secreted Signaling,KEGG: mmu04080
Edn3,Ednra,Secreted Signaling,KEGG: mmu04080
Edn1,Ednrb,Secreted Signaling,KEGG: mmu04080
Edn2,Ednrb,Secreted Signaling,KEGG: mmu04080
Edn3,Ednrb,Secreted Signaling,KEGG: mmu04080
Gal,Galr1,Secreted Signaling,KEGG: mmu04080
Gal,Galr2,Secreted Signaling,KEGG: mmu04080
Gal,Galr3,Secreted Signaling,KEGG: mmu04080
Galp,Galr1,Secreted Signaling,PMID: 23233848
Galp,Galr2,Secreted Signaling,PMID: 23233848
Ghrl,Ghsr,Secreted Signaling,KEGG: mmu04080; PMID: 29233536
Kiss1,Kiss1r,Secreted Signaling,KEGG: mmu04080
Pomc,Mc1r,Secreted Signaling,KEGG: mmu04080
Pomc,Mc2r,Secreted Signaling,KEGG: mmu04080
Pomc,Mc3r,Secreted Signaling,KEGG: mmu04080; PMID: 11024027
Pomc,Mc4r,Secreted Signaling,KEGG: mmu04080; PMID: 11024027
Pomc,Mc5r,Secreted Signaling,KEGG: mmu04080
Nmu,Nmur1,Secreted Signaling,KEGG: mmu04080
Nmu,Nmur2,Secreted Signaling,KEGG: mmu04080
Nms,Nmur1,Secreted Signaling,PMID: 29288685
Nms,Nmur2,Secreted Signaling,PMID: 29288685
Npff,Npffr1,Secreted Signaling,KEGG: mmu04080
Npff,Npffr2,Secreted Signaling,KEGG: mmu04080
Npy,Npy1r,Secreted Signaling,KEGG: mmu04080
Npy,Npy2r,Secreted Signaling,KEGG: mmu04080
Npy,Npy4r,Secreted Signaling,KEGG: mmu04080
Npy,Npy5r,Secreted Signaling,KEGG: mmu04080
Npy,Npy6r,Secreted Signaling,KEGG: mmu04080
Npy,Gpr83,Secreted Signaling,KEGG: mmu04080
Npy,Pgr15l,Secreted Signaling,KEGG: mmu04080
Ppy,Npy1r,Secreted Signaling,KEGG: mmu04080
Ppy,Npy2r,Secreted Signaling,KEGG: mmu04080
Ppy,Npy4r,Secreted Signaling,KEGG: mmu04080
Ppy,Npy5r,Secreted Signaling,KEGG: mmu04080
Ppy,Npy6r,Secreted Signaling,KEGG: mmu04080
Ppy,Gpr83,Secreted Signaling,KEGG: mmu04080
Ppy,Pgr15l,Secreted Signaling,KEGG: mmu04080
Pyy,Npy1r,Secreted Signaling,KEGG: mmu04080
Pyy,Npy2r,Secreted Signaling,KEGG: mmu04080
Pyy,Npy4r,Secreted Signaling,KEGG: mmu04080
Pyy,Npy5r,Secreted Signaling,KEGG: mmu04080
Pyy,Npy6r,Secreted Signaling,KEGG: mmu04080
Pyy,Gpr83,Secreted Signaling,KEGG: mmu04080
Pyy,Pgr15l,Secreted Signaling,KEGG: mmu04080
Npb,Npbwr1,Secreted Signaling,KEGG: mmu04080
Npw,Npbwr1,Secreted Signaling,KEGG: mmu04080
Nts,Ntsr1,Secreted Signaling,KEGG: mmu04080
Nts,Ntsr2,Secreted Signaling,KEGG: mmu04080
Pdyn,Oprd1,Secreted Signaling,KEGG: mmu04080
Pdyn,Oprk1,Secreted Signaling,KEGG: mmu04080
Pdyn,Oprl1,Secreted Signaling,KEGG: mmu04080
Pdyn,Oprm1,Secreted Signaling,KEGG: mmu04080
Penk,Oprd1,Secreted Signaling,KEGG: mmu04080
Penk,Oprk1,Secreted Signaling,KEGG: mmu04080
Penk,Oprl1,Secreted Signaling,KEGG: mmu04080
Penk,Oprm1,Secreted Signaling,KEGG: mmu04080
Pomc,Oprd1,Secreted Signaling,KEGG: mmu04080
Pomc,Oprk1,Secreted Signaling,KEGG: mmu04080
Pomc,Oprl1,Secreted Signaling,KEGG: mmu04080
Pomc,Oprm1,Secreted Signaling,KEGG: mmu04080
Hcrt,Hcrtr1,Secreted Signaling,KEGG: mmu04080
Hcrt,Hcrtr2,Secreted Signaling,KEGG: mmu04080
Oxt,Oxtr,Secreted Signaling,KEGG: mmu04080
Sst,Sstr1,Secreted Signaling,KEGG: mmu04080
Sst,Sstr2,Secreted Signaling,KEGG: mmu04080
Sst,Sstr3,Secreted Signaling,KEGG: mmu04080
Sst,Sstr4,Secreted Signaling,KEGG: mmu04080
Sst,Sstr5,Secreted Signaling,KEGG: mmu04080
Cort,Sstr1,Secreted Signaling,KEGG: mmu04080
Cort,Sstr2,Secreted Signaling,KEGG: mmu04080
Cort,Sstr3,Secreted Signaling,KEGG: mmu04080
Cort,Sstr4,Secreted Signaling,KEGG: mmu04080
Cort,Sstr5,Secreted Signaling,KEGG: mmu04080
Tac1,Tacr1,Secreted Signaling,KEGG: mmu04080
Tac4,Tacr1,Secreted Signaling,KEGG: mmu04080
Tac1,Tacr2,Secreted Signaling,KEGG: mmu04080
Tac2,Tacr3,Secreted Signaling,KEGG: mmu04080
Uts2,Uts2r,Secreted Signaling,KEGG: mmu04080
Avp,Avpr2,Secreted Signaling,KEGG: mmu04080
Avp,Avpr1a,Secreted Signaling,KEGG: mmu04080
Avp,Avpr1b,Secreted Signaling,KEGG: mmu04080
Prlh,Prlhr,Secreted Signaling,KEGG: mmu04080
Prss3l,F2r,Secreted Signaling,KEGG: mmu04080
Try5,F2r,Secreted Signaling,KEGG: mmu04080
Ctsg,F2r,Secreted Signaling,KEGG: mmu04080
F2,F2r,Secreted Signaling,KEGG: mmu04080
Gzma,F2r,Secreted Signaling,KEGG: mmu04080
Prss2,F2r,Secreted Signaling,KEGG: mmu04080
Try4,F2r,Secreted Signaling,KEGG: mmu04080
Try10,F2r,Secreted Signaling,KEGG: mmu04080
Prss3l,F2rl1,Secreted Signaling,KEGG: mmu04080
Try5,F2rl1,Secreted Signaling,KEGG: mmu04080
Ctsg,F2rl1,Secreted Signaling,KEGG: mmu04080
F2,F2rl1,Secreted Signaling,KEGG: mmu04080
Gzma,F2rl1,Secreted Signaling,KEGG: mmu04080
Prss2,F2rl1,Secreted Signaling,KEGG: mmu04080
Try4,F2rl1,Secreted Signaling,KEGG: mmu04080
Try10,F2rl1,Secreted Signaling,KEGG: mmu04080
Prss3l,F2rl2,Secreted Signaling,KEGG: mmu04080
Try5,F2rl2,Secreted Signaling,KEGG: mmu04080
Ctsg,F2rl2,Secreted Signaling,KEGG: mmu04080
F2,F2rl2,Secreted Signaling,KEGG: mmu04080
Gzma,F2rl2,Secreted Signaling,KEGG: mmu04080
Prss2,F2rl2,Secreted Signaling,KEGG: mmu04080
Try4,F2rl2,Secreted Signaling,KEGG: mmu04080
Try10,F2rl2,Secreted Signaling,KEGG: mmu04080
Prss3l,F2rl3,Secreted Signaling,KEGG: mmu04080
Try5,F2rl3,Secreted Signaling,KEGG: mmu04080
Ctsg,F2rl3,Secreted Signaling,KEGG: mmu04080
F2,F2rl3,Secreted Signaling,KEGG: mmu04080
Gzma,F2rl3,Secreted Signaling,KEGG: mmu04080
Plg,F2rl3,Secreted Signaling,KEGG: mmu04080
Prss2,F2rl3,Secreted Signaling,KEGG: mmu04080
Try4,F2rl3,Secreted Signaling,KEGG: mmu04080
Try10,F2rl3,Secreted Signaling,KEGG: mmu04080
Prss3l,Pard3,Secreted Signaling,KEGG: mmu04080
Try5,Pard3,Secreted Signaling,KEGG: mmu04080
Ctsg,Pard3,Secreted Signaling,KEGG: mmu04080
F2,Pard3,Secreted Signaling,KEGG: mmu04080
Gzma,Pard3,Secreted Signaling,KEGG: mmu04080
Plg,Pard3,Secreted Signaling,KEGG: mmu04080
Prss2,Pard3,Secreted Signaling,KEGG: mmu04080
Try4,Pard3,Secreted Signaling,KEGG: mmu04080
Try10,Pard3,Secreted Signaling,KEGG: mmu04080
Pmch,Mchr1,Secreted Signaling,KEGG: mmu04080
Prok1,Prokr2,Secreted Signaling,PMID: 24496457
Prok1,Prokr1,Secreted Signaling,PMID: 24496457
Prok2,Prokr1,Secreted Signaling,PMID: 24496457
Prok2,Prokr2,Secreted Signaling,PMID: 24496457
Adcyap1,Adcyap1r1,Secreted Signaling,PMID: 21350482
Vip,Vipr1,Secreted Signaling,PMID: 10655512
Vip,Vipr2,Secreted Signaling,KEGG: mmu04080
Nppa,Npr1,Secreted Signaling,KEGG: mmu04080; PMID:29934640
Nppb,Npr1,Secreted Signaling,KEGG: mmu04080; PMID:29934640
Nppc,Npr2,Secreted Signaling,KEGG: mmu04080; PMID:29934640
Kitl,Kit,Secreted Signaling,KEGG: mmu04080
Gcg,Gipr,Secreted Signaling,KEGG: mmu04080
Gip,Gipr,Secreted Signaling,KEGG: mmu04080
Fshb,Fshr,Secreted Signaling,KEGG: mmu04080
Cga,Fshr,Secreted Signaling,KEGG: mmu04080
Lhb,Lhcgr,Secreted Signaling,KEGG: mmu04080
Cga,Lhcgr,Secreted Signaling,KEGG: mmu04080
Tshb,Tshr,Secreted Signaling,KEGG: mmu04080
Cga,Tshr,Secreted Signaling,KEGG: mmu04080
Bdnf,Ntrk2,Secreted Signaling,PMID: 27908981
Ngf,Ntrk1,Secreted Signaling,PMID: 27908981
Flt3l,Flt3,Secreted Signaling,PMID: 25992210
Hgf,Met,Secreted Signaling,PMID: 28475121
Klk1b4,Ntrk1,Secreted Signaling,PMID: 27908981
Ntf3,Ntrk1,Secreted Signaling,PMID: 27908981
Ntf3,Ntrk2,Secreted Signaling,PMID: 27908981
Ntf3,Ntrk3,Secreted Signaling,PMID: 27908981
Ntf5,Ntrk2,Secreted Signaling,PMID: 27908981
Sema3a,Nrp1,Secreted Signaling,PMID: 27533782
Sema3a,Plxna1,Secreted Signaling,PMID: 27533782
Sema3a,Plxna2,Secreted Signaling,PMID: 27533782
Sema3a,Plxna3,Secreted Signaling,PMID: 27533782
Sema3a,Plxna4,Secreted Signaling,PMID: 27533782
Sema3b,Nrp1,Secreted Signaling,PMID: 27533782
Sema3b,Plxna1,Secreted Signaling,PMID: 27533782
Sema3b,Plxna2,Secreted Signaling,PMID: 27533782
Sema3b,Plxna3,Secreted Signaling,PMID: 27533782
Sema3b,Plxna4,Secreted Signaling,PMID: 27533782
Sema3c,Nrp1,Secreted Signaling,PMID: 27533782
Sema3c,Plxna1,Secreted Signaling,PMID: 27533782
Sema3c,Plxna2,Secreted Signaling,PMID: 27533782
Sema3c,Plxna3,Secreted Signaling,PMID: 27533782
Sema3c,Plxna4,Secreted Signaling,PMID: 27533782
Sema3d,Nrp1,Secreted Signaling,PMID: 27533782
Sema3d,Plxna1,Secreted Signaling,PMID: 27533782
Sema3d,Plxna2,Secreted Signaling,PMID: 27533782
Sema3d,Plxna3,Secreted Signaling,PMID: 27533782
Sema3d,Plxna4,Secreted Signaling,PMID: 27533782
Sema3b,Nrp2,Secreted Signaling,PMID: 27533782
Sema3c,Nrp2,Secreted Signaling,PMID: 27533782
Sema3d,Nrp2,Secreted Signaling,PMID: 27533782
Sema3f,Nrp2,Secreted Signaling,PMID: 27533782
Sema3f,Plxna1,Secreted Signaling,PMID: 27533782
Sema3f,Plxna2,Secreted Signaling,PMID: 27533782
Sema3f,Plxna3,Secreted Signaling,PMID: 27533782
Sema3f,Plxna4,Secreted Signaling,PMID: 27533782
Sema3g,Nrp2,Secreted Signaling,PMID: 27533782
Sema3g,Plxna1,Secreted Signaling,PMID: 27533782
Sema3g,Plxna2,Secreted Signaling,PMID: 27533782
Sema3g,Plxna3,Secreted Signaling,PMID: 27533782
Sema3g,Plxna4,Secreted Signaling,PMID: 27533782
Sema3c,Plxnd1,Secreted Signaling,PMID: 27533782
Sema3e,Plxnd1,Secreted Signaling,PMID: 22325954
Agt,Mas1,Secreted Signaling,KEGG: mmu04080
Anxa1,Fpr2,Secreted Signaling,PMID: 23230437
Anxa1,Fpr1,Secreted Signaling,PMID: 23230437
Apela,Aplnr,Secreted Signaling,PMID: 25995451
Crh,Crhr1,Secreted Signaling,KEGG: mmu04080
Crh,Crhr2,Secreted Signaling,KEGG: mmu04080
Enho,Gpr19,Secreted Signaling,PMID: 28476646
Gas6,Axl,Secreted Signaling,PMID: 27801848
Gas6,Mertk,Secreted Signaling,PMID: 27801848
Gas6,Tyro3,Secreted Signaling,PMID: 27801848
Gcg,Gcgr,Secreted Signaling,KEGG: mmu04080
Gcg,Glp1r,Secreted Signaling,KEGG: mmu04080
Gcg,Glp2r,Secreted Signaling,KEGG: mmu04080
Gh,Prlr,Secreted Signaling,PMID: 23192981
Ghrh,Vipr1,Secreted Signaling,PMID: 10655511
Ghrh,Vipr2,Secreted Signaling,PMID: 10655511
Ghrh,Ghsr,Secreted Signaling,PMID: 19088192
Ghrh,Ghrhr,Secreted Signaling,PMID: 26917260
Gnrh1,Gnrhr,Secreted Signaling,PMID: 19640273
Grn,Sort1,Secreted Signaling,PMID: 29555433
Guca2a,Gucy2c,Secreted Signaling,PMID: 22384056
Guca2b,Gucy2c,Secreted Signaling,PMID: 22384056
Insl3,Rxfp2,Secreted Signaling,KEGG: mmu04080
Insl3,Rxfp1,Secreted Signaling,KEGG: mmu04080
Insl3,Rxfp4,Secreted Signaling,KEGG: mmu04080
Insl3,Rxfp3,Secreted Signaling,KEGG: mmu04080
Insl5,Rxfp4,Secreted Signaling,KEGG: mmu04080
Insl5,Rxfp3,Secreted Signaling,KEGG: mmu04080
Insl5,Rxfp2,Secreted Signaling,KEGG: mmu04080
Insl5,Rxfp1,Secreted Signaling,KEGG: mmu04080
Lep,Lepr,Secreted Signaling,KEGG: mmu04080
Lgals9,Ptprc,Secreted Signaling,PMID: 30120235
Lgals9,Ighm,Secreted Signaling,PMID: 30120235
Nps,Npsr1,Secreted Signaling,PMID: 19732772
Npvf,Npffr1,Secreted Signaling,PMID: 29106375
Npvf,Npffr2,Secreted Signaling,PMID: 29106375
Ostn,Npr3,Secreted Signaling,PMID: 29326144
Pmch,Mertk,Secreted Signaling,PMID: 30501104
Pros1,Axl,Secreted Signaling,PMID: 29531161
Pros1,Tyro3,Secreted Signaling,PMID: 30501104
Psap,Gpr37l1,Secreted Signaling,PMID: 23690594
Psap,Gpr37,Secreted Signaling,PMID: 23690594
Pth,Pth1r,Secreted Signaling,KEGG: mmu04080
Pth,Pth2r,Secreted Signaling,KEGG: mmu04080
Pth2,Pth1r,Secreted Signaling,KEGG: mmu04080
Pth2,Pth2r,Secreted Signaling,KEGG: mmu04080
Pthlh,Pth1r,Secreted Signaling,PMID: 29577935
Qrfp,Qrfpr,Secreted Signaling,PMID: 25386115
Rarres2,Cmklr1,Secreted Signaling,PMID: 24671882
Rln1,Rxfp2,Secreted Signaling,KEGG: mmu04080
Rln1,Rxfp1,Secreted Signaling,KEGG: mmu04080
Rln1,Rxfp3,Secreted Signaling,KEGG: mmu04080
Rln1,Rxfp4,Secreted Signaling,KEGG: mmu04080
Rln3,Rxfp3,Secreted Signaling,KEGG: mmu04080
Rln3,Rxfp1,Secreted Signaling,KEGG: mmu04080
Rln3,Rxfp4,Secreted Signaling,KEGG: mmu04080
Rln3,Rxfp2,Secreted Signaling,KEGG: mmu04080
Saa2,Fpr2,Secreted Signaling,PMID: 22610094
Scgb3a2,Marco,Secreted Signaling,PMID: 12847263
Sct,Sctr,Secreted Signaling,KEGG: mmu04080
Slurp1,Chrnb1,Secreted Signaling,KEGG: mmu04080
Slurp1,Chrnb2,Secreted Signaling,KEGG: mmu04080
Slurp1,Chrnb3,Secreted Signaling,KEGG: mmu04080
Slurp1,Chrnb4,Secreted Signaling,KEGG: mmu04080
Slurp1,Chrna1,Secreted Signaling,KEGG: mmu04080
Slurp1,Chrna2,Secreted Signaling,KEGG: mmu04080
Slurp1,Chrna3,Secreted Signaling,KEGG: mmu04080
Slurp1,Chrna4,Secreted Signaling,KEGG: mmu04080
Slurp1,Chrna5,Secreted Signaling,KEGG: mmu04080
Slurp1,Chrna6,Secreted Signaling,KEGG: mmu04080
Slurp1,Chrna9,Secreted Signaling,KEGG: mmu04080
Slurp1,Chrna10,Secreted Signaling,KEGG: mmu04080
Slurp1,Chrnd,Secreted Signaling,KEGG: mmu04080
Slurp1,Chrne,Secreted Signaling,KEGG: mmu04080
Slurp1,Chrng,Secreted Signaling,KEGG: mmu04080
Slurp1,Chrna7,Secreted Signaling,KEGG: mmu04080; PMID: 29545933;
Slurp2,Chrnb1,Secreted Signaling,KEGG: mmu04080
Slurp2,Chrnb2,Secreted Signaling,KEGG: mmu04080
Slurp2,Chrnb3,Secreted Signaling,KEGG: mmu04080
Slurp2,Chrnb4,Secreted Signaling,KEGG: mmu04080
Slurp2,Chrna1,Secreted Signaling,KEGG: mmu04080
Slurp2,Chrna2,Secreted Signaling,KEGG: mmu04080
Slurp2,Chrna3,Secreted Signaling,KEGG: mmu04080
Slurp2,Chrna4,Secreted Signaling,KEGG: mmu04080
Slurp2,Chrna5,Secreted Signaling,KEGG: mmu04080
Slurp2,Chrna6,Secreted Signaling,KEGG: mmu04080
Slurp2,Chrna7,Secreted Signaling,KEGG: mmu04080
Slurp2,Chrna9,Secreted Signaling,KEGG: mmu04080
Slurp2,Chrna10,Secreted Signaling,KEGG: mmu04080
Slurp2,Chrnd,Secreted Signaling,KEGG: mmu04080
Slurp2,Chrne,Secreted Signaling,KEGG: mmu04080
Slurp2,Chrng,Secreted Signaling,KEGG: mmu04080
Btla,Tnfrsf14,Secreted Signaling,PMID: 21941365
Trh,Trhr,Secreted Signaling,KEGG: mmu04080
Trh,Trhr2,Secreted Signaling,KEGG: mmu04080
Ucn,Crhr1,Secreted Signaling,KEGG: mmu04080
Ucn,Crhr2,Secreted Signaling,KEGG: mmu04080
Ucn2,Crhr1,Secreted Signaling,KEGG: mmu04080
Ucn2,Crhr2,Secreted Signaling,KEGG: mmu04080
Ucn3,Crhr1,Secreted Signaling,KEGG: mmu04080
Ucn3,Crhr2,Secreted Signaling,KEGG: mmu04080
Uts2b,Uts2r,Secreted Signaling,PMID: 31556942
Uts2b,Sstr5,Secreted Signaling,PMID: 31556942
Bag6,Ncr3-ps,Secreted Signaling,PMID: 30021652
Lgals9,Havcr2,Secreted Signaling,PMID: 27192565
Lgals9,Cd44,Secreted Signaling,PMID: 25065622
Col1a1,Itga1,ECM-Receptor,KEGG: mmu04512
Col1a1,Itgb1,ECM-Receptor,KEGG: mmu04512
Col1a2,Itga1,ECM-Receptor,KEGG: mmu04512
Col1a2,Itgb1,ECM-Receptor,KEGG: mmu04512
Col2a1,Itga1,ECM-Receptor,KEGG: mmu04512
Col2a1,Itgb1,ECM-Receptor,KEGG: mmu04512
Col4a1,Itga1,ECM-Receptor,KEGG: mmu04512
Col4a1,Itgb1,ECM-Receptor,KEGG: mmu04512
Col4a2,Itga1,ECM-Receptor,KEGG: mmu04512
Col4a2,Itgb1,ECM-Receptor,KEGG: mmu04512
Col4a3,Itga1,ECM-Receptor,KEGG: mmu04512
Col4a3,Itgb1,ECM-Receptor,KEGG: mmu04512
Col4a4,Itga1,ECM-Receptor,KEGG: mmu04512
Col4a4,Itgb1,ECM-Receptor,KEGG: mmu04512
Col4a5,Itga1,ECM-Receptor,KEGG: mmu04512
Col4a5,Itgb1,ECM-Receptor,KEGG: mmu04512
Col4a6,Itga1,ECM-Receptor,KEGG: mmu04512
Col4a6,Itgb1,ECM-Receptor,KEGG: mmu04512
Col6a1,Itga1,ECM-Receptor,KEGG: mmu04512
Col6a1,Itgb1,ECM-Receptor,KEGG: mmu04512
Col6a2,Itga1,ECM-Receptor,KEGG: mmu04512
Col6a2,Itgb1,ECM-Receptor,KEGG: mmu04512
Col6a3,Itga1,ECM-Receptor,KEGG: mmu04512
Col6a3,Itgb1,ECM-Receptor,KEGG: mmu04512
Col6a4,Itga1,ECM-Receptor,KEGG: mmu04512
Col6a4,Itgb1,ECM-Receptor,KEGG: mmu04512
Col6a5,Itga1,ECM-Receptor,KEGG: mmu04512
Col6a5,Itgb1,ECM-Receptor,KEGG: mmu04512
Col6a6,Itga1,ECM-Receptor,KEGG: mmu04512
Col6a6,Itgb1,ECM-Receptor,KEGG: mmu04512
Col9a1,Itga1,ECM-Receptor,KEGG: mmu04512
Col9a1,Itgb1,ECM-Receptor,KEGG: mmu04512
Col9a2,Itga1,ECM-Receptor,KEGG: mmu04512
Col9a2,Itgb1,ECM-Receptor,KEGG: mmu04512
Col9a3,Itga1,ECM-Receptor,KEGG: mmu04512
Col9a3,Itgb1,ECM-Receptor,KEGG: mmu04512
Col1a1,Itga2,ECM-Receptor,KEGG: mmu04512
Col1a2,Itga2,ECM-Receptor,KEGG: mmu04512
Col2a1,Itga2,ECM-Receptor,KEGG: mmu04512
Col4a1,Itga2,ECM-Receptor,KEGG: mmu04512
Col4a2,Itga2,ECM-Receptor,KEGG: mmu04512
Col4a3,Itga2,ECM-Receptor,KEGG: mmu04512
Col4a4,Itga2,ECM-Receptor,KEGG: mmu04512
Col4a5,Itga2,ECM-Receptor,KEGG: mmu04512
Col4a6,Itga2,ECM-Receptor,KEGG: mmu04512
Col6a1,Itga2,ECM-Receptor,KEGG: mmu04512
Col6a2,Itga2,ECM-Receptor,KEGG: mmu04512
Col6a3,Itga2,ECM-Receptor,KEGG: mmu04512
Col6a4,Itga2,ECM-Receptor,KEGG: mmu04512
Col6a5,Itga2,ECM-Receptor,KEGG: mmu04512
Col6a6,Itga2,ECM-Receptor,KEGG: mmu04512
Col9a1,Itga2,ECM-Receptor,KEGG: mmu04512
Col9a2,Itga2,ECM-Receptor,KEGG: mmu04512
Col9a3,Itga2,ECM-Receptor,KEGG: mmu04512
Fn1,Itga3,ECM-Receptor,KEGG: mmu04512
Fn1,Itgb1,ECM-Receptor,KEGG: mmu04512
Fn1,Itga4,ECM-Receptor,KEGG: mmu04512
Fn1,Itga5,ECM-Receptor,KEGG: mmu04512
Fn1,Itga8,ECM-Receptor,KEGG: mmu04512
Lama1,Itga1,ECM-Receptor,KEGG: mmu04512
Lama1,Itgb1,ECM-Receptor,KEGG: mmu04512
Lama2,Itga1,ECM-Receptor,KEGG: mmu04512
Lama2,Itgb1,ECM-Receptor,KEGG: mmu04512
Lama3,Itga1,ECM-Receptor,KEGG: mmu04512
Lama3,Itgb1,ECM-Receptor,KEGG: mmu04512
Lama4,Itga1,ECM-Receptor,KEGG: mmu04512
Lama4,Itgb1,ECM-Receptor,KEGG: mmu04512
Lama5,Itga1,ECM-Receptor,KEGG: mmu04512
Lama5,Itgb1,ECM-Receptor,KEGG: mmu04512
Lamb1,Itga1,ECM-Receptor,KEGG: mmu04512
Lamb1,Itgb1,ECM-Receptor,KEGG: mmu04512
Lamb2,Itga1,ECM-Receptor,KEGG: mmu04512
Lamb2,Itgb1,ECM-Receptor,KEGG: mmu04512
Lamb3,Itga1,ECM-Receptor,KEGG: mmu04512
Lamb3,Itgb1,ECM-Receptor,KEGG: mmu04512
Lamc1,Itga1,ECM-Receptor,KEGG: mmu04512
Lamc1,Itgb1,ECM-Receptor,KEGG: mmu04512
Lamc2,Itga1,ECM-Receptor,KEGG: mmu04512
Lamc2,Itgb1,ECM-Receptor,KEGG: mmu04512
Lamc3,Itga1,ECM-Receptor,KEGG: mmu04512
Lamc3,Itgb1,ECM-Receptor,KEGG: mmu04512
Lama1,Itga2,ECM-Receptor,KEGG: mmu04512
Lama2,Itga2,ECM-Receptor,KEGG: mmu04512
Lama3,Itga2,ECM-Receptor,KEGG: mmu04512
Lama4,Itga2,ECM-Receptor,KEGG: mmu04512
Lama5,Itga2,ECM-Receptor,KEGG: mmu04512
Lamb1,Itga2,ECM-Receptor,KEGG: mmu04512
Lamb2,Itga2,ECM-Receptor,KEGG: mmu04512
Lamb3,Itga2,ECM-Receptor,KEGG: mmu04512
Lamc1,Itga2,ECM-Receptor,KEGG: mmu04512
Lamc2,Itga2,ECM-Receptor,KEGG: mmu04512
Lamc3,Itga2,ECM-Receptor,KEGG: mmu04512
Chad,Itga2,ECM-Receptor,KEGG: mmu04512
Chad,Itgb1,ECM-Receptor,KEGG: mmu04512
Lama1,Itga3,ECM-Receptor,KEGG: mmu04512
Lama2,Itga3,ECM-Receptor,KEGG: mmu04512
Lama3,Itga3,ECM-Receptor,KEGG: mmu04512
Lama4,Itga3,ECM-Receptor,KEGG: mmu04512
Lama5,Itga3,ECM-Receptor,KEGG: mmu04512
Lamb1,Itga3,ECM-Receptor,KEGG: mmu04512
Lamb2,Itga3,ECM-Receptor,KEGG: mmu04512
Lamb3,Itga3,ECM-Receptor,KEGG: mmu04512
Lamc1,Itga3,ECM-Receptor,KEGG: mmu04512
Lamc2,Itga3,ECM-Receptor,KEGG: mmu04512
Lamc3,Itga3,ECM-Receptor,KEGG: mmu04512
Reln,Itga3,ECM-Receptor,KEGG: mmu04512
Reln,Itgb1,ECM-Receptor,KEGG: mmu04512
Thbs1,Itga3,ECM-Receptor,KEGG: mmu04512
Thbs1,Itgb1,ECM-Receptor,KEGG: mmu04512
Thbs2,Itga3,ECM-Receptor,KEGG: mmu04512
Thbs2,Itgb1,ECM-Receptor,KEGG: mmu04512
Thbs3,Itga3,ECM-Receptor,KEGG: mmu04512
Thbs3,Itgb1,ECM-Receptor,KEGG: mmu04512
Thbs4,Itga3,ECM-Receptor,KEGG: mmu04512
Thbs4,Itgb1,ECM-Receptor,KEGG: mmu04512
Comp,Itga3,ECM-Receptor,KEGG: mmu04512
Comp,Itgb1,ECM-Receptor,KEGG: mmu04512
Col1a1,Itga3,ECM-Receptor,KEGG: mmu04512
Col1a2,Itga3,ECM-Receptor,KEGG: mmu04512
Col2a1,Itga3,ECM-Receptor,KEGG: mmu04512
Col4a1,Itga3,ECM-Receptor,KEGG: mmu04512
Col4a2,Itga3,ECM-Receptor,KEGG: mmu04512
Col4a3,Itga3,ECM-Receptor,KEGG: mmu04512
Col4a4,Itga3,ECM-Receptor,KEGG: mmu04512
Col4a5,Itga3,ECM-Receptor,KEGG: mmu04512
Col4a6,Itga3,ECM-Receptor,KEGG: mmu04512
Col6a1,Itga3,ECM-Receptor,KEGG: mmu04512
Col6a2,Itga3,ECM-Receptor,KEGG: mmu04512
Col6a3,Itga3,ECM-Receptor,KEGG: mmu04512
Col6a4,Itga3,ECM-Receptor,KEGG: mmu04512
Col6a5,Itga3,ECM-Receptor,KEGG: mmu04512
Col6a6,Itga3,ECM-Receptor,KEGG: mmu04512
Col9a1,Itga3,ECM-Receptor,KEGG: mmu04512
Col9a2,Itga3,ECM-Receptor,KEGG: mmu04512
Col9a3,Itga3,ECM-Receptor,KEGG: mmu04512
Lama1,Itga6,ECM-Receptor,KEGG: mmu04512
Lama2,Itga6,ECM-Receptor,KEGG: mmu04512
Lama3,Itga6,ECM-Receptor,KEGG: mmu04512
Lama4,Itga6,ECM-Receptor,KEGG: mmu04512
Lama5,Itga6,ECM-Receptor,KEGG: mmu04512
Lamb1,Itga6,ECM-Receptor,KEGG: mmu04512
Lamb2,Itga6,ECM-Receptor,KEGG: mmu04512
Lamb3,Itga6,ECM-Receptor,KEGG: mmu04512
Lamc1,Itga6,ECM-Receptor,KEGG: mmu04512
Lamc2,Itga6,ECM-Receptor,KEGG: mmu04512
Lamc3,Itga6,ECM-Receptor,KEGG: mmu04512
Lama1,Itga7,ECM-Receptor,KEGG: mmu04512
Lama2,Itga7,ECM-Receptor,KEGG: mmu04512
Lama3,Itga7,ECM-Receptor,KEGG: mmu04512
Lama4,Itga7,ECM-Receptor,KEGG: mmu04512
Lama5,Itga7,ECM-Receptor,KEGG: mmu04512
Lamb1,Itga7,ECM-Receptor,KEGG: mmu04512
Lamb2,Itga7,ECM-Receptor,KEGG: mmu04512
Lamb3,Itga7,ECM-Receptor,KEGG: mmu04512
Lamc1,Itga7,ECM-Receptor,KEGG: mmu04512
Lamc2,Itga7,ECM-Receptor,KEGG: mmu04512
Lamc3,Itga7,ECM-Receptor,KEGG: mmu04512
Vtn,Itga8,ECM-Receptor,KEGG: mmu04512
Vtn,Itgb1,ECM-Receptor,KEGG: mmu04512
Tnc,Itga8,ECM-Receptor,KEGG: mmu04512
Tnc,Itgb1,ECM-Receptor,KEGG: mmu04512
Tnr,Itga8,ECM-Receptor,KEGG: mmu04512
Tnr,Itgb1,ECM-Receptor,KEGG: mmu04512
Tnn,Itga8,ECM-Receptor,KEGG: mmu04512
Tnn,Itgb1,ECM-Receptor,KEGG: mmu04512
Tnxb,Itga8,ECM-Receptor,KEGG: mmu04512
Tnxb,Itgb1,ECM-Receptor,KEGG: mmu04512
Npnt,Itga8,ECM-Receptor,KEGG: mmu04512
Npnt,Itgb1,ECM-Receptor,KEGG: mmu04512
Fras1,Itga8,ECM-Receptor,KEGG: mmu04512
Fras1,Itgb1,ECM-Receptor,KEGG: mmu04512
Frem1,Itga8,ECM-Receptor,KEGG: mmu04512
Frem1,Itgb1,ECM-Receptor,KEGG: mmu04512
Frem2,Itga8,ECM-Receptor,KEGG: mmu04512
Frem2,Itgb1,ECM-Receptor,KEGG: mmu04512
Tnc,Itga9,ECM-Receptor,KEGG: mmu04512
Tnr,Itga9,ECM-Receptor,KEGG: mmu04512
Tnn,Itga9,ECM-Receptor,KEGG: mmu04512
Tnxb,Itga9,ECM-Receptor,KEGG: mmu04512
Col1a1,Itga9,ECM-Receptor,KEGG: mmu04512
Col1a2,Itga9,ECM-Receptor,KEGG: mmu04512
Col2a1,Itga9,ECM-Receptor,KEGG: mmu04512
Col4a1,Itga9,ECM-Receptor,KEGG: mmu04512
Col4a2,Itga9,ECM-Receptor,KEGG: mmu04512
Col4a3,Itga9,ECM-Receptor,KEGG: mmu04512
Col4a4,Itga9,ECM-Receptor,KEGG: mmu04512
Col4a5,Itga9,ECM-Receptor,KEGG: mmu04512
Col4a6,Itga9,ECM-Receptor,KEGG: mmu04512
Col6a1,Itga9,ECM-Receptor,KEGG: mmu04512
Col6a2,Itga9,ECM-Receptor,KEGG: mmu04512
Col6a3,Itga9,ECM-Receptor,KEGG: mmu04512
Col6a4,Itga9,ECM-Receptor,KEGG: mmu04512
Col6a5,Itga9,ECM-Receptor,KEGG: mmu04512
Col6a6,Itga9,ECM-Receptor,KEGG: mmu04512
Col9a1,Itga9,ECM-Receptor,KEGG: mmu04512
Col9a2,Itga9,ECM-Receptor,KEGG: mmu04512
Col9a3,Itga9,ECM-Receptor,KEGG: mmu04512
Lama1,Itga9,ECM-Receptor,KEGG: mmu04512
Lama2,Itga9,ECM-Receptor,KEGG: mmu04512
Lama3,Itga9,ECM-Receptor,KEGG: mmu04512
Lama4,Itga9,ECM-Receptor,KEGG: mmu04512
Lama5,Itga9,ECM-Receptor,KEGG: mmu04512
Lamb1,Itga9,ECM-Receptor,KEGG: mmu04512
Lamb2,Itga9,ECM-Receptor,KEGG: mmu04512
Lamb3,Itga9,ECM-Receptor,KEGG: mmu04512
Lamc1,Itga9,ECM-Receptor,KEGG: mmu04512
Lamc2,Itga9,ECM-Receptor,KEGG: mmu04512
Lamc3,Itga9,ECM-Receptor,KEGG: mmu04512
Col1a1,Itga10,ECM-Receptor,KEGG: mmu04512
Col1a2,Itga10,ECM-Receptor,KEGG: mmu04512
Col2a1,Itga10,ECM-Receptor,KEGG: mmu04512
Col4a1,Itga10,ECM-Receptor,KEGG: mmu04512
Col4a2,Itga10,ECM-Receptor,KEGG: mmu04512
Col4a3,Itga10,ECM-Receptor,KEGG: mmu04512
Col4a4,Itga10,ECM-Receptor,KEGG: mmu04512
Col4a5,Itga10,ECM-Receptor,KEGG: mmu04512
Col4a6,Itga10,ECM-Receptor,KEGG: mmu04512
Col6a1,Itga10,ECM-Receptor,KEGG: mmu04512
Col6a2,Itga10,ECM-Receptor,KEGG: mmu04512
Col6a3,Itga10,ECM-Receptor,KEGG: mmu04512
Col6a4,Itga10,ECM-Receptor,KEGG: mmu04512
Col6a5,Itga10,ECM-Receptor,KEGG: mmu04512
Col6a6,Itga10,ECM-Receptor,KEGG: mmu04512
Col9a1,Itga10,ECM-Receptor,KEGG: mmu04512
Col9a2,Itga10,ECM-Receptor,KEGG: mmu04512
Col9a3,Itga10,ECM-Receptor,KEGG: mmu04512
Col1a1,Itga11,ECM-Receptor,KEGG: mmu04512
Col1a2,Itga11,ECM-Receptor,KEGG: mmu04512
Col2a1,Itga11,ECM-Receptor,KEGG: mmu04512
Col4a1,Itga11,ECM-Receptor,KEGG: mmu04512
Col4a2,Itga11,ECM-Receptor,KEGG: mmu04512
Col4a3,Itga11,ECM-Receptor,KEGG: mmu04512
Col4a4,Itga11,ECM-Receptor,KEGG: mmu04512
Col4a5,Itga11,ECM-Receptor,KEGG: mmu04512
Col4a6,Itga11,ECM-Receptor,KEGG: mmu04512
Col6a1,Itga11,ECM-Receptor,KEGG: mmu04512
Col6a2,Itga11,ECM-Receptor,KEGG: mmu04512
Col6a3,Itga11,ECM-Receptor,KEGG: mmu04512
Col6a4,Itga11,ECM-Receptor,KEGG: mmu04512
Col6a5,Itga11,ECM-Receptor,KEGG: mmu04512
Col6a6,Itga11,ECM-Receptor,KEGG: mmu04512
Col9a1,Itga11,ECM-Receptor,KEGG: mmu04512
Col9a2,Itga11,ECM-Receptor,KEGG: mmu04512
Col9a3,Itga11,ECM-Receptor,KEGG: mmu04512
Fn1,Itgav,ECM-Receptor,KEGG: mmu04512
Vtn,Itgav,ECM-Receptor,KEGG: mmu04512
Dspp,Itgav,ECM-Receptor,KEGG: mmu04512
Dspp,Itgb1,ECM-Receptor,KEGG: mmu04512
Fn1,Itgb7,ECM-Receptor,KEGG: mmu04512
Fn1,Itgb3,ECM-Receptor,KEGG: mmu04512
Vtn,Itgb3,ECM-Receptor,KEGG: mmu04512
Vwf,Itgav,ECM-Receptor,KEGG: mmu04512
Vwf,Itgb3,ECM-Receptor,KEGG: mmu04512
Tnc,Itgav,ECM-Receptor,KEGG: mmu04512
Tnc,Itgb3,ECM-Receptor,KEGG: mmu04512
Tnr,Itgav,ECM-Receptor,KEGG: mmu04512
Tnr,Itgb3,ECM-Receptor,KEGG: mmu04512
Tnn,Itgav,ECM-Receptor,KEGG: mmu04512
Tnn,Itgb3,ECM-Receptor,KEGG: mmu04512
Tnxb,Itgav,ECM-Receptor,KEGG: mmu04512
Tnxb,Itgb3,ECM-Receptor,KEGG: mmu04512
Ibsp,Itgav,ECM-Receptor,KEGG: mmu04512
Ibsp,Itgb3,ECM-Receptor,KEGG: mmu04512
Thbs1,Itgav,ECM-Receptor,KEGG: mmu04512
Thbs1,Itgb3,ECM-Receptor,KEGG: mmu04512
Thbs2,Itgav,ECM-Receptor,KEGG: mmu04512
Thbs2,Itgb3,ECM-Receptor,KEGG: mmu04512
Thbs3,Itgav,ECM-Receptor,KEGG: mmu04512
Thbs3,Itgb3,ECM-Receptor,KEGG: mmu04512
Thbs4,Itgav,ECM-Receptor,KEGG: mmu04512
Thbs4,Itgb3,ECM-Receptor,KEGG: mmu04512
Comp,Itgav,ECM-Receptor,KEGG: mmu04512
Comp,Itgb3,ECM-Receptor,KEGG: mmu04512
Dmp1,Itgav,ECM-Receptor,KEGG: mmu04512
Dmp1,Itgb3,ECM-Receptor,KEGG: mmu04512
Fn1,Itga2b,ECM-Receptor,KEGG: mmu04512
Vtn,Itga2b,ECM-Receptor,KEGG: mmu04512
Vwf,Itga2b,ECM-Receptor,KEGG: mmu04512
Tnc,Itga2b,ECM-Receptor,KEGG: mmu04512
Tnr,Itga2b,ECM-Receptor,KEGG: mmu04512
Tnn,Itga2b,ECM-Receptor,KEGG: mmu04512
Tnxb,Itga2b,ECM-Receptor,KEGG: mmu04512
Vtn,Itgb5,ECM-Receptor,KEGG: mmu04512
Ibsp,Itgb5,ECM-Receptor,KEGG: mmu04512
Tnc,Itgb6,ECM-Receptor,KEGG: mmu04512
Tnr,Itgb6,ECM-Receptor,KEGG: mmu04512
Tnn,Itgb6,ECM-Receptor,KEGG: mmu04512
Tnxb,Itgb6,ECM-Receptor,KEGG: mmu04512
Fn1,Itgb6,ECM-Receptor,KEGG: mmu04512
Dspp,Itgb6,ECM-Receptor,KEGG: mmu04512
Vtn,Itgb8,ECM-Receptor,KEGG: mmu04512
Fn1,Itgb8,ECM-Receptor,KEGG: mmu04512
Lama1,Itgav,ECM-Receptor,KEGG: mmu04512
Lama1,Itgb8,ECM-Receptor,KEGG: mmu04512
Lama2,Itgav,ECM-Receptor,KEGG: mmu04512
Lama2,Itgb8,ECM-Receptor,KEGG: mmu04512
Lama3,Itgav,ECM-Receptor,KEGG: mmu04512
Lama3,Itgb8,ECM-Receptor,KEGG: mmu04512
Lama4,Itgav,ECM-Receptor,KEGG: mmu04512
Lama4,Itgb8,ECM-Receptor,KEGG: mmu04512
Lama5,Itgav,ECM-Receptor,KEGG: mmu04512
Lama5,Itgb8,ECM-Receptor,KEGG: mmu04512
Lamb1,Itgav,ECM-Receptor,KEGG: mmu04512
Lamb1,Itgb8,ECM-Receptor,KEGG: mmu04512
Lamb2,Itgav,ECM-Receptor,KEGG: mmu04512
Lamb2,Itgb8,ECM-Receptor,KEGG: mmu04512
Lamb3,Itgav,ECM-Receptor,KEGG: mmu04512
Lamb3,Itgb8,ECM-Receptor,KEGG: mmu04512
Lamc1,Itgav,ECM-Receptor,KEGG: mmu04512
Lamc1,Itgb8,ECM-Receptor,KEGG: mmu04512
Lamc2,Itgav,ECM-Receptor,KEGG: mmu04512
Lamc2,Itgb8,ECM-Receptor,KEGG: mmu04512
Lamc3,Itgav,ECM-Receptor,KEGG: mmu04512
Lamc3,Itgb8,ECM-Receptor,KEGG: mmu04512
Col1a1,Itgav,ECM-Receptor,KEGG: mmu04512
Col1a1,Itgb8,ECM-Receptor,KEGG: mmu04512
Col1a2,Itgav,ECM-Receptor,KEGG: mmu04512
Col1a2,Itgb8,ECM-Receptor,KEGG: mmu04512
Col2a1,Itgav,ECM-Receptor,KEGG: mmu04512
Col2a1,Itgb8,ECM-Receptor,KEGG: mmu04512
Col4a1,Itgav,ECM-Receptor,KEGG: mmu04512
Col4a1,Itgb8,ECM-Receptor,KEGG: mmu04512
Col4a2,Itgav,ECM-Receptor,KEGG: mmu04512
Col4a2,Itgb8,ECM-Receptor,KEGG: mmu04512
Col4a3,Itgav,ECM-Receptor,KEGG: mmu04512
Col4a3,Itgb8,ECM-Receptor,KEGG: mmu04512
Col4a4,Itgav,ECM-Receptor,KEGG: mmu04512
Col4a4,Itgb8,ECM-Receptor,KEGG: mmu04512
Col4a5,Itgav,ECM-Receptor,KEGG: mmu04512
Col4a5,Itgb8,ECM-Receptor,KEGG: mmu04512
Col4a6,Itgav,ECM-Receptor,KEGG: mmu04512
Col4a6,Itgb8,ECM-Receptor,KEGG: mmu04512
Col6a1,Itgav,ECM-Receptor,KEGG: mmu04512
Col6a1,Itgb8,ECM-Receptor,KEGG: mmu04512
Col6a2,Itgav,ECM-Receptor,KEGG: mmu04512
Col6a2,Itgb8,ECM-Receptor,KEGG: mmu04512
Col6a3,Itgav,ECM-Receptor,KEGG: mmu04512
Col6a3,Itgb8,ECM-Receptor,KEGG: mmu04512
Col6a4,Itgav,ECM-Receptor,KEGG: mmu04512
Col6a4,Itgb8,ECM-Receptor,KEGG: mmu04512
Col6a5,Itgav,ECM-Receptor,KEGG: mmu04512
Col6a5,Itgb8,ECM-Receptor,KEGG: mmu04512
Col6a6,Itgav,ECM-Receptor,KEGG: mmu04512
Col6a6,Itgb8,ECM-Receptor,KEGG: mmu04512
Col9a1,Itgav,ECM-Receptor,KEGG: mmu04512
Col9a1,Itgb8,ECM-Receptor,KEGG: mmu04512
Col9a2,Itgav,ECM-Receptor,KEGG: mmu04512
Col9a2,Itgb8,ECM-Receptor,KEGG: mmu04512
Col9a3,Itgav,ECM-Receptor,KEGG: mmu04512
Col9a3,Itgb8,ECM-Receptor,KEGG: mmu04512
Lama1,Itgb4,ECM-Receptor,KEGG: mmu04512
Lama2,Itgb4,ECM-Receptor,KEGG: mmu04512
Lama3,Itgb4,ECM-Receptor,KEGG: mmu04512
Lama4,Itgb4,ECM-Receptor,KEGG: mmu04512
Lama5,Itgb4,ECM-Receptor,KEGG: mmu04512
Lamb1,Itgb4,ECM-Receptor,KEGG: mmu04512
Lamb2,Itgb4,ECM-Receptor,KEGG: mmu04512
Lamb3,Itgb4,ECM-Receptor,KEGG: mmu04512
Lamc1,Itgb4,ECM-Receptor,KEGG: mmu04512
Lamc2,Itgb4,ECM-Receptor,KEGG: mmu04512
Lamc3,Itgb4,ECM-Receptor,KEGG: mmu04512
Fn1,Cd44,ECM-Receptor,KEGG: mmu04512
Col1a1,Cd44,ECM-Receptor,KEGG: mmu04512
Col1a2,Cd44,ECM-Receptor,KEGG: mmu04512
Col2a1,Cd44,ECM-Receptor,KEGG: mmu04512
Col4a1,Cd44,ECM-Receptor,KEGG: mmu04512
Col4a2,Cd44,ECM-Receptor,KEGG: mmu04512
Col4a3,Cd44,ECM-Receptor,KEGG: mmu04512
Col4a4,Cd44,ECM-Receptor,KEGG: mmu04512
Col4a5,Cd44,ECM-Receptor,KEGG: mmu04512
Col4a6,Cd44,ECM-Receptor,KEGG: mmu04512
Col6a1,Cd44,ECM-Receptor,KEGG: mmu04512
Col6a2,Cd44,ECM-Receptor,KEGG: mmu04512
Col6a3,Cd44,ECM-Receptor,KEGG: mmu04512
Col6a4,Cd44,ECM-Receptor,KEGG: mmu04512
Col6a5,Cd44,ECM-Receptor,KEGG: mmu04512
Col6a6,Cd44,ECM-Receptor,KEGG: mmu04512
Col9a1,Cd44,ECM-Receptor,KEGG: mmu04512
Col9a2,Cd44,ECM-Receptor,KEGG: mmu04512
Col9a3,Cd44,ECM-Receptor,KEGG: mmu04512
Lama1,Cd44,ECM-Receptor,KEGG: mmu04512
Lama2,Cd44,ECM-Receptor,KEGG: mmu04512
Lama3,Cd44,ECM-Receptor,KEGG: mmu04512
Lama4,Cd44,ECM-Receptor,KEGG: mmu04512
Lama5,Cd44,ECM-Receptor,KEGG: mmu04512
Lamb1,Cd44,ECM-Receptor,KEGG: mmu04512
Lamb2,Cd44,ECM-Receptor,KEGG: mmu04512
Lamb3,Cd44,ECM-Receptor,KEGG: mmu04512
Lamc1,Cd44,ECM-Receptor,KEGG: mmu04512
Lamc2,Cd44,ECM-Receptor,KEGG: mmu04512
Lamc3,Cd44,ECM-Receptor,KEGG: mmu04512
Col1a1,Sdc1,ECM-Receptor,KEGG: mmu04512
Col1a2,Sdc1,ECM-Receptor,KEGG: mmu04512
Col2a1,Sdc1,ECM-Receptor,KEGG: mmu04512
Col4a1,Sdc1,ECM-Receptor,KEGG: mmu04512
Col4a2,Sdc1,ECM-Receptor,KEGG: mmu04512
Col4a3,Sdc1,ECM-Receptor,KEGG: mmu04512
Col4a4,Sdc1,ECM-Receptor,KEGG: mmu04512
Col4a5,Sdc1,ECM-Receptor,KEGG: mmu04512
Col4a6,Sdc1,ECM-Receptor,KEGG: mmu04512
Col6a1,Sdc1,ECM-Receptor,KEGG: mmu04512
Col6a2,Sdc1,ECM-Receptor,KEGG: mmu04512
Col6a3,Sdc1,ECM-Receptor,KEGG: mmu04512
Col6a4,Sdc1,ECM-Receptor,KEGG: mmu04512
Col6a5,Sdc1,ECM-Receptor,KEGG: mmu04512
Col6a6,Sdc1,ECM-Receptor,KEGG: mmu04512
Col9a1,Sdc1,ECM-Receptor,KEGG: mmu04512
Col9a2,Sdc1,ECM-Receptor,KEGG: mmu04512
Col9a3,Sdc1,ECM-Receptor,KEGG: mmu04512
Fn1,Sdc1,ECM-Receptor,KEGG: mmu04512
Tnc,Sdc1,ECM-Receptor,KEGG: mmu04512
Tnr,Sdc1,ECM-Receptor,KEGG: mmu04512
Tnn,Sdc1,ECM-Receptor,KEGG: mmu04512
Tnxb,Sdc1,ECM-Receptor,KEGG: mmu04512
Thbs1,Sdc1,ECM-Receptor,KEGG: mmu04512
Thbs2,Sdc1,ECM-Receptor,KEGG: mmu04512
Thbs3,Sdc1,ECM-Receptor,KEGG: mmu04512
Thbs4,Sdc1,ECM-Receptor,KEGG: mmu04512
Comp,Sdc1,ECM-Receptor,KEGG: mmu04512
Col1a1,Sdc4,ECM-Receptor,KEGG: mmu04512
Col1a2,Sdc4,ECM-Receptor,KEGG: mmu04512
Col2a1,Sdc4,ECM-Receptor,KEGG: mmu04512
Col4a1,Sdc4,ECM-Receptor,KEGG: mmu04512
Col4a2,Sdc4,ECM-Receptor,KEGG: mmu04512
Col4a3,Sdc4,ECM-Receptor,KEGG: mmu04512
Col4a4,Sdc4,ECM-Receptor,KEGG: mmu04512
Col4a5,Sdc4,ECM-Receptor,KEGG: mmu04512
Col4a6,Sdc4,ECM-Receptor,KEGG: mmu04512
Col6a1,Sdc4,ECM-Receptor,KEGG: mmu04512
Col6a2,Sdc4,ECM-Receptor,KEGG: mmu04512
Col6a3,Sdc4,ECM-Receptor,KEGG: mmu04512
Col6a4,Sdc4,ECM-Receptor,KEGG: mmu04512
Col6a5,Sdc4,ECM-Receptor,KEGG: mmu04512
Col6a6,Sdc4,ECM-Receptor,KEGG: mmu04512
Col9a1,Sdc4,ECM-Receptor,KEGG: mmu04512
Col9a2,Sdc4,ECM-Receptor,KEGG: mmu04512
Col9a3,Sdc4,ECM-Receptor,KEGG: mmu04512
Fn1,Sdc4,ECM-Receptor,KEGG: mmu04512
Tnc,Sdc4,ECM-Receptor,KEGG: mmu04512
Tnr,Sdc4,ECM-Receptor,KEGG: mmu04512
Tnn,Sdc4,ECM-Receptor,KEGG: mmu04512
Tnxb,Sdc4,ECM-Receptor,KEGG: mmu04512
Thbs1,Sdc4,ECM-Receptor,KEGG: mmu04512
Thbs2,Sdc4,ECM-Receptor,KEGG: mmu04512
Thbs3,Sdc4,ECM-Receptor,KEGG: mmu04512
Thbs4,Sdc4,ECM-Receptor,KEGG: mmu04512
Comp,Sdc4,ECM-Receptor,KEGG: mmu04512
Lama1,Sv2a,ECM-Receptor,KEGG: mmu04512
Lama2,Sv2a,ECM-Receptor,KEGG: mmu04512
Lama3,Sv2a,ECM-Receptor,KEGG: mmu04512
Lama4,Sv2a,ECM-Receptor,KEGG: mmu04512
Lama5,Sv2a,ECM-Receptor,KEGG: mmu04512
Lamb1,Sv2a,ECM-Receptor,KEGG: mmu04512
Lamb2,Sv2a,ECM-Receptor,KEGG: mmu04512
Lamb3,Sv2a,ECM-Receptor,KEGG: mmu04512
Lamc1,Sv2a,ECM-Receptor,KEGG: mmu04512
Lamc2,Sv2a,ECM-Receptor,KEGG: mmu04512
Lamc3,Sv2a,ECM-Receptor,KEGG: mmu04512
Lama1,Sv2b,ECM-Receptor,KEGG: mmu04512
Lama2,Sv2b,ECM-Receptor,KEGG: mmu04512
Lama3,Sv2b,ECM-Receptor,KEGG: mmu04512
Lama4,Sv2b,ECM-Receptor,KEGG: mmu04512
Lama5,Sv2b,ECM-Receptor,KEGG: mmu04512
Lamb1,Sv2b,ECM-Receptor,KEGG: mmu04512
Lamb2,Sv2b,ECM-Receptor,KEGG: mmu04512
Lamb3,Sv2b,ECM-Receptor,KEGG: mmu04512
Lamc1,Sv2b,ECM-Receptor,KEGG: mmu04512
Lamc2,Sv2b,ECM-Receptor,KEGG: mmu04512
Lamc3,Sv2b,ECM-Receptor,KEGG: mmu04512
Lama1,Sv2c,ECM-Receptor,KEGG: mmu04512
Lama2,Sv2c,ECM-Receptor,KEGG: mmu04512
Lama3,Sv2c,ECM-Receptor,KEGG: mmu04512
Lama4,Sv2c,ECM-Receptor,KEGG: mmu04512
Lama5,Sv2c,ECM-Receptor,KEGG: mmu04512
Lamb1,Sv2c,ECM-Receptor,KEGG: mmu04512
Lamb2,Sv2c,ECM-Receptor,KEGG: mmu04512
Lamb3,Sv2c,ECM-Receptor,KEGG: mmu04512
Lamc1,Sv2c,ECM-Receptor,KEGG: mmu04512
Lamc2,Sv2c,ECM-Receptor,KEGG: mmu04512
Lamc3,Sv2c,ECM-Receptor,KEGG: mmu04512
Thbs1,Cd36,ECM-Receptor,KEGG: mmu04512
Thbs2,Cd36,ECM-Receptor,KEGG: mmu04512
Thbs3,Cd36,ECM-Receptor,KEGG: mmu04512
Thbs4,Cd36,ECM-Receptor,KEGG: mmu04512
Comp,Cd36,ECM-Receptor,KEGG: mmu04512
Vwf,Gp1ba,ECM-Receptor,KEGG: mmu04512
Vwf,Gp1bb,ECM-Receptor,KEGG: mmu04512
Vwf,Gp5,ECM-Receptor,KEGG: mmu04512
Vwf,Gp9,ECM-Receptor,KEGG: mmu04512
Col1a1,Gp6,ECM-Receptor,KEGG: mmu04512
Col1a2,Gp6,ECM-Receptor,KEGG: mmu04512
Col2a1,Gp6,ECM-Receptor,KEGG: mmu04512
Col4a1,Gp6,ECM-Receptor,KEGG: mmu04512
Col4a2,Gp6,ECM-Receptor,KEGG: mmu04512
Col4a3,Gp6,ECM-Receptor,KEGG: mmu04512
Col4a4,Gp6,ECM-Receptor,KEGG: mmu04512
Col4a5,Gp6,ECM-Receptor,KEGG: mmu04512
Col4a6,Gp6,ECM-Receptor,KEGG: mmu04512
Col6a1,Gp6,ECM-Receptor,KEGG: mmu04512
Col6a2,Gp6,ECM-Receptor,KEGG: mmu04512
Col6a3,Gp6,ECM-Receptor,KEGG: mmu04512
Col6a4,Gp6,ECM-Receptor,KEGG: mmu04512
Col6a5,Gp6,ECM-Receptor,KEGG: mmu04512
Col6a6,Gp6,ECM-Receptor,KEGG: mmu04512
Col9a1,Gp6,ECM-Receptor,KEGG: mmu04512
Col9a2,Gp6,ECM-Receptor,KEGG: mmu04512
Col9a3,Gp6,ECM-Receptor,KEGG: mmu04512
Thbs1,Cd47,ECM-Receptor,KEGG: mmu04512
Thbs2,Cd47,ECM-Receptor,KEGG: mmu04512
Thbs3,Cd47,ECM-Receptor,KEGG: mmu04512
Thbs4,Cd47,ECM-Receptor,KEGG: mmu04512
Comp,Cd47,ECM-Receptor,KEGG: mmu04512
Agrn,Dag1,ECM-Receptor,KEGG: mmu04512
Hspg2,Dag1,ECM-Receptor,KEGG: mmu04512
Lama1,Dag1,ECM-Receptor,KEGG: mmu04512
Lama2,Dag1,ECM-Receptor,KEGG: mmu04512
Lama3,Dag1,ECM-Receptor,KEGG: mmu04512
Lama4,Dag1,ECM-Receptor,KEGG: mmu04512
Lama5,Dag1,ECM-Receptor,KEGG: mmu04512
Lamb1,Dag1,ECM-Receptor,KEGG: mmu04512
Lamb2,Dag1,ECM-Receptor,KEGG: mmu04512
Lamb3,Dag1,ECM-Receptor,KEGG: mmu04512
Lamc1,Dag1,ECM-Receptor,KEGG: mmu04512
Lamc2,Dag1,ECM-Receptor,KEGG: mmu04512
Lamc3,Dag1,ECM-Receptor,KEGG: mmu04512
Anxa1,Fpr3,Secreted Signaling,PMID: 22610094
App,Cd74,Cell-Cell Contact,PMID: 19849849
Bst2,Pira2,Cell-Cell Contact,PMID: 19564354
Cadm1,Cadm1,Cell-Cell Contact,PMID: 24503895
Cadm3,Cadm3,Cell-Cell Contact,KEGG: mmu04514
Cd1d2,Pira2,Cell-Cell Contact,PMID: 19124746
Cd200,Cd200r1,Cell-Cell Contact,PMID: 15187158
Cd200,Cd200r2,Cell-Cell Contact,KEGG: mmu04514
Cd200,Cd200r3,Cell-Cell Contact,PMID: 22020332
Cd200,Cd200r4,Cell-Cell Contact,KEGG: mmu04514
Fcer2a,Itgam,Cell-Cell Contact,PMID: 7621072
Fcer2a,Itgb2,Cell-Cell Contact,PMID: 7621072
Fcer2a,Itgax,Cell-Cell Contact,PMID: 7621072
Fcer2a,Itgav,Cell-Cell Contact,PMID: 10037797
Fcer2a,Itgb3,Cell-Cell Contact,PMID: 10037797
Fcer2a,Cr2,Cell-Cell Contact,PMID: 16785534
Cd34,Selp,Cell-Cell Contact,PMID: 18606703
Entpd1,Adora1,Cell-Cell Contact,PMID: 21677139
Entpd1,Adora2a,Cell-Cell Contact,PMID: 21677139
Entpd1,Adora2b,Cell-Cell Contact,PMID: 21677139
Entpd1,Tmigd3,Cell-Cell Contact,PMID: 21677139
Cd40lg,Cd40,Cell-Cell Contact,KEGG: mmu04514
Ptprc,Cd22,Cell-Cell Contact,PMID: 12115612
Ptprc,Mrc1,Cell-Cell Contact,PMID: 27601670; PMID: 10575006
Cd46,Jag1,Cell-Cell Contact,PMID: 23086448
Cd48,Cd244a,Cell-Cell Contact,PMID: 26697006
Cd52,Siglecg,Cell-Cell Contact,PMID: 23685786
Cd6,Alcam,Cell-Cell Contact,PMID: 23602662
Cd80,Cd274,Cell-Cell Contact,PMID: 17629517; PMID: 18585785
Cd80,Cd28,Cell-Cell Contact,PMID: 23954143
Cd80,Ctla4,Cell-Cell Contact,PMID: 23954143
Cd86,Cd28,Cell-Cell Contact,PMID: 23954143
Cd86,Ctla4,Cell-Cell Contact,PMID: 23954143
Cd96,Pvr,Cell-Cell Contact,PMID: 15034010
Cd99,Pilra,Cell-Cell Contact,PMID: 18234675
Cd99,Cd99,Cell-Cell Contact,KEGG: mmu04514
Cdh15,Cdh15,Cell-Cell Contact,KEGG: mmu04514
Cdh4,Cdh4,Cell-Cell Contact,KEGG: mmu04514
Cdh2,Cdh2,Cell-Cell Contact,KEGG: mmu04514
Cdh1,Cdh1,Cell-Cell Contact,KEGG: mmu04514
Cdh1,Itga2,Cell-Cell Contact,PMID: 12392763
Cdh1,Itgb1,Cell-Cell Contact,PMID: 12392763
Cdh1,Itgae,Cell-Cell Contact,PMID: 9425167
Cdh1,Itgb7,Cell-Cell Contact,PMID: 9425167
Cdh1,Klrg1,Cell-Cell Contact,PMID: 19604491
Cdh5,Cdh5,Cell-Cell Contact,KEGG: mmu04514
Cd1d1,Ceacam5,Cell-Cell Contact,PMID: 24104458
Cd209a,Ceacam1,Cell-Cell Contact,PMID: 16282604; PMID: 6246332
Cd8a,Ceacam5,Cell-Cell Contact,PMID: 24104458
Ceacam1,Ceacam5,Cell-Cell Contact,PMID: 11590190
Sele,Ceacam1,Cell-Cell Contact,PMID: 1378450
Cldn11,Cldn11,Cell-Cell Contact,KEGG: mmu04514
Clec2d,Klrb1b,Cell-Cell Contact,PMID: 24223577
Clec2g,Klrb1,Cell-Cell Contact,PMID: 24223577
Clec2h,Klrb1,Cell-Cell Contact,PMID: 24223577
Clec2i,Klrb1,Cell-Cell Contact,PMID: 24223577
Clec2f,Klrb1f,Cell-Cell Contact,PMID: 24223577
Clec2g,Klrb1f,Cell-Cell Contact,PMID: 24223577
Clec2i,Klrb1f,Cell-Cell Contact,PMID: 24223577
Nfasc,Cntn1,Cell-Cell Contact,KEGG: mmu04514
Nfasc,Cntnap1,Cell-Cell Contact,KEGG: mmu04514
Cntn2,Cntn2,Cell-Cell Contact,KEGG: mmu04514
Cntn2,Cntnap2,Cell-Cell Contact,KEGG: mmu04514
Cntn2,L1cam,Cell-Cell Contact,KEGG: mmu04514
Cntn1,Nrcam,Cell-Cell Contact,KEGG: mmu04514
Cspg4,Itga3,Cell-Cell Contact,PMID: 30213051
Cspg4,Itgb1,Cell-Cell Contact,PMID: 30213051
Dsc1,Dsg1c,Cell-Cell Contact,PMID: 27298358
Dsc1,Dsg2,Cell-Cell Contact,PMID: 27298358
Dsc2,Dsg1c,Cell-Cell Contact,PMID: 27298358
Dsc2,Dsg2,Cell-Cell Contact,PMID: 27298358
Dsg1c,Dsc3,Cell-Cell Contact,PMID: 27298358
Dsg2,Dsc3,Cell-Cell Contact,PMID: 27298358
Epgn,Egfr,Cell-Cell Contact,PMID: 27298358
Efna1,Epha1,Cell-Cell Contact,PMID: 15114347
Efna1,Epha2,Cell-Cell Contact,PMID: 15114347
Efna1,Epha3,Cell-Cell Contact,PMID: 15114347
Efna1,Epha4,Cell-Cell Contact,PMID: 15114347
Efna1,Epha5,Cell-Cell Contact,PMID: 15114347
Efna1,Epha7,Cell-Cell Contact,PMID: 15114347
Efna1,Epha8,Cell-Cell Contact,PMID: 15114347
Efna2,Epha1,Cell-Cell Contact,PMID: 15114347
Efna2,Epha2,Cell-Cell Contact,PMID: 15114347
Efna2,Epha3,Cell-Cell Contact,PMID: 15114347
Efna2,Epha4,Cell-Cell Contact,PMID: 15114347
Efna2,Epha5,Cell-Cell Contact,PMID: 15114347
Efna2,Epha7,Cell-Cell Contact,PMID: 15114347
Efna2,Epha8,Cell-Cell Contact,PMID: 15114347
Efna3,Epha1,Cell-Cell Contact,PMID: 15114347
Efna3,Epha2,Cell-Cell Contact,PMID: 15114347
Efna3,Epha3,Cell-Cell Contact,PMID: 15114347
Efna3,Epha4,Cell-Cell Contact,PMID: 15114347
Efna3,Epha5,Cell-Cell Contact,PMID: 15114347
Efna3,Epha7,Cell-Cell Contact,PMID: 15114347
Efna3,Epha8,Cell-Cell Contact,PMID: 15114347
Efna4,Epha1,Cell-Cell Contact,PMID: 15114347
Efna4,Epha2,Cell-Cell Contact,PMID: 15114347
Efna4,Epha3,Cell-Cell Contact,PMID: 15114347
Efna4,Epha4,Cell-Cell Contact,PMID: 15114347
Efna4,Epha5,Cell-Cell Contact,PMID: 15114347
Efna4,Epha7,Cell-Cell Contact,PMID: 15114347
Efna4,Epha8,Cell-Cell Contact,PMID: 15114347
Efna5,Epha1,Cell-Cell Contact,PMID: 15114347
Efna5,Epha2,Cell-Cell Contact,PMID: 15114347
Efna5,Epha3,Cell-Cell Contact,PMID: 15114347
Efna5,Epha4,Cell-Cell Contact,PMID: 15114347
Efna5,Epha5,Cell-Cell Contact,PMID: 15114347
Efna5,Epha7,Cell-Cell Contact,PMID: 15114347
Efna5,Epha8,Cell-Cell Contact,PMID: 15114347
Efna5,Ephb2,Cell-Cell Contact,PMID:15107857; PMID: 15114347
Efnb1,Epha4,Cell-Cell Contact,PMID: 15114347
Efnb1,Ephb1,Cell-Cell Contact,PMID: 15114347
Efnb1,Ephb2,Cell-Cell Contact,PMID: 15114347
Efnb1,Ephb3,Cell-Cell Contact,PMID: 15114347
Efnb1,Ephb4,Cell-Cell Contact,PMID: 15114347
Efnb2,Epha4,Cell-Cell Contact,PMID: 15114347
Efnb2,Ephb1,Cell-Cell Contact,PMID: 15114347
Efnb2,Ephb2,Cell-Cell Contact,PMID: 15114347
Efnb2,Ephb3,Cell-Cell Contact,PMID: 15114347
Efnb2,Ephb4,Cell-Cell Contact,PMID: 15114347
Efnb3,Epha4,Cell-Cell Contact,PMID: 15114347
Efnb3,Ephb1,Cell-Cell Contact,PMID: 15114347
Efnb3,Ephb2,Cell-Cell Contact,PMID: 15114347
Efnb3,Ephb3,Cell-Cell Contact,PMID: 15114347
Efnb3,Ephb4,Cell-Cell Contact,PMID: 15114347
Efnb3,Ephb6,Cell-Cell Contact,PMID: 15114347
Esam,Esam,Cell-Cell Contact,KEGG: mmu04514; PMID: 11279107
Gp1ba,Itgam,Cell-Cell Contact,PMC2194217
Gp1ba,Itgb2,Cell-Cell Contact,PMC2194217
Icam1,Itgax,Cell-Cell Contact,PMID: 16252253
Icam1,Itgb2,Cell-Cell Contact,PMID: 16252253
Icam1,Itgal,Cell-Cell Contact,KEGG: mmu04514
Icam2,Itgal,Cell-Cell Contact,KEGG: mmu04514
Icam2,Itgb2,Cell-Cell Contact,KEGG: mmu04514
Icam1,Itgam,Cell-Cell Contact,KEGG: mmu04514
Icam2,Itgam,Cell-Cell Contact,KEGG: mmu04514
Icam1,Itgb2l,Cell-Cell Contact,KEGG: mmu04514
Icam2,Itgb2l,Cell-Cell Contact,KEGG: mmu04514
Icam1,Spn,Cell-Cell Contact,PMID: 1683685
Icam5,Cd209a,Cell-Cell Contact,PMID: 15795245
Icam5,Cd209f,Cell-Cell Contact,PMID: 15795245
Icosl,Icos,Cell-Cell Contact,PMID: 23954143
Icosl,Cd28,Cell-Cell Contact,KEGG: mmu04514
Icosl,Ctla4,Cell-Cell Contact,KEGG: mmu04514
Jam2,Itga3,Cell-Cell Contact,PMID: 12070135
Jam2,Itgb1,Cell-Cell Contact,PMID: 12070135
Jam2,Itgav,Cell-Cell Contact,KEGG: mmu04514
Jam3,Itgam,Cell-Cell Contact,"KEGG: mmu04514; PMID: 16118203, PMC2194005"
Jam3,Itgb2,Cell-Cell Contact,"KEGG: mmu04514; PMID: 16118203, PMC2194005"
F11r,Itgal,Cell-Cell Contact,PMID: 11812992
F11r,Itgb2,Cell-Cell Contact,PMID: 11812992
Jam3,Itgb2l,Cell-Cell Contact,KEGG: mmu04514;
Jam2,Jam3,Cell-Cell Contact,PMC1237098;  PMID: 11590146
F11r,F11r,Cell-Cell Contact,KEGG: mmu04514
Jam2,F11r,Cell-Cell Contact,KEGG: mmu04514
Jam2,Jam2,Cell-Cell Contact,KEGG: mmu04514
Jam3,F11r,Cell-Cell Contact,KEGG: mmu04514
Jam3,Jam3,Cell-Cell Contact,KEGG: mmu04514
L1cam,Itgav,Cell-Cell Contact,PMID: 9396761
L1cam,Itgb3,Cell-Cell Contact,PMID: 9396761
L1cam,Itga4,Cell-Cell Contact,PMID: 8557754
L1cam,Itgb7,Cell-Cell Contact,PMID: 8557754
L1cam,L1cam,Cell-Cell Contact,PMID: 18701456
Lair1,Pira2,Cell-Cell Contact,PMID: 19283782
Lck,Cd8a,Cell-Cell Contact,PMID: 25427562
Lck,Cd8b1,Cell-Cell Contact,PMID: 25427562
Madcam1,Itga4,Cell-Cell Contact,KEGG: mmu04514; PMID: 7517418
Madcam1,Itgb7,Cell-Cell Contact,KEGG: mmu04514; PMID: 7517418
Mag,Mag,Cell-Cell Contact,KEGG: mmu04514
H2-T23,Klrd1,Cell-Cell Contact,PMID: 24223577
H2-T23,Klrc1,Cell-Cell Contact,PMID: 24223577
H2-T23,Klrc2,Cell-Cell Contact,PMID: 24223577
H2-M2,Cd8a,Cell-Cell Contact,KEGG: mmu04514
H2-M3,Cd8a,Cell-Cell Contact,KEGG: mmu04514
H2-M9,Cd8a,Cell-Cell Contact,KEGG: mmu04514
H2-Q1,Cd8a,Cell-Cell Contact,KEGG: mmu04514
H2-Q10,Cd8a,Cell-Cell Contact,KEGG: mmu04514
H2-Q2,Cd8a,Cell-Cell Contact,KEGG: mmu04514
H2-Q7,Cd8a,Cell-Cell Contact,KEGG: mmu04514
H2-Q8,Cd8a,Cell-Cell Contact,KEGG: mmu04514
H2-T22,Cd8a,Cell-Cell Contact,KEGG: mmu04514
H2-T23,Cd8a,Cell-Cell Contact,KEGG: mmu04514
H2-T24,Cd8a,Cell-Cell Contact,KEGG: mmu04514
H2-T3,Cd8a,Cell-Cell Contact,KEGG: mmu04514
H2-T9,Cd8a,Cell-Cell Contact,KEGG: mmu04514
H2-M10.4,Cd8a,Cell-Cell Contact,KEGG: mmu04514
H2-M11,Cd8a,Cell-Cell Contact,KEGG: mmu04514
H2-M1,Cd8a,Cell-Cell Contact,KEGG: mmu04514
H2-M10.5,Cd8a,Cell-Cell Contact,KEGG: mmu04514
H2-M10.2,Cd8a,Cell-Cell Contact,KEGG: mmu04514
H2-M10.6,Cd8a,Cell-Cell Contact,KEGG: mmu04514
H2-T10,Cd8a,Cell-Cell Contact,KEGG: mmu04514
H2-Q6,Cd8a,Cell-Cell Contact,KEGG: mmu04514
H2-M10.3,Cd8a,Cell-Cell Contact,KEGG: mmu04514
H2-Bl,Cd8a,Cell-Cell Contact,KEGG: mmu04514
H2-D1,Cd8a,Cell-Cell Contact,KEGG: mmu04514
H2-K1,Cd8a,Cell-Cell Contact,KEGG: mmu04514
H2-M10.1,Cd8a,Cell-Cell Contact,KEGG: mmu04514
H2-T18,Cd8a,Cell-Cell Contact,KEGG: mmu04514
H2-Q9,Cd8a,Cell-Cell Contact,KEGG: mmu04514
H2-T26,Cd8a,Cell-Cell Contact,KEGG: mmu04514
H2-L,Cd8a,Cell-Cell Contact,KEGG: mmu04514
Gm10499,Cd8a,Cell-Cell Contact,KEGG: mmu04514
H2-Q4,Cd8a,Cell-Cell Contact,KEGG: mmu04514
H2-T-ps,Cd8a,Cell-Cell Contact,KEGG: mmu04514
H2-T27,Cd8a,Cell-Cell Contact,KEGG: mmu04514
H2-M5,Cd8a,Cell-Cell Contact,KEGG: mmu04514
H2-T25,Cd8a,Cell-Cell Contact,KEGG: mmu04514
H2-M2,Cd8b1,Cell-Cell Contact,KEGG: mmu04514
H2-M3,Cd8b1,Cell-Cell Contact,KEGG: mmu04514
H2-M9,Cd8b1,Cell-Cell Contact,KEGG: mmu04514
H2-Q1,Cd8b1,Cell-Cell Contact,KEGG: mmu04514
H2-Q10,Cd8b1,Cell-Cell Contact,KEGG: mmu04514
H2-Q2,Cd8b1,Cell-Cell Contact,KEGG: mmu04514
H2-Q7,Cd8b1,Cell-Cell Contact,KEGG: mmu04514
H2-Q8,Cd8b1,Cell-Cell Contact,KEGG: mmu04514
H2-T22,Cd8b1,Cell-Cell Contact,KEGG: mmu04514
H2-T23,Cd8b1,Cell-Cell Contact,KEGG: mmu04514
H2-T24,Cd8b1,Cell-Cell Contact,KEGG: mmu04514
H2-T3,Cd8b1,Cell-Cell Contact,KEGG: mmu04514
H2-T9,Cd8b1,Cell-Cell Contact,KEGG: mmu04514
H2-M10.4,Cd8b1,Cell-Cell Contact,KEGG: mmu04514
H2-M11,Cd8b1,Cell-Cell Contact,KEGG: mmu04514
H2-M1,Cd8b1,Cell-Cell Contact,KEGG: mmu04514
H2-M10.5,Cd8b1,Cell-Cell Contact,KEGG: mmu04514
H2-M10.2,Cd8b1,Cell-Cell Contact,KEGG: mmu04514
H2-M10.6,Cd8b1,Cell-Cell Contact,KEGG: mmu04514
H2-T10,Cd8b1,Cell-Cell Contact,KEGG: mmu04514
H2-Q6,Cd8b1,Cell-Cell Contact,KEGG: mmu04514
H2-M10.3,Cd8b1,Cell-Cell Contact,KEGG: mmu04514
H2-Bl,Cd8b1,Cell-Cell Contact,KEGG: mmu04514
H2-D1,Cd8b1,Cell-Cell Contact,KEGG: mmu04514
H2-K1,Cd8b1,Cell-Cell Contact,KEGG: mmu04514
H2-M10.1,Cd8b1,Cell-Cell Contact,KEGG: mmu04514
H2-T18,Cd8b1,Cell-Cell Contact,KEGG: mmu04514
H2-Q9,Cd8b1,Cell-Cell Contact,KEGG: mmu04514
H2-T26,Cd8b1,Cell-Cell Contact,KEGG: mmu04514
H2-L,Cd8b1,Cell-Cell Contact,KEGG: mmu04514
Gm10499,Cd8b1,Cell-Cell Contact,KEGG: mmu04514
H2-Q4,Cd8b1,Cell-Cell Contact,KEGG: mmu04514
H2-T-ps,Cd8b1,Cell-Cell Contact,KEGG: mmu04514
H2-T27,Cd8b1,Cell-Cell Contact,KEGG: mmu04514
H2-M5,Cd8b1,Cell-Cell Contact,KEGG: mmu04514
H2-T25,Cd8b1,Cell-Cell Contact,KEGG: mmu04514
H2-D1,Kir3dl1,Cell-Cell Contact,PMID: 28484462
H2-K1,Kir3dl1,Cell-Cell Contact,PMID: 28484462
H2-Q1,Kir3dl1,Cell-Cell Contact,PMID: 28484462
H2-Q10,Kir3dl1,Cell-Cell Contact,PMID: 28484462
H2-Q2,Kir3dl1,Cell-Cell Contact,PMID: 28484462
H2-Q4,Kir3dl1,Cell-Cell Contact,PMID: 28484462
H2-Q6,Kir3dl1,Cell-Cell Contact,PMID: 28484462
H2-Q7,Kir3dl1,Cell-Cell Contact,PMID: 28484462
Ulbp1,Klrk1,Cell-Cell Contact,PMID: 24223577
Raet1a,Klrk1,Cell-Cell Contact,PMID: 24223577
H60a,Klrk1,Cell-Cell Contact,PMID: 24223577
H2-Ea,Cd4,Cell-Cell Contact,KEGG: mmu04514
H2-Aa,Cd4,Cell-Cell Contact,KEGG: mmu04514
H2-Ab1,Cd4,Cell-Cell Contact,KEGG: mmu04514
H2-Eb1,Cd4,Cell-Cell Contact,KEGG: mmu04514
H2-DMa,Cd4,Cell-Cell Contact,KEGG: mmu04514
H2-DMb1,Cd4,Cell-Cell Contact,KEGG: mmu04514
H2-DMb2,Cd4,Cell-Cell Contact,KEGG: mmu04514
H2-Oa,Cd4,Cell-Cell Contact,KEGG: mmu04514
H2-Ob,Cd4,Cell-Cell Contact,KEGG: mmu04514
Mpz,Mpzl1,Cell-Cell Contact,KEGG: mmu04514
Mpz,Mpz,Cell-Cell Contact,KEGG: mmu04514
Mpzl1,Mpzl1,Cell-Cell Contact,KEGG: mmu04514
Ncam1,Fgfr1,Cell-Cell Contact,PMID: 12791257
Ncam1,Ncam1,Cell-Cell Contact,KEGG: mmu04514
Ncam1,Ncam2,Cell-Cell Contact,KEGG: mmu04514
Ncam1,L1cam,Cell-Cell Contact,KEGG: mmu04514
Ncam2,L1cam,Cell-Cell Contact,KEGG: mmu04514
Nectin1,Cadm3,Cell-Cell Contact,PMID: 23027581
Nectin1,Cd96,Cell-Cell Contact,PMID: 23027581
Nectin1,Nectin4,Cell-Cell Contact,PMID: 23027581
Nectin3,Nectin2,Cell-Cell Contact,PMID: 23027581
Nectin3,Pvr,Cell-Cell Contact,PMID: 23027581
Nectin3,Tigit,Cell-Cell Contact,KEGG: mmu04514; PMID: 1313846
Nectin2,Cd226,Cell-Cell Contact,KEGG: mmu04514
Nectin2,Tigit,Cell-Cell Contact,KEGG: mmu04514
Nectin1,Nectin3,Cell-Cell Contact,KEGG: mmu04514
Negr1,Negr1,Cell-Cell Contact,KEGG: mmu04514
Lrrc4c,Ntng1,Cell-Cell Contact,KEGG: mmu04514
Lrrc4,Ntng2,Cell-Cell Contact,KEGG: mmu04514
Lrrc4b,Ptprf,Cell-Cell Contact,KEGG: mmu04514
Ulbp1,Hcst,Cell-Cell Contact,PMID: 24223577
Dlk1,Notch1,Cell-Cell Contact,PMID: 22353464
Dlk1,Notch2,Cell-Cell Contact,PMID: 22353464
Dlk1,Notch3,Cell-Cell Contact,PMID: 22353464
Dlk1,Notch4,Cell-Cell Contact,PMID: 22353464
Dll1,Notch1,Cell-Cell Contact,PMID: 22353464
Dll1,Notch3,Cell-Cell Contact,PMID: 22353464
Dll1,Notch4,Cell-Cell Contact,PMID: 22353464
Dll3,Notch1,Cell-Cell Contact,PMID: 22353464
Dll3,Notch2,Cell-Cell Contact,PMID: 22353464
Dll3,Notch3,Cell-Cell Contact,PMID: 22353464
Dll3,Notch4,Cell-Cell Contact,PMID: 22353464
Dll4,Notch1,Cell-Cell Contact,PMID: 22353464
Dll4,Notch2,Cell-Cell Contact,PMID: 22353464
Dll4,Notch3,Cell-Cell Contact,PMID: 22353464
Dll4,Notch4,Cell-Cell Contact,PMID: 22353464
Jag1,Notch1,Cell-Cell Contact,PMID: 22353464
Jag1,Notch2,Cell-Cell Contact,PMID: 22353464
Jag1,Notch3,Cell-Cell Contact,PMID: 22353464
Jag1,Notch4,Cell-Cell Contact,PMID: 22353464
Jag2,Notch1,Cell-Cell Contact,PMID: 22353464
Jag2,Notch2,Cell-Cell Contact,PMID: 22353464
Jag2,Notch3,Cell-Cell Contact,PMID: 22353464
Jag2,Notch4,Cell-Cell Contact,PMID: 22353464
Dll1,Notch2,Cell-Cell Contact,PMID: 22353464
Nrxn1,Nlgn1,Cell-Cell Contact,KEGG: mmu04514
Nrxn1,Nlgn2,Cell-Cell Contact,KEGG: mmu04514
Nrxn1,Nlgn3,Cell-Cell Contact,KEGG: mmu04514
Nrxn2,Nlgn1,Cell-Cell Contact,KEGG: mmu04514
Nrxn2,Nlgn2,Cell-Cell Contact,KEGG: mmu04514
Nrxn2,Nlgn3,Cell-Cell Contact,KEGG: mmu04514
Nrxn3,Nlgn1,Cell-Cell Contact,KEGG: mmu04514
Nrxn3,Nlgn2,Cell-Cell Contact,KEGG: mmu04514
Nrxn3,Nlgn3,Cell-Cell Contact,KEGG: mmu04514
Ocln,Ocln,Cell-Cell Contact,KEGG: mmu04514
Cd274,Pdcd1,Cell-Cell Contact,PMID: 23954143
Pdcd1lg2,Pdcd1,Cell-Cell Contact,PMID: 23954143
Pecam1,Pecam1,Cell-Cell Contact,KEGG: mmu04514
Ptprm,Ptprm,Cell-Cell Contact,KEGG: mmu04514
Pvr,Cd226,Cell-Cell Contact,KEGG: mmu04514
Pvr,Tigit,Cell-Cell Contact,KEGG: mmu04514
Sele,Cd44,Cell-Cell Contact,PMC4571854
Sele,Glg1,Cell-Cell Contact,PMID: 11404363
Sell,Cd34,Cell-Cell Contact,PMID: 7692600; PMID: 8977216
Sell,Podxl,Cell-Cell Contact,PMID: 22814396
Sell,Glycam1,Cell-Cell Contact,KEGG: mmu04514
Sell,Madcam1,Cell-Cell Contact,KEGG: mmu04514
Selplg,Sele,Cell-Cell Contact,PMC4571854
Selplg,Sell,Cell-Cell Contact,"PMC2431087; PMID:  8892633,PMID:  8896607"
Selplg,Selp,Cell-Cell Contact,PMID: 19118202; PMID: 9829984
Sema4a,Nrp1,Cell-Cell Contact,PMID: 27533782
Sema4a,Plxna1,Cell-Cell Contact,PMID: 27533782
Sema4a,Plxna2,Cell-Cell Contact,PMID: 27533782
Sema4a,Plxna3,Cell-Cell Contact,PMID: 27533782
Sema4a,Plxna4,Cell-Cell Contact,PMID: 27533782
Sema4a,Plxnb1,Cell-Cell Contact,PMID: 27533782
Sema4a,Plxnb2,Cell-Cell Contact,PMID: 27533782
Sema4a,Plxnb3,Cell-Cell Contact,PMID: 27533782
Sema4d,Plxnb1,Cell-Cell Contact,PMID: 27533782
Sema4d,Plxnb2,Cell-Cell Contact,PMID: 27533782
Sema4d,Plxnb3,Cell-Cell Contact,PMID: 27533782
Sema4c,Plxnb2,Cell-Cell Contact,PMID: 27533782
Sema4g,Plxnb2,Cell-Cell Contact,PMID: 27533782
Sema4a,Timd2,Cell-Cell Contact,PMID: 22325954
Sema4d,Cd72,Cell-Cell Contact,PMID: 22325954
Sema5a,Plxna1,Cell-Cell Contact,PMID: 27533782
Sema5b,Plxna1,Cell-Cell Contact,PMID: 27533782
Sema5a,Plxna3,Cell-Cell Contact,PMID: 27533782
Sema5b,Plxna3,Cell-Cell Contact,PMID: 27533782
Sema5a,Plxnb3,Cell-Cell Contact,PMID: 27533782
Sema6d,Plxna1,Cell-Cell Contact,PMID: 22325954
Sema6d,Kdr,Cell-Cell Contact,PMID: 22325954
Sema6d,Trem2,Cell-Cell Contact,PMID: 22325954
Sema6d,Tyrobp,Cell-Cell Contact,PMID: 22325954
Sema6a,Plxna2,Cell-Cell Contact,PMID: 27533782
Sema6b,Plxna2,Cell-Cell Contact,PMID: 27533782
Sema6a,Plxna4,Cell-Cell Contact,PMID: 27533782
Sema6b,Plxna4,Cell-Cell Contact,PMID: 27533782
Sema7a,Itgb1,Cell-Cell Contact,PMID: 22325954
Sema7a,Itga1,Cell-Cell Contact,PMID: 22325954
Sema7a,Plxnc1,Cell-Cell Contact,PMID: 27533782
Siglec1,Spn,Cell-Cell Contact,KEGG: mmu04514; PMID: 11238599
Thy1,Itgam,Cell-Cell Contact,PMID: 15850796
Thy1,Itgb2,Cell-Cell Contact,PMID: 15850796
Thy1,Itgax,Cell-Cell Contact,PMID: 15850796
Thy1,Itgav,Cell-Cell Contact,PMID: 29212879; PMID: 18346467
Thy1,Itgb3,Cell-Cell Contact,PMID: 29212879; PMID: 18346467
Itga4,Vcam1,Cell-Cell Contact,KEGG: mmu04514
Itgb1,Vcam1,Cell-Cell Contact,KEGG: mmu04514
Itga9,Vcam1,Cell-Cell Contact,KEGG: mmu04514
Itgb7,Vcam1,Cell-Cell Contact,KEGG: mmu04514
Vsir,Igsf11,Cell-Cell Contact,KEGG: mmu04514
Cdh3,Cdh3,Cell-Cell Contact,KEGG: hsa04514
Cdh12,Itga1,Cell-Cell Contact,PMID: 34385456
Cdh12,Itgb1,Cell-Cell Contact,PMID: 34385456
Dsc1,Dsg3,Cell-Cell Contact,PMID: 27298358
Dsc1,Dsg4,Cell-Cell Contact,PMID: 27298358
Dsc2,Dsg3,Cell-Cell Contact,PMID: 27298358
Dsc2,Dsg4,Cell-Cell Contact,PMID: 27298358
Dsc3,Dsg3,Cell-Cell Contact,PMID: 27298358
Dsc3,Dsg4,Cell-Cell Contact,PMID: 27298358
Gja5,Gja5,Cell-Cell Contact,PMID: 32532966;PMID: 15094344
Gja1,Gja5,Cell-Cell Contact,PMID: 32532966;PMID: 15094344
Gja6,Gja5,Cell-Cell Contact,PMID: 32532966;PMID: 15094344
Gjc1,Gja5,Cell-Cell Contact,PMID: 32532966;PMID: 15094344
Gja3,Gja5,Cell-Cell Contact,PMID: 32532966;PMID: 15094344
Gja1,Gja1,Cell-Cell Contact,PMID: 32532966;PMID: 15094344
Gja1,Gja6,Cell-Cell Contact,PMID: 32532966;PMID: 15094344
Gja6,Gja6,Cell-Cell Contact,PMID: 32532966;PMID: 15094344
Gjc1,Gja1,Cell-Cell Contact,PMID: 32532966;PMID: 15094344
Gjc1,Gja6,Cell-Cell Contact,PMID: 32532966;PMID: 15094344
Gja3,Gja1,Cell-Cell Contact,PMID: 32532966;PMID: 15094344
Gja3,Gja6,Cell-Cell Contact,PMID: 32532966;PMID: 15094344
Gjc1,Gjc1,Cell-Cell Contact,PMID: 32532966;PMID: 15094344
Gja3,Gjc1,Cell-Cell Contact,PMID: 32532966;PMID: 15094344
Gja3,Gja3,Cell-Cell Contact,PMID: 32532966;PMID: 15094344
Cldn1,Cldn1,Cell-Cell Contact,PMID: 31942240
Cldn2,Cldn2,Cell-Cell Contact,PMID: 31942240
Cldn3,Cldn3,Cell-Cell Contact,PMID: 31942240
Pcdha9,Pcdha9,Cell-Cell Contact,PMID: 35253643; PMID: 32694982
Pcdha11,Pcdha11,Cell-Cell Contact,PMID: 35253643; PMID: 32694982
Pcdha10,Pcdha10,Cell-Cell Contact,PMID: 35253643; PMID: 32694982
Pcdha12,Pcdha12,Cell-Cell Contact,PMID: 35253643; PMID: 32694982
Pcdha1,Pcdha1,Cell-Cell Contact,PMID: 35253643; PMID: 32694982
Pcdha2,Pcdha2,Cell-Cell Contact,PMID: 35253643; PMID: 32694982
Pcdha3,Pcdha3,Cell-Cell Contact,PMID: 35253643; PMID: 32694982
Pcdha4b,Pcdha4b,Cell-Cell Contact,PMID: 35253643; PMID: 32694982
Pcdha4b,Pcdha4,Cell-Cell Contact,PMID: 35253643; PMID: 32694982
Pcdha4,Pcdha4,Cell-Cell Contact,PMID: 35253643; PMID: 32694982
Pcdha5,Pcdha5,Cell-Cell Contact,PMID: 35253643; PMID: 32694982
Pcdha6,Pcdha6,Cell-Cell Contact,PMID: 35253643; PMID: 32694982
Pcdha7,Pcdha7,Cell-Cell Contact,PMID: 35253643; PMID: 32694982
Pcdha8,Pcdha8,Cell-Cell Contact,PMID: 35253643; PMID: 32694982
Pcdhac1,Pcdhac1,Cell-Cell Contact,PMID: 35253643; PMID: 32694982
Pcdhac2,Pcdhac2,Cell-Cell Contact,PMID: 35253643; PMID: 32694982
Pcdhb1,Pcdhb1,Cell-Cell Contact,PMID: 35253643; PMID: 32694982
Pcdhb18,Pcdhb18,Cell-Cell Contact,PMID: 35253643; PMID: 32694982
Pcdhb19,Pcdhb19,Cell-Cell Contact,PMID: 35253643; PMID: 32694982
Pcdhb19,Pcdhb21,Cell-Cell Contact,PMID: 35253643; PMID: 32694982
Pcdhb21,Pcdhb21,Cell-Cell Contact,PMID: 35253643; PMID: 32694982
Pcdhb16,Pcdhb16,Cell-Cell Contact,PMID: 35253643; PMID: 32694982
Pcdhb20,Pcdhb20,Cell-Cell Contact,PMID: 35253643; PMID: 32694982
Pcdhb22,Pcdhb22,Cell-Cell Contact,PMID: 35253643; PMID: 32694982
Pcdhb17,Pcdhb17,Cell-Cell Contact,PMID: 35253643; PMID: 32694982
Pcdhb2,Pcdhb2,Cell-Cell Contact,PMID: 35253643; PMID: 32694982
Pcdhb3,Pcdhb3,Cell-Cell Contact,PMID: 35253643; PMID: 32694982
Pcdhb7,Pcdhb7,Cell-Cell Contact,PMID: 35253643; PMID: 32694982
Pcdhb7,Pcdhb5,Cell-Cell Contact,PMID: 35253643; PMID: 32694982
Pcdhb7,Pcdhb9,Cell-Cell Contact,PMID: 35253643; PMID: 32694982
Pcdhb5,Pcdhb5,Cell-Cell Contact,PMID: 35253643; PMID: 32694982
Pcdhb5,Pcdhb9,Cell-Cell Contact,PMID: 35253643; PMID: 32694982
Pcdhb9,Pcdhb9,Cell-Cell Contact,PMID: 35253643; PMID: 32694982
Pcdhb4,Pcdhb4,Cell-Cell Contact,PMID: 35253643; PMID: 32694982
Pcdhb4,Pcdhb12,Cell-Cell Contact,PMID: 35253643; PMID: 32694982
Pcdhb4,Pcdhb10,Cell-Cell Contact,PMID: 35253643; PMID: 32694982
Pcdhb4,Pcdhb11,Cell-Cell Contact,PMID: 35253643; PMID: 32694982
Pcdhb4,Pcdhb8,Cell-Cell Contact,PMID: 35253643; PMID: 32694982
Pcdhb4,Pcdhb6,Cell-Cell Contact,PMID: 35253643; PMID: 32694982
Pcdhb12,Pcdhb12,Cell-Cell Contact,PMID: 35253643; PMID: 32694982
Pcdhb12,Pcdhb10,Cell-Cell Contact,PMID: 35253643; PMID: 32694982
Pcdhb12,Pcdhb11,Cell-Cell Contact,PMID: 35253643; PMID: 32694982
Pcdhb12,Pcdhb8,Cell-Cell Contact,PMID: 35253643; PMID: 32694982
Pcdhb12,Pcdhb6,Cell-Cell Contact,PMID: 35253643; PMID: 32694982
Pcdhb10,Pcdhb10,Cell-Cell Contact,PMID: 35253643; PMID: 32694982
Pcdhb10,Pcdhb11,Cell-Cell Contact,PMID: 35253643; PMID: 32694982
Pcdhb10,Pcdhb8,Cell-Cell Contact,PMID: 35253643; PMID: 32694982
Pcdhb10,Pcdhb6,Cell-Cell Contact,PMID: 35253643; PMID: 32694982
Pcdhb11,Pcdhb11,Cell-Cell Contact,PMID: 35253643; PMID: 32694982
Pcdhb11,Pcdhb8,Cell-Cell Contact,PMID: 35253643; PMID: 32694982
Pcdhb11,Pcdhb6,Cell-Cell Contact,PMID: 35253643; PMID: 32694982
Pcdhb8,Pcdhb8,Cell-Cell Contact,PMID: 35253643; PMID: 32694982
Pcdhb8,Pcdhb6,Cell-Cell Contact,PMID: 35253643; PMID: 32694982
Pcdhb6,Pcdhb6,Cell-Cell Contact,PMID: 35253643; PMID: 32694982
Pcdhb13,Pcdhb13,Cell-Cell Contact,PMID: 35253643; PMID: 32694982
Pcdhb15,Pcdhb15,Cell-Cell Contact,PMID: 35253643; PMID: 32694982
Pcdhga1,Pcdhga1,Cell-Cell Contact,PMID: 35253643; PMID: 32694982
Pcdhga10,Pcdhga10,Cell-Cell Contact,PMID: 35253643; PMID: 32694982
Pcdhga11,Pcdhga11,Cell-Cell Contact,PMID: 35253643; PMID: 32694982
Pcdhga12,Pcdhga12,Cell-Cell Contact,PMID: 35253643; PMID: 32694982
Pcdhga2,Pcdhga2,Cell-Cell Contact,PMID: 35253643; PMID: 32694982
Pcdhga3,Pcdhga3,Cell-Cell Contact,PMID: 35253643; PMID: 32694982
Pcdhga4,Pcdhga4,Cell-Cell Contact,PMID: 35253643; PMID: 32694982
Pcdhga5,Pcdhga5,Cell-Cell Contact,PMID: 35253643; PMID: 32694982
Pcdhga6,Pcdhga6,Cell-Cell Contact,PMID: 35253643; PMID: 32694982
Pcdhga7,Pcdhga7,Cell-Cell Contact,PMID: 35253643; PMID: 32694982
Pcdhga8,Pcdhga8,Cell-Cell Contact,PMID: 35253643; PMID: 32694982
Pcdhga9,Pcdhga9,Cell-Cell Contact,PMID: 35253643; PMID: 32694982
Pcdhgb1,Pcdhgb1,Cell-Cell Contact,PMID: 35253643; PMID: 32694982
Pcdhgb2,Pcdhgb2,Cell-Cell Contact,PMID: 35253643; PMID: 32694982
Pcdhgb8,Pcdhgb8,Cell-Cell Contact,PMID: 35253643; PMID: 32694982
Pcdhgb4,Pcdhgb4,Cell-Cell Contact,PMID: 35253643; PMID: 32694982
Pcdhgb5,Pcdhgb5,Cell-Cell Contact,PMID: 35253643; PMID: 32694982
Pcdhgb6,Pcdhgb6,Cell-Cell Contact,PMID: 35253643; PMID: 32694982
Pcdhgb7,Pcdhgb7,Cell-Cell Contact,PMID: 35253643; PMID: 32694982
Pcdhgc3,Pcdhgc3,Cell-Cell Contact,PMID: 35253643; PMID: 32694982
Pcdhgc4,Pcdhgc4,Cell-Cell Contact,PMID: 35253643; PMID: 32694982
Pcdhgc5,Pcdhgc5,Cell-Cell Contact,PMID: 35253643; PMID: 32694982
Klk6,F2r,Secreted Signaling,PMID: 35102281
Klk6,F2rl1,Secreted Signaling,PMID: 35102281
Klk5,F2rl1,Secreted Signaling,PMID: 35102281;PMID: 33543017
Klk4,F2r,Secreted Signaling,PMID: 35102281
Klk1,F2r,Secreted Signaling,PMID: 35102281;PMID: 33543017
Klk14,F2r,Secreted Signaling,PMID: 35102281
Klk4,F2rl1,Secreted Signaling,PMID: 35102281
Klk14,F2rl1,Secreted Signaling,PMID: 35102281
Klk7,F2rl1,Secreted Signaling,PMID: 33543017
Klk8,F2r,Secreted Signaling,PMID: 34552064
Adm,Calcr,Secreted Signaling,PMID: 33462236
Adm,Ramp1,Secreted Signaling,PMID: 33462236
Adm,Ramp2,Secreted Signaling,PMID: 33462236
Adm,Ramp3,Secreted Signaling,PMID: 33462236
Calca,Calcr,Secreted Signaling,PMID: 30741933;PMID: 18599553
Calca,Ramp1,Secreted Signaling,PMID: 30741933;PMID: 18599553
Calca,Ramp2,Secreted Signaling,PMID: 30741933;PMID: 18599553
Calca,Ramp3,Secreted Signaling,PMID: 30741933;PMID: 18599553
Calcb,Calcr,Secreted Signaling,PMID: 30741933;PMID: 18599553
Calcb,Ramp1,Secreted Signaling,PMID: 30741933;PMID: 18599553
Calcb,Ramp2,Secreted Signaling,PMID: 30741933;PMID: 18599553
Calcb,Ramp3,Secreted Signaling,PMID: 30741933;PMID: 18599553
Iapp,Calcr,Secreted Signaling,PMID: 28149534
Iapp,Ramp1,Secreted Signaling,PMID: 28149534
Iapp,Ramp2,Secreted Signaling,PMID: 28149534
Iapp,Ramp3,Secreted Signaling,PMID: 28149534
Proc,Procr,Secreted Signaling,PMID: 35320720
Proc,Hsp90aa1,Secreted Signaling,PMID: 35320720
Proc,F2r,Secreted Signaling,PMID: 29217770
Vtn,Plaur,ECM-Receptor,PMID: 29222114
Tph1,Htr3a,Non-protein Signaling,PMID: 23328530
Tph1,Htr3b,Non-protein Signaling,PMID: 23328530
Slc18a1,Htr3a,Non-protein Signaling,PMID: 23328530
Slc18a1,Htr3b,Non-protein Signaling,PMID: 23328530
Slc18a2,Htr3a,Non-protein Signaling,PMID: 23328530
Slc18a2,Htr3b,Non-protein Signaling,PMID: 23328530
Slc6a4,Htr3a,Non-protein Signaling,PMID: 23328530
Slc6a4,Htr3b,Non-protein Signaling,PMID: 23328530
Tph2,Htr3a,Non-protein Signaling,PMID: 23328530
Tph2,Htr3b,Non-protein Signaling,PMID: 23328530
Slc10a4,Chrna1,Non-protein Signaling,PMID: 33674322;PMID: 25176177
Slc10a4,Chrnb1,Non-protein Signaling,PMID: 33674322;PMID: 25176177
Slc10a4,Chrnd,Non-protein Signaling,PMID: 33674322;PMID: 25176177
Chat,Chrna1,Non-protein Signaling,PMID: 33674322;PMID: 25176177
Chat,Chrnb1,Non-protein Signaling,PMID: 33674322;PMID: 25176177
Chat,Chrnd,Non-protein Signaling,PMID: 33674322;PMID: 25176177
Slc10a4,Chrna3,Non-protein Signaling,PMID: 33674322;PMID: 25176177
Slc10a4,Chrnb4,Non-protein Signaling,PMID: 33674322;PMID: 25176177
Chat,Chrna3,Non-protein Signaling,PMID: 33674322;PMID: 25176177
Chat,Chrnb4,Non-protein Signaling,PMID: 33674322;PMID: 25176177
Slc10a4,Chrna4,Non-protein Signaling,PMID: 33674322;PMID: 25176177
Slc10a4,Chrnb2,Non-protein Signaling,PMID: 33674322;PMID: 25176177
Chat,Chrna4,Non-protein Signaling,PMID: 33674322;PMID: 25176177
Chat,Chrnb2,Non-protein Signaling,PMID: 33674322;PMID: 25176177
Slc10a4,Chrna7,Non-protein Signaling,PMID: 33674322;PMID: 25176177
Chat,Chrna7,Non-protein Signaling,PMID: 33674322;PMID: 25176177
Slc18a3,Chrna1,Non-protein Signaling,PMID: 33674322;uniprot;reactome;IUPHAR
Slc18a3,Chrnb1,Non-protein Signaling,PMID: 33674322;uniprot;reactome;IUPHAR
Slc18a3,Chrnd,Non-protein Signaling,PMID: 33674322;uniprot;reactome;IUPHAR
Slc18a3,Chrna3,Non-protein Signaling,PMID: 33674322;uniprot;reactome;IUPHAR
Slc18a3,Chrnb4,Non-protein Signaling,PMID: 33674322;uniprot;reactome;IUPHAR
Slc18a3,Chrna4,Non-protein Signaling,PMID: 33674322;uniprot;reactome;IUPHAR
Slc18a3,Chrnb2,Non-protein Signaling,PMID: 33674322;uniprot;reactome;IUPHAR
Slc18a3,Chrna7,Non-protein Signaling,PMID: 33674322;uniprot;reactome;IUPHAR
Slc5a7,Chrna1,Non-protein Signaling,PMID: 33674322;uniprot;reactome;IUPHAR
Slc5a7,Chrnb1,Non-protein Signaling,PMID: 33674322;uniprot;reactome;IUPHAR
Slc5a7,Chrnd,Non-protein Signaling,PMID: 33674322;uniprot;reactome;IUPHAR
Slc5a7,Chrna3,Non-protein Signaling,PMID: 33674322;uniprot;reactome;IUPHAR
Slc5a7,Chrnb4,Non-protein Signaling,PMID: 33674322;uniprot;reactome;IUPHAR
Slc5a7,Chrna4,Non-protein Signaling,PMID: 33674322;uniprot;reactome;IUPHAR
Slc5a7,Chrnb2,Non-protein Signaling,PMID: 33674322;uniprot;reactome;IUPHAR
Slc5a7,Chrna7,Non-protein Signaling,PMID: 33674322;uniprot;reactome;IUPHAR
Slc32a1,Gabra1,Non-protein Signaling,PMID: 34417930;PMID: 23038269
Slc32a1,Gabrb3,Non-protein Signaling,PMID: 34417930;PMID: 23038269
Slc32a1,Gabrg2,Non-protein Signaling,PMID: 34417930;PMID: 23038269
Gad1,Gabra1,Non-protein Signaling,PMID: 34417930;PMID: 23038269
Gad1,Gabrb3,Non-protein Signaling,PMID: 34417930;PMID: 23038269
Gad1,Gabrg2,Non-protein Signaling,PMID: 34417930;PMID: 23038269
Slc32a1,Gabrb2,Non-protein Signaling,PMID: 34417930;PMID: 23038269
Gad1,Gabrb2,Non-protein Signaling,PMID: 34417930;PMID: 23038269
Slc32a1,Gabrd,Non-protein Signaling,PMID: 34417930;PMID: 23038269
Gad1,Gabrd,Non-protein Signaling,PMID: 34417930;PMID: 23038269
Slc32a1,Gabra2,Non-protein Signaling,PMID: 34417930;PMID: 23038269
Gad1,Gabra2,Non-protein Signaling,PMID: 34417930;PMID: 23038269
Slc32a1,Gabra3,Non-protein Signaling,PMID: 34417930;PMID: 23038269
Gad1,Gabra3,Non-protein Signaling,PMID: 34417930;PMID: 23038269
Slc32a1,Gabrq,Non-protein Signaling,PMID: 34417930;PMID: 23038269
Gad1,Gabrq,Non-protein Signaling,PMID: 34417930;PMID: 23038269
Slc32a1,Gabre,Non-protein Signaling,PMID: 34417930;PMID: 23038269
Gad1,Gabre,Non-protein Signaling,PMID: 34417930;PMID: 23038269
Slc32a1,Gabra4,Non-protein Signaling,PMID: 34417930;PMID: 23038269
Gad1,Gabra4,Non-protein Signaling,PMID: 34417930;PMID: 23038269
Slc32a1,Gabra5,Non-protein Signaling,PMID: 34417930;PMID: 23038269
Gad1,Gabra5,Non-protein Signaling,PMID: 34417930;PMID: 23038269
Slc32a1,Gabra6,Non-protein Signaling,PMID: 34417930;PMID: 23038269
Gad1,Gabra6,Non-protein Signaling,PMID: 34417930;PMID: 23038269
Slc6a1,Gabra1,Non-protein Signaling,PMID: 34417930;PMID: 23038269
Slc6a1,Gabrb3,Non-protein Signaling,PMID: 34417930;PMID: 23038269
Slc6a1,Gabrg2,Non-protein Signaling,PMID: 34417930;PMID: 23038269
Slc6a1,Gabrb2,Non-protein Signaling,PMID: 34417930;PMID: 23038269
Slc6a1,Gabrd,Non-protein Signaling,PMID: 34417930;PMID: 23038269
Slc6a1,Gabra2,Non-protein Signaling,PMID: 34417930;PMID: 23038269
Slc6a1,Gabra3,Non-protein Signaling,PMID: 34417930;PMID: 23038269
Slc6a1,Gabrq,Non-protein Signaling,PMID: 34417930;PMID: 23038269
Slc6a1,Gabre,Non-protein Signaling,PMID: 34417930;PMID: 23038269
Slc6a1,Gabra4,Non-protein Signaling,PMID: 34417930;PMID: 23038269
Slc6a1,Gabra5,Non-protein Signaling,PMID: 34417930;PMID: 23038269
Slc6a1,Gabra6,Non-protein Signaling,PMID: 34417930;PMID: 23038269
Slc6a11,Gabra1,Non-protein Signaling,PMID: 34417930;PMID: 23038269
Slc6a11,Gabrb3,Non-protein Signaling,PMID: 34417930;PMID: 23038269
Slc6a11,Gabrg2,Non-protein Signaling,PMID: 34417930;PMID: 23038269
Slc6a11,Gabrb2,Non-protein Signaling,PMID: 34417930;PMID: 23038269
Slc6a11,Gabrd,Non-protein Signaling,PMID: 34417930;PMID: 23038269
Slc6a11,Gabra2,Non-protein Signaling,PMID: 34417930;PMID: 23038269
Slc6a11,Gabra3,Non-protein Signaling,PMID: 34417930;PMID: 23038269
Slc6a11,Gabrq,Non-protein Signaling,PMID: 34417930;PMID: 23038269
Slc6a11,Gabre,Non-protein Signaling,PMID: 34417930;PMID: 23038269
Slc6a11,Gabra4,Non-protein Signaling,PMID: 34417930;PMID: 23038269
Slc6a11,Gabra5,Non-protein Signaling,PMID: 34417930;PMID: 23038269
Slc6a11,Gabra6,Non-protein Signaling,PMID: 34417930;PMID: 23038269
Slc6a12,Gabra1,Non-protein Signaling,PMID: 34417930;PMID: 23038269
Slc6a12,Gabrb3,Non-protein Signaling,PMID: 34417930;PMID: 23038269
Slc6a12,Gabrg2,Non-protein Signaling,PMID: 34417930;PMID: 23038269
Slc6a12,Gabrb2,Non-protein Signaling,PMID: 34417930;PMID: 23038269
Slc6a12,Gabrd,Non-protein Signaling,PMID: 34417930;PMID: 23038269
Slc6a12,Gabra2,Non-protein Signaling,PMID: 34417930;PMID: 23038269
Slc6a12,Gabra3,Non-protein Signaling,PMID: 34417930;PMID: 23038269
Slc6a12,Gabrq,Non-protein Signaling,PMID: 34417930;PMID: 23038269
Slc6a12,Gabre,Non-protein Signaling,PMID: 34417930;PMID: 23038269
Slc6a12,Gabra4,Non-protein Signaling,PMID: 34417930;PMID: 23038269
Slc6a12,Gabra5,Non-protein Signaling,PMID: 34417930;PMID: 23038269
Slc6a12,Gabra6,Non-protein Signaling,PMID: 34417930;PMID: 23038269
Slc6a13,Gabra1,Non-protein Signaling,PMID: 34417930;PMID: 23038269
Slc6a13,Gabrb3,Non-protein Signaling,PMID: 34417930;PMID: 23038269
Slc6a13,Gabrg2,Non-protein Signaling,PMID: 34417930;PMID: 23038269
Slc6a13,Gabrb2,Non-protein Signaling,PMID: 34417930;PMID: 23038269
Slc6a13,Gabrd,Non-protein Signaling,PMID: 34417930;PMID: 23038269
Slc6a13,Gabra2,Non-protein Signaling,PMID: 34417930;PMID: 23038269
Slc6a13,Gabra3,Non-protein Signaling,PMID: 34417930;PMID: 23038269
Slc6a13,Gabrq,Non-protein Signaling,PMID: 34417930;PMID: 23038269
Slc6a13,Gabre,Non-protein Signaling,PMID: 34417930;PMID: 23038269
Slc6a13,Gabra4,Non-protein Signaling,PMID: 34417930;PMID: 23038269
Slc6a13,Gabra5,Non-protein Signaling,PMID: 34417930;PMID: 23038269
Slc6a13,Gabra6,Non-protein Signaling,PMID: 34417930;PMID: 23038269
Slc6a6,Gabra1,Non-protein Signaling,PMID: 34417930;PMID: 23038269
Slc6a6,Gabrb3,Non-protein Signaling,PMID: 34417930;PMID: 23038269
Slc6a6,Gabrg2,Non-protein Signaling,PMID: 34417930;PMID: 23038269
Slc6a6,Gabrb2,Non-protein Signaling,PMID: 34417930;PMID: 23038269
Slc6a6,Gabrd,Non-protein Signaling,PMID: 34417930;PMID: 23038269
Slc6a6,Gabra2,Non-protein Signaling,PMID: 34417930;PMID: 23038269
Slc6a6,Gabra3,Non-protein Signaling,PMID: 34417930;PMID: 23038269
Slc6a6,Gabrq,Non-protein Signaling,PMID: 34417930;PMID: 23038269
Slc6a6,Gabre,Non-protein Signaling,PMID: 34417930;PMID: 23038269
Slc6a6,Gabra4,Non-protein Signaling,PMID: 34417930;PMID: 23038269
Slc6a6,Gabra5,Non-protein Signaling,PMID: 34417930;PMID: 23038269
Slc6a6,Gabra6,Non-protein Signaling,PMID: 34417930;PMID: 23038269
Slc6a8,Gabra1,Non-protein Signaling,PMID: 34417930;PMID: 23038269
Slc6a8,Gabrb3,Non-protein Signaling,PMID: 34417930;PMID: 23038269
Slc6a8,Gabrg2,Non-protein Signaling,PMID: 34417930;PMID: 23038269
Slc6a8,Gabrb2,Non-protein Signaling,PMID: 34417930;PMID: 23038269
Slc6a8,Gabrd,Non-protein Signaling,PMID: 34417930;PMID: 23038269
Slc6a8,Gabra2,Non-protein Signaling,PMID: 34417930;PMID: 23038269
Slc6a8,Gabra3,Non-protein Signaling,PMID: 34417930;PMID: 23038269
Slc6a8,Gabrq,Non-protein Signaling,PMID: 34417930;PMID: 23038269
Slc6a8,Gabre,Non-protein Signaling,PMID: 34417930;PMID: 23038269
Slc6a8,Gabra4,Non-protein Signaling,PMID: 34417930;PMID: 23038269
Slc6a8,Gabra5,Non-protein Signaling,PMID: 34417930;PMID: 23038269
Slc6a8,Gabra6,Non-protein Signaling,PMID: 34417930;PMID: 23038269
Gad2,Gabra1,Non-protein Signaling,PMID: 34417930;PMID: 23038269
Gad2,Gabrb3,Non-protein Signaling,PMID: 34417930;PMID: 23038269
Gad2,Gabrg2,Non-protein Signaling,PMID: 34417930;PMID: 23038269
Gad2,Gabrb2,Non-protein Signaling,PMID: 34417930;PMID: 23038269
Gad2,Gabrd,Non-protein Signaling,PMID: 34417930;PMID: 23038269
Gad2,Gabra2,Non-protein Signaling,PMID: 34417930;PMID: 23038269
Gad2,Gabra3,Non-protein Signaling,PMID: 34417930;PMID: 23038269
Gad2,Gabrq,Non-protein Signaling,PMID: 34417930;PMID: 23038269
Gad2,Gabre,Non-protein Signaling,PMID: 34417930;PMID: 23038269
Gad2,Gabra4,Non-protein Signaling,PMID: 34417930;PMID: 23038269
Gad2,Gabra5,Non-protein Signaling,PMID: 34417930;PMID: 23038269
Gad2,Gabra6,Non-protein Signaling,PMID: 34417930;PMID: 23038269
Slc6a5,Glra1,Non-protein Signaling,PMID: 9131721
Slc6a5,Glrb,Non-protein Signaling,PMID: 9131721
Shmt1,Glra1,Non-protein Signaling,PMID: 9131721
Shmt1,Glrb,Non-protein Signaling,PMID: 9131721
Slc6a5,Glra2,Non-protein Signaling,PMID: 9131721
Shmt1,Glra2,Non-protein Signaling,PMID: 9131721
Slc6a9,Glra1,Non-protein Signaling,PMID: 9131721
Slc6a9,Glrb,Non-protein Signaling,PMID: 9131721
Slc6a9,Glra2,Non-protein Signaling,PMID: 9131721
Shmt2,Glra1,Non-protein Signaling,PMID: 9131721
Shmt2,Glrb,Non-protein Signaling,PMID: 9131721
Shmt2,Glra2,Non-protein Signaling,PMID: 9131721
Sdc1,Adgra2,Cell-Cell Contact,PMID: 31462748
Sdc2,Adgra2,Cell-Cell Contact,PMID: 31462748
Itgav,Adgra2,Cell-Cell Contact,PMID: 31462748
Itgb3,Adgra2,Cell-Cell Contact,PMID: 31462748
Tax1bp3,Adgrb1,Cell-Cell Contact,PMID: 31462748
Rtn4r,Adgrb1,Cell-Cell Contact,PMID: 31462748
Itgav,Adgrb1,Cell-Cell Contact,PMID: 31462748
Itgb5,Adgrb1,Cell-Cell Contact,PMID: 31462748
Tax1bp3,Adgrb2,Cell-Cell Contact,PMID: 31462748
C1ql1,Adgrb3,Cell-Cell Contact,PMID: 31462748
C1ql2,Adgrb3,Cell-Cell Contact,PMID: 31462748
C1ql3,Adgrb3,Cell-Cell Contact,PMID: 31462748
C1ql4,Adgrb3,Cell-Cell Contact,PMID: 31462748
Thy1,Adgre5,Cell-Cell Contact,PMID: 31462748
Itgav,Adgre5,Cell-Cell Contact,PMID: 31462748
Itgb1,Adgre5,Cell-Cell Contact,PMID: 31462748
Itgb3,Adgre5,Cell-Cell Contact,PMID: 31462748
Cd55,Adgre5,Cell-Cell Contact,PMID: 31462748
Cd55b,Adgre5,Cell-Cell Contact,PMID: 31462748
Lpar1,Adgre5,Cell-Cell Contact,PMID: 31462748
Lpar2,Adgre5,Cell-Cell Contact,PMID: 31462748
Lpar3,Adgre5,Cell-Cell Contact,PMID: 31462748
Sftpd,Adgre5,Cell-Cell Contact,PMID: 31462748
Col3a1,Adgrg1,Cell-Cell Contact,PMID: 31462748;UniProtKB
Gast,Adgrg1,Cell-Cell Contact,PMID: 31462748
Tgm2,Adgrg1,Cell-Cell Contact,PMID: 31462748
Col4a1,Adgrg6,Cell-Cell Contact,PMID: 31462748
Col4a2,Adgrg6,Cell-Cell Contact,PMID: 31462748
Col4a3,Adgrg6,Cell-Cell Contact,PMID: 31462748
Col4a4,Adgrg6,Cell-Cell Contact,PMID: 31462748
Col4a5,Adgrg6,Cell-Cell Contact,PMID: 31462748
Col4a6,Adgrg6,Cell-Cell Contact,PMID: 31462748
Lama2,Adgrg6,Cell-Cell Contact,PMID: 31462748
Prnp,Adgrg6,Cell-Cell Contact,PMID: 31462748
Flrt1,Adgrl1,Cell-Cell Contact,PMID: 25728924;PMID: 34022279;PMID: 27091502;PMID: 35907405
Flrt2,Adgrl1,Cell-Cell Contact,PMID: 25728924;PMID: 34022279;PMID: 27091502;PMID: 35907405
Flrt3,Adgrl1,Cell-Cell Contact,PMID: 25728924;PMID: 34022279;PMID: 27091502;PMID: 35907405
Nrxn1,Adgrl1,Cell-Cell Contact,PMID: 25728924;PMID: 34022279;PMID: 27091502;PMID: 35907405
Nrxn2,Adgrl1,Cell-Cell Contact,PMID: 25728924;PMID: 34022279;PMID: 27091502;PMID: 35907405
Nrxn3,Adgrl1,Cell-Cell Contact,PMID: 25728924;PMID: 34022279;PMID: 27091502;PMID: 35907405
Tenm1,Adgrl1,Cell-Cell Contact,PMID: 25728924;PMID: 34022279;PMID: 27091502;PMID: 35907405
Tenm2,Adgrl1,Cell-Cell Contact,PMID: 25728924;PMID: 34022279;PMID: 27091502;PMID: 35907405
Tenm3,Adgrl1,Cell-Cell Contact,PMID: 25728924;PMID: 34022279;PMID: 27091502;PMID: 35907405
Tenm4,Adgrl1,Cell-Cell Contact,PMID: 25728924;PMID: 34022279;PMID: 27091502;PMID: 35907405
Flrt1,Adgrl2,Cell-Cell Contact,PMID: 25728924;PMID: 34022279;PMID: 27091502;PMID: 35907405
Flrt2,Adgrl2,Cell-Cell Contact,PMID: 25728924;PMID: 34022279;PMID: 27091502;PMID: 35907405
Flrt3,Adgrl2,Cell-Cell Contact,PMID: 25728924;PMID: 34022279;PMID: 27091502;PMID: 35907405
Tenm1,Adgrl2,Cell-Cell Contact,PMID: 25728924;PMID: 34022279;PMID: 27091502;PMID: 35907405
Tenm2,Adgrl2,Cell-Cell Contact,PMID: 25728924;PMID: 34022279;PMID: 27091502;PMID: 35907405
Tenm3,Adgrl2,Cell-Cell Contact,PMID: 25728924;PMID: 34022279;PMID: 27091502;PMID: 35907405
Tenm4,Adgrl2,Cell-Cell Contact,PMID: 25728924;PMID: 34022279;PMID: 27091502;PMID: 35907405
Flrt1,Adgrl3,Cell-Cell Contact,PMID: 25728924;PMID: 34022279;PMID: 27091502;PMID: 35907405
Flrt2,Adgrl3,Cell-Cell Contact,PMID: 25728924;PMID: 34022279;PMID: 27091502;PMID: 35907405
Flrt3,Adgrl3,Cell-Cell Contact,PMID: 25728924;PMID: 34022279;PMID: 27091502;PMID: 35907405
Tenm1,Adgrl3,Cell-Cell Contact,PMID: 25728924;PMID: 34022279;PMID: 27091502;PMID: 35907405
Tenm2,Adgrl3,Cell-Cell Contact,PMID: 25728924;PMID: 34022279;PMID: 27091502;PMID: 35907405
Tenm3,Adgrl3,Cell-Cell Contact,PMID: 25728924;PMID: 34022279;PMID: 27091502;PMID: 35907405
Tenm4,Adgrl3,Cell-Cell Contact,PMID: 25728924;PMID: 34022279;PMID: 27091502;PMID: 35907405
Unc5a,Adgrl3,Cell-Cell Contact,PMID: 25728924;PMID: 34022279;PMID: 27091502;PMID: 35907405
Flrt1,Flrt1,Cell-Cell Contact,PMID: 27091502
Flrt2,Flrt2,Cell-Cell Contact,PMID: 27091502
Flrt3,Flrt3,Cell-Cell Contact,PMID: 27091502
Flrt1,Unc5a,Cell-Cell Contact,PMID: 27091502
Flrt2,Unc5a,Cell-Cell Contact,PMID: 27091502
Flrt3,Unc5a,Cell-Cell Contact,PMID: 27091502
Flrt1,Unc5b,Cell-Cell Contact,PMID: 27091502
Flrt2,Unc5b,Cell-Cell Contact,PMID: 27091502
Flrt3,Unc5b,Cell-Cell Contact,PMID: 27091502
Flrt1,Unc5c,Cell-Cell Contact,PMID: 27091502
Flrt2,Unc5c,Cell-Cell Contact,PMID: 27091502
Flrt3,Unc5c,Cell-Cell Contact,PMID: 27091502
Flrt1,Unc5d,Cell-Cell Contact,PMID: 27091502
Flrt2,Unc5d,Cell-Cell Contact,PMID: 27091502
Flrt3,Unc5d,Cell-Cell Contact,PMID: 27091502
Slc29a1,Adora1,Non-protein Signaling,PMID:32514148
Nt5e,Adora1,Non-protein Signaling,PMID:32514148
Slc29a2,Adora1,Non-protein Signaling,PMID:32514149
Slc29a3,Adora1,Non-protein Signaling,PMID:32514150
Slc29a4,Adora1,Non-protein Signaling,PMID:32514151
Slc29a1,Adora2a,Non-protein Signaling,PMID:32514152
Nt5e,Adora2a,Non-protein Signaling,PMID:32514152
Slc29a2,Adora2a,Non-protein Signaling,PMID:32514153
Slc29a3,Adora2a,Non-protein Signaling,PMID:32514154
Slc29a4,Adora2a,Non-protein Signaling,PMID:32514155
Slc29a1,Adora2b,Non-protein Signaling,PMID:32514156
Nt5e,Adora2b,Non-protein Signaling,PMID:32514156
Slc29a2,Adora2b,Non-protein Signaling,PMID:32514157
Slc29a3,Adora2b,Non-protein Signaling,PMID:32514158
Slc29a4,Adora2b,Non-protein Signaling,PMID:32514159
Slc29a1,Adora3,Non-protein Signaling,PMID:32514160
Nt5e,Adora3,Non-protein Signaling,PMID:32514160
Slc29a2,Adora3,Non-protein Signaling,PMID:32514161
Slc29a3,Adora3,Non-protein Signaling,PMID:32514162
Slc29a4,Adora3,Non-protein Signaling,PMID:32514163
Pnmt,Adra1a,Non-protein Signaling,PMID:32514164
Slc18a1,Adra1a,Non-protein Signaling,PMID:32514164
Slc18a2,Adra1a,Non-protein Signaling,PMID:32514165
Dbh,Adra1a,Non-protein Signaling,PMID: 29733063_HMRbase;reactome
Slc6a2,Adra1a,Non-protein Signaling,PMID: 29733063_HMRbase;reactome
Pnmt,Adra1b,Non-protein Signaling,PMID: 29733063_HMRbase;reactome
Slc18a1,Adra1b,Non-protein Signaling,PMID: 29733063_HMRbase;reactome
Slc18a2,Adra1b,Non-protein Signaling,PMID: 29733063_HMRbase;reactome
Dbh,Adra1b,Non-protein Signaling,PMID: 29733063_HMRbase;reactome
Slc6a2,Adra1b,Non-protein Signaling,PMID: 29733063_HMRbase;reactome
Pnmt,Adra1d,Non-protein Signaling,PMID: 29733063_HMRbase;reactome
Slc18a1,Adra1d,Non-protein Signaling,PMID: 29733063_HMRbase;reactome
Slc18a2,Adra1d,Non-protein Signaling,PMID: 29733063_HMRbase;reactome
Dbh,Adra1d,Non-protein Signaling,PMID: 29733063_HMRbase;reactome
Slc6a2,Adra1d,Non-protein Signaling,PMID: 29733063_HMRbase;reactome
Pnmt,Adra2a,Non-protein Signaling,PMID: 29733063_HMRbase;reactome
Slc18a1,Adra2a,Non-protein Signaling,PMID: 29733063_HMRbase;reactome
Slc18a2,Adra2a,Non-protein Signaling,PMID: 29733063_HMRbase;reactome
Dbh,Adra2a,Non-protein Signaling,PMID: 29733063_HMRbase;reactome
Slc6a2,Adra2a,Non-protein Signaling,PMID: 29733063_HMRbase;reactome
Pnmt,Adra2b,Non-protein Signaling,PMID: 29733063_HMRbase;reactome
Slc18a1,Adra2b,Non-protein Signaling,PMID: 29733063_HMRbase;reactome
Slc18a2,Adra2b,Non-protein Signaling,PMID: 29733063_HMRbase;reactome
Dbh,Adra2b,Non-protein Signaling,PMID: 29733063_HMRbase;reactome
Slc6a2,Adra2b,Non-protein Signaling,PMID: 29733063_HMRbase;reactome
Pnmt,Adra2c,Non-protein Signaling,PMID: 29733063_HMRbase;reactome
Slc18a1,Adra2c,Non-protein Signaling,PMID: 29733063_HMRbase;reactome
Slc18a2,Adra2c,Non-protein Signaling,PMID: 29733063_HMRbase;reactome
Dbh,Adra2c,Non-protein Signaling,PMID: 29733063_HMRbase;reactome
Slc6a2,Adra2c,Non-protein Signaling,PMID: 29733063_HMRbase;reactome
Pnmt,Adrb1,Non-protein Signaling,PMID: 29733063_HMRbase;reactome
Slc18a1,Adrb1,Non-protein Signaling,PMID: 29733063_HMRbase;reactome
Slc18a2,Adrb1,Non-protein Signaling,PMID: 29733063_HMRbase;reactome
Dbh,Adrb1,Non-protein Signaling,PMID: 29733063_HMRbase;reactome
Slc6a2,Adrb1,Non-protein Signaling,PMID: 29733063_HMRbase;reactome
Pnmt,Adrb2,Non-protein Signaling,PMID: 29733063_HMRbase;reactome
Slc18a1,Adrb2,Non-protein Signaling,PMID: 29733063_HMRbase;reactome
Slc18a2,Adrb2,Non-protein Signaling,PMID: 29733063_HMRbase;reactome
Dbh,Adrb2,Non-protein Signaling,PMID: 29733063_HMRbase;reactome
Slc6a2,Adrb2,Non-protein Signaling,PMID: 29733063_HMRbase;reactome
Pnmt,Adrb3,Non-protein Signaling,PMID: 29733063_HMRbase;reactome
Slc18a1,Adrb3,Non-protein Signaling,PMID: 29733063_HMRbase;reactome
Slc18a2,Adrb3,Non-protein Signaling,PMID: 29733063_HMRbase;reactome
Dbh,Adrb3,Non-protein Signaling,PMID: 29733063_HMRbase;reactome
Slc6a2,Adrb3,Non-protein Signaling,PMID: 29733063_HMRbase;reactome
Agt,Agtr2,Secreted Signaling,PMID: 20606419
Slc10a4,Chrm1,Non-protein Signaling,PMID: 33674322;PMID: 25176177
Chat,Chrm1,Non-protein Signaling,PMID: 33674322;PMID: 25176177
Slc18a3,Chrm1,Non-protein Signaling,PMID: 33674322;PMID: 25176177
Slc5a7,Chrm1,Non-protein Signaling,PMID: 33674322;PMID: 25176177
Slc10a4,Chrm2,Non-protein Signaling,PMID: 33674322;PMID: 25176177
Chat,Chrm2,Non-protein Signaling,PMID: 33674322;PMID: 25176177
Slc18a3,Chrm2,Non-protein Signaling,PMID: 33674322;PMID: 25176177
Slc5a7,Chrm2,Non-protein Signaling,PMID: 33674322;PMID: 25176177
Slc10a4,Chrm3,Non-protein Signaling,PMID: 33674322;PMID: 25176177
Chat,Chrm3,Non-protein Signaling,PMID: 33674322;PMID: 25176177
Slc18a3,Chrm3,Non-protein Signaling,PMID: 33674322;PMID: 25176177
Slc5a7,Chrm3,Non-protein Signaling,PMID: 33674322;PMID: 25176177
Slc10a4,Chrm4,Non-protein Signaling,PMID: 33674322;PMID: 25176177
Chat,Chrm4,Non-protein Signaling,PMID: 33674322;PMID: 25176177
Slc18a3,Chrm4,Non-protein Signaling,PMID: 33674322;PMID: 25176177
Slc5a7,Chrm4,Non-protein Signaling,PMID: 33674322;PMID: 25176177
Slc10a4,Chrm5,Non-protein Signaling,PMID: 33674322;PMID: 25176177
Chat,Chrm5,Non-protein Signaling,PMID: 33674322;PMID: 25176177
Slc18a3,Chrm5,Non-protein Signaling,PMID: 33674322;PMID: 25176177
Slc5a7,Chrm5,Non-protein Signaling,PMID: 33674322;PMID: 25176177
Nrxn1,Clstn1,Cell-Cell Contact,PMID: 32434929
Nrxn2,Clstn1,Cell-Cell Contact,PMID: 32434929
Nrxn1,Clstn2,Cell-Cell Contact,PMID: 32434929
Nrxn2,Clstn2,Cell-Cell Contact,PMID: 32434929
Nrxn1,Clstn3,Cell-Cell Contact,PMID: 32434929
Nrxn2,Clstn3,Cell-Cell Contact,PMID: 32434929
Alox5ap,Cysltr1,Non-protein Signaling,PMID:33753496
Alox5,Cysltr1,Non-protein Signaling,PMID:33753496
Ltc4s,Cysltr1,Non-protein Signaling,PMID:33753496
Akr1c6,Cysltr1,Non-protein Signaling,PMID:33753496
Akr1c18,Cysltr1,Non-protein Signaling,PMID:33753496
Ggt1,Cysltr1,Non-protein Signaling,PMID:33753496
Ggt5,Cysltr1,Non-protein Signaling,PMID:33753496
Dpep1,Cysltr1,Non-protein Signaling,PMID:33753496
Dpep2,Cysltr1,Non-protein Signaling,PMID:33753496
Dpep3,Cysltr1,Non-protein Signaling,PMID:33753496
Alox5ap,Cysltr2,Non-protein Signaling,PMID:33753496
Alox5,Cysltr2,Non-protein Signaling,PMID:33753496
Ltc4s,Cysltr2,Non-protein Signaling,PMID:33753496
Akr1c6,Cysltr2,Non-protein Signaling,PMID:33753496
Akr1c18,Cysltr2,Non-protein Signaling,PMID:33753496
Ggt1,Cysltr2,Non-protein Signaling,PMID:33753496
Ggt5,Cysltr2,Non-protein Signaling,PMID:33753496
Dpep1,Cysltr2,Non-protein Signaling,PMID:33753496
Dpep2,Cysltr2,Non-protein Signaling,PMID:33753496
Dpep3,Cysltr2,Non-protein Signaling,PMID:33753496
Nrxn1,Dag1,Cell-Cell Contact,PMID: 21628410
Nrxn2,Dag1,Cell-Cell Contact,PMID: 21628410
Ddc,Drd1,Non-protein Signaling,PMID: 33750903;PMID: 35679960;PMID: 15521361
Slc18a1,Drd1,Non-protein Signaling,PMID: 33750903;PMID: 35679960;PMID: 15521361
Slc18a2,Drd1,Non-protein Signaling,PMID: 33750903;PMID: 35679960;PMID: 15521361
Slc6a3,Drd1,Non-protein Signaling,PMID: 33750903;PMID: 35679960;PMID: 15521361
Ddc,Drd2,Non-protein Signaling,PMID: 33750903;PMID: 35679960;PMID: 15521361
Slc18a1,Drd2,Non-protein Signaling,PMID: 33750903;PMID: 35679960;PMID: 15521361
Slc18a2,Drd2,Non-protein Signaling,PMID: 33750903;PMID: 35679960;PMID: 15521361
Slc6a3,Drd2,Non-protein Signaling,PMID: 33750903;PMID: 35679960;PMID: 15521361
Ddc,Drd3,Non-protein Signaling,PMID: 33750903;PMID: 35679960;PMID: 15521361
Slc18a1,Drd3,Non-protein Signaling,PMID: 33750903;PMID: 35679960;PMID: 15521361
Slc18a2,Drd3,Non-protein Signaling,PMID: 33750903;PMID: 35679960;PMID: 15521361
Slc6a3,Drd3,Non-protein Signaling,PMID: 33750903;PMID: 35679960;PMID: 15521361
Ddc,Drd4,Non-protein Signaling,PMID: 33750903;PMID: 35679960;PMID: 15521361
Slc18a1,Drd4,Non-protein Signaling,PMID: 33750903;PMID: 35679960;PMID: 15521361
Slc18a2,Drd4,Non-protein Signaling,PMID: 33750903;PMID: 35679960;PMID: 15521361
Slc6a3,Drd4,Non-protein Signaling,PMID: 33750903;PMID: 35679960;PMID: 15521361
Ddc,Drd5,Non-protein Signaling,PMID: 33750903;PMID: 35679960;PMID: 15521361
Slc18a1,Drd5,Non-protein Signaling,PMID: 33750903;PMID: 35679960;PMID: 15521361
Slc18a2,Drd5,Non-protein Signaling,PMID: 33750903;PMID: 35679960;PMID: 15521361
Slc6a3,Drd5,Non-protein Signaling,PMID: 33750903;PMID: 35679960;PMID: 15521361
Tafa4,Fpr1,Secreted Signaling,PMID: 35712659;PMID: 35712659
Ctsg,Fpr1,Secreted Signaling,PMID: 26516201
Alox12,Fpr-rs7,Non-protein Signaling,PMID: 33082511
Alox12,Fpr-rs6,Non-protein Signaling,PMID: 33082511
Alox12,Fpr3,Non-protein Signaling,PMID: 33082511
Alox12,Fpr-rs4,Non-protein Signaling,PMID: 33082511
Alox12,Fpr-rs3,Non-protein Signaling,PMID: 33082511
Alox12,Fpr2,Non-protein Signaling,PMID: 33082511
Alox5,Fpr-rs7,Non-protein Signaling,PMID: 33082511
Alox5ap,Fpr-rs7,Non-protein Signaling,PMID: 33082511
Ltc4s,Fpr-rs7,Non-protein Signaling,PMID: 33082511
Alox5,Fpr-rs6,Non-protein Signaling,PMID: 33082511
Alox5ap,Fpr-rs6,Non-protein Signaling,PMID: 33082511
Ltc4s,Fpr-rs6,Non-protein Signaling,PMID: 33082511
Alox5,Fpr3,Non-protein Signaling,PMID: 33082511
Alox5ap,Fpr3,Non-protein Signaling,PMID: 33082511
Ltc4s,Fpr3,Non-protein Signaling,PMID: 33082511
Alox5,Fpr-rs4,Non-protein Signaling,PMID: 33082511
Alox5ap,Fpr-rs4,Non-protein Signaling,PMID: 33082511
Ltc4s,Fpr-rs4,Non-protein Signaling,PMID: 33082511
Alox5,Fpr-rs3,Non-protein Signaling,PMID: 33082511
Alox5ap,Fpr-rs3,Non-protein Signaling,PMID: 33082511
Ltc4s,Fpr-rs3,Non-protein Signaling,PMID: 33082511
Alox5,Fpr2,Non-protein Signaling,PMID: 33082511
Alox5ap,Fpr2,Non-protein Signaling,PMID: 33082511
Ltc4s,Fpr2,Non-protein Signaling,PMID: 33082511
Anxa1,Fpr-rs7,Secreted Signaling,PMID: 33082511
Anxa1,Fpr-rs6,Secreted Signaling,PMID: 33082511
Anxa1,Fpr-rs4,Secreted Signaling,PMID: 33082511
Anxa1,Fpr-rs3,Secreted Signaling,PMID: 33082511
Slc32a1,Gabbr1,Non-protein Signaling,PMID: 32871173;PMID: 30541966
Gad1,Gabbr1,Non-protein Signaling,PMID: 32871173;PMID: 30541966
Slc6a1,Gabbr1,Non-protein Signaling,PMID: 32871173;PMID: 30541966
Slc6a11,Gabbr1,Non-protein Signaling,PMID: 32871173;PMID: 30541966
Slc6a12,Gabbr1,Non-protein Signaling,PMID: 32871173;PMID: 30541966
Slc6a13,Gabbr1,Non-protein Signaling,PMID: 32871173;PMID: 30541966
Slc6a6,Gabbr1,Non-protein Signaling,PMID: 32871173;PMID: 30541966
Slc6a8,Gabbr1,Non-protein Signaling,PMID: 32871173;PMID: 30541966
Gad2,Gabbr1,Non-protein Signaling,PMID: 32871173;PMID: 30541966
Slc32a1,Gabbr2,Non-protein Signaling,PMID: 32871173;PMID: 30541966
Gad1,Gabbr2,Non-protein Signaling,PMID: 32871173;PMID: 30541966
Slc6a1,Gabbr2,Non-protein Signaling,PMID: 32871173;PMID: 30541966
Slc6a11,Gabbr2,Non-protein Signaling,PMID: 32871173;PMID: 30541966
Slc6a12,Gabbr2,Non-protein Signaling,PMID: 32871173;PMID: 30541966
Slc6a13,Gabbr2,Non-protein Signaling,PMID: 32871173;PMID: 30541966
Slc6a6,Gabbr2,Non-protein Signaling,PMID: 32871173;PMID: 30541966
Slc6a8,Gabbr2,Non-protein Signaling,PMID: 32871173;PMID: 30541966
Gad2,Gabbr2,Non-protein Signaling,PMID: 32871173;PMID: 30541966
Galp,Galr3,Secreted Signaling,PMID: 23233848
Slc17a6,Gria1,Non-protein Signaling,PMID: 24155668;PMID: 14612154
Gls,Gria1,Non-protein Signaling,PMID: 24155668;PMID: 14612154
Slc17a7,Gria1,Non-protein Signaling,PMID: 24155668;PMID: 14612154
Slc17a8,Gria1,Non-protein Signaling,PMID: 24155668;PMID: 14612154
Slc1a1,Gria1,Non-protein Signaling,PMID: 24155668;PMID: 14612154
Slc1a2,Gria1,Non-protein Signaling,PMID: 24155668;PMID: 14612154
Slc1a3,Gria1,Non-protein Signaling,PMID: 24155668;PMID: 14612154
Slc1a6,Gria1,Non-protein Signaling,PMID: 24155668;PMID: 14612154
Slc1a7,Gria1,Non-protein Signaling,PMID: 24155668;PMID: 14612154
Gls2,Gria1,Non-protein Signaling,PMID: 24155668;PMID: 14612154
Slc17a6,Gria2,Non-protein Signaling,PMID: 24155668;PMID: 14612154
Gls,Gria2,Non-protein Signaling,PMID: 24155668;PMID: 14612154
Slc17a7,Gria2,Non-protein Signaling,PMID: 24155668;PMID: 14612154
Slc17a8,Gria2,Non-protein Signaling,PMID: 24155668;PMID: 14612154
Slc1a1,Gria2,Non-protein Signaling,PMID: 24155668;PMID: 14612154
Slc1a2,Gria2,Non-protein Signaling,PMID: 24155668;PMID: 14612154
Slc1a3,Gria2,Non-protein Signaling,PMID: 24155668;PMID: 14612154
Slc1a6,Gria2,Non-protein Signaling,PMID: 24155668;PMID: 14612154
Slc1a7,Gria2,Non-protein Signaling,PMID: 24155668;PMID: 14612154
Gls2,Gria2,Non-protein Signaling,PMID: 24155668;PMID: 14612154
Slc17a6,Gria3,Non-protein Signaling,PMID: 24155668;PMID: 14612154
Gls,Gria3,Non-protein Signaling,PMID: 24155668;PMID: 14612154
Slc17a7,Gria3,Non-protein Signaling,PMID: 24155668;PMID: 14612154
Slc17a8,Gria3,Non-protein Signaling,PMID: 24155668;PMID: 14612154
Slc1a1,Gria3,Non-protein Signaling,PMID: 24155668;PMID: 14612154
Slc1a2,Gria3,Non-protein Signaling,PMID: 24155668;PMID: 14612154
Slc1a3,Gria3,Non-protein Signaling,PMID: 24155668;PMID: 14612154
Slc1a6,Gria3,Non-protein Signaling,PMID: 24155668;PMID: 14612154
Slc1a7,Gria3,Non-protein Signaling,PMID: 24155668;PMID: 14612154
Gls2,Gria3,Non-protein Signaling,PMID: 24155668;PMID: 14612154
Slc17a6,Gria4,Non-protein Signaling,PMID: 24155668;PMID: 14612154
Gls,Gria4,Non-protein Signaling,PMID: 24155668;PMID: 14612154
Slc17a7,Gria4,Non-protein Signaling,PMID: 24155668;PMID: 14612154
Slc17a8,Gria4,Non-protein Signaling,PMID: 24155668;PMID: 14612154
Slc1a1,Gria4,Non-protein Signaling,PMID: 24155668;PMID: 14612154
Slc1a2,Gria4,Non-protein Signaling,PMID: 24155668;PMID: 14612154
Slc1a3,Gria4,Non-protein Signaling,PMID: 24155668;PMID: 14612154
Slc1a6,Gria4,Non-protein Signaling,PMID: 24155668;PMID: 14612154
Slc1a7,Gria4,Non-protein Signaling,PMID: 24155668;PMID: 14612154
Gls2,Gria4,Non-protein Signaling,PMID: 24155668;PMID: 14612154
Nrxn1,Grid2,Non-protein Signaling,PMID: 24155668;PMID: 14612154
Cbln1,Grid2,Non-protein Signaling,PMID: 24155668;PMID: 14612154
Slc17a6,Grik1,Non-protein Signaling,PMID: 24155668;PMID: 14612154
Gls,Grik1,Non-protein Signaling,PMID: 24155668;PMID: 14612154
Slc17a7,Grik1,Non-protein Signaling,PMID: 24155668;PMID: 14612154
Slc17a8,Grik1,Non-protein Signaling,PMID: 24155668;PMID: 14612154
Slc1a1,Grik1,Non-protein Signaling,PMID: 24155668;PMID: 14612154
Slc1a2,Grik1,Non-protein Signaling,PMID: 24155668;PMID: 14612154
Slc1a3,Grik1,Non-protein Signaling,PMID: 24155668;PMID: 14612154
Slc1a6,Grik1,Non-protein Signaling,PMID: 24155668;PMID: 14612154
Slc1a7,Grik1,Non-protein Signaling,PMID: 24155668;PMID: 14612154
Gls2,Grik1,Non-protein Signaling,PMID: 24155668;PMID: 14612154
Slc17a6,Grik2,Non-protein Signaling,PMID: 24155668;PMID: 14612154
Gls,Grik2,Non-protein Signaling,PMID: 24155668;PMID: 14612154
Slc17a7,Grik2,Non-protein Signaling,PMID: 24155668;PMID: 14612154
Slc17a8,Grik2,Non-protein Signaling,PMID: 24155668;PMID: 14612154
Slc1a1,Grik2,Non-protein Signaling,PMID: 24155668;PMID: 14612154
Slc1a2,Grik2,Non-protein Signaling,PMID: 24155668;PMID: 14612154
Slc1a3,Grik2,Non-protein Signaling,PMID: 24155668;PMID: 14612154
Slc1a6,Grik2,Non-protein Signaling,PMID: 24155668;PMID: 14612154
Slc1a7,Grik2,Non-protein Signaling,PMID: 24155668;PMID: 14612154
Gls2,Grik2,Non-protein Signaling,PMID: 24155668;PMID: 14612154
Slc17a6,Grik3,Non-protein Signaling,PMID: 24155668;PMID: 14612154
Gls,Grik3,Non-protein Signaling,PMID: 24155668;PMID: 14612154
Slc17a7,Grik3,Non-protein Signaling,PMID: 24155668;PMID: 14612154
Slc17a8,Grik3,Non-protein Signaling,PMID: 24155668;PMID: 14612154
Slc1a1,Grik3,Non-protein Signaling,PMID: 24155668;PMID: 14612154
Slc1a2,Grik3,Non-protein Signaling,PMID: 24155668;PMID: 14612154
Slc1a3,Grik3,Non-protein Signaling,PMID: 24155668;PMID: 14612154
Slc1a6,Grik3,Non-protein Signaling,PMID: 24155668;PMID: 14612154
Slc1a7,Grik3,Non-protein Signaling,PMID: 24155668;PMID: 14612154
Gls2,Grik3,Non-protein Signaling,PMID: 24155668;PMID: 14612154
Slc17a6,Grm1,Non-protein Signaling,PMID: 24155668;PMID: 14612154
Gls,Grm1,Non-protein Signaling,PMID: 24155668;PMID: 14612154
Slc17a7,Grm1,Non-protein Signaling,PMID: 24155668;PMID: 14612154
Slc17a8,Grm1,Non-protein Signaling,PMID: 24155668;PMID: 14612154
Slc1a1,Grm1,Non-protein Signaling,PMID: 24155668;PMID: 14612154
Slc1a2,Grm1,Non-protein Signaling,PMID: 24155668;PMID: 14612154
Slc1a3,Grm1,Non-protein Signaling,PMID: 24155668;PMID: 14612154
Slc1a6,Grm1,Non-protein Signaling,PMID: 24155668;PMID: 14612154
Slc1a7,Grm1,Non-protein Signaling,PMID: 24155668;PMID: 14612154
Gls2,Grm1,Non-protein Signaling,PMID: 24155668;PMID: 14612154
Slc17a6,Grm2,Non-protein Signaling,PMID: 24155668;PMID: 14612154
Gls,Grm2,Non-protein Signaling,PMID: 24155668;PMID: 14612154
Slc17a7,Grm2,Non-protein Signaling,PMID: 24155668;PMID: 14612154
Slc17a8,Grm2,Non-protein Signaling,PMID: 24155668;PMID: 14612154
Slc1a1,Grm2,Non-protein Signaling,PMID: 24155668;PMID: 14612154
Slc1a2,Grm2,Non-protein Signaling,PMID: 24155668;PMID: 14612154
Slc1a3,Grm2,Non-protein Signaling,PMID: 24155668;PMID: 14612154
Slc1a6,Grm2,Non-protein Signaling,PMID: 24155668;PMID: 14612154
Slc1a7,Grm2,Non-protein Signaling,PMID: 24155668;PMID: 14612154
Gls2,Grm2,Non-protein Signaling,PMID: 24155668;PMID: 14612154
Slc17a6,Grm3,Non-protein Signaling,PMID: 24155668;PMID: 14612154
Gls,Grm3,Non-protein Signaling,PMID: 24155668;PMID: 14612154
Slc17a7,Grm3,Non-protein Signaling,PMID: 24155668;PMID: 14612154
Slc17a8,Grm3,Non-protein Signaling,PMID: 24155668;PMID: 14612154
Slc1a1,Grm3,Non-protein Signaling,PMID: 24155668;PMID: 14612154
Slc1a2,Grm3,Non-protein Signaling,PMID: 24155668;PMID: 14612154
Slc1a3,Grm3,Non-protein Signaling,PMID: 24155668;PMID: 14612154
Slc1a6,Grm3,Non-protein Signaling,PMID: 24155668;PMID: 14612154
Slc1a7,Grm3,Non-protein Signaling,PMID: 24155668;PMID: 14612154
Gls2,Grm3,Non-protein Signaling,PMID: 24155668;PMID: 14612154
Slc17a6,Grm4,Non-protein Signaling,PMID: 24155668;PMID: 14612154
Gls,Grm4,Non-protein Signaling,PMID: 24155668;PMID: 14612154
Slc17a7,Grm4,Non-protein Signaling,PMID: 24155668;PMID: 14612154
Slc17a8,Grm4,Non-protein Signaling,PMID: 24155668;PMID: 14612154
Slc1a1,Grm4,Non-protein Signaling,PMID: 24155668;PMID: 14612154
Slc1a2,Grm4,Non-protein Signaling,PMID: 24155668;PMID: 14612154
Slc1a3,Grm4,Non-protein Signaling,PMID: 24155668;PMID: 14612154
Slc1a6,Grm4,Non-protein Signaling,PMID: 24155668;PMID: 14612154
Slc1a7,Grm4,Non-protein Signaling,PMID: 24155668;PMID: 14612154
Gls2,Grm4,Non-protein Signaling,PMID: 24155668;PMID: 14612154
Slc17a6,Grm5,Non-protein Signaling,PMID: 24155668;PMID: 14612154
Gls,Grm5,Non-protein Signaling,PMID: 24155668;PMID: 14612154
Slc17a7,Grm5,Non-protein Signaling,PMID: 24155668;PMID: 14612154
Slc17a8,Grm5,Non-protein Signaling,PMID: 24155668;PMID: 14612154
Slc1a1,Grm5,Non-protein Signaling,PMID: 24155668;PMID: 14612154
Slc1a2,Grm5,Non-protein Signaling,PMID: 24155668;PMID: 14612154
Slc1a3,Grm5,Non-protein Signaling,PMID: 24155668;PMID: 14612154
Slc1a6,Grm5,Non-protein Signaling,PMID: 24155668;PMID: 14612154
Slc1a7,Grm5,Non-protein Signaling,PMID: 24155668;PMID: 14612154
Gls2,Grm5,Non-protein Signaling,PMID: 24155668;PMID: 14612154
Slc17a6,Grm6,Non-protein Signaling,PMID: 24155668;PMID: 14612154
Gls,Grm6,Non-protein Signaling,PMID: 24155668;PMID: 14612154
Slc17a7,Grm6,Non-protein Signaling,PMID: 24155668;PMID: 14612154
Slc17a8,Grm6,Non-protein Signaling,PMID: 24155668;PMID: 14612154
Slc1a1,Grm6,Non-protein Signaling,PMID: 24155668;PMID: 14612154
Slc1a2,Grm6,Non-protein Signaling,PMID: 24155668;PMID: 14612154
Slc1a3,Grm6,Non-protein Signaling,PMID: 24155668;PMID: 14612154
Slc1a6,Grm6,Non-protein Signaling,PMID: 24155668;PMID: 14612154
Slc1a7,Grm6,Non-protein Signaling,PMID: 24155668;PMID: 14612154
Gls2,Grm6,Non-protein Signaling,PMID: 24155668;PMID: 14612154
Slc17a6,Grm7,Non-protein Signaling,PMID: 24155668;PMID: 14612154
Gls,Grm7,Non-protein Signaling,PMID: 24155668;PMID: 14612154
Slc17a7,Grm7,Non-protein Signaling,PMID: 24155668;PMID: 14612154
Slc17a8,Grm7,Non-protein Signaling,PMID: 24155668;PMID: 14612154
Slc1a1,Grm7,Non-protein Signaling,PMID: 24155668;PMID: 14612154
Slc1a2,Grm7,Non-protein Signaling,PMID: 24155668;PMID: 14612154
Slc1a3,Grm7,Non-protein Signaling,PMID: 24155668;PMID: 14612154
Slc1a6,Grm7,Non-protein Signaling,PMID: 24155668;PMID: 14612154
Slc1a7,Grm7,Non-protein Signaling,PMID: 24155668;PMID: 14612154
Gls2,Grm7,Non-protein Signaling,PMID: 24155668;PMID: 14612154
Slc17a6,Grm8,Non-protein Signaling,PMID: 24155668;PMID: 14612154
Gls,Grm8,Non-protein Signaling,PMID: 24155668;PMID: 14612154
Slc17a7,Grm8,Non-protein Signaling,PMID: 24155668;PMID: 14612154
Slc17a8,Grm8,Non-protein Signaling,PMID: 24155668;PMID: 14612154
Slc1a1,Grm8,Non-protein Signaling,PMID: 24155668;PMID: 14612154
Slc1a2,Grm8,Non-protein Signaling,PMID: 24155668;PMID: 14612154
Slc1a3,Grm8,Non-protein Signaling,PMID: 24155668;PMID: 14612154
Slc1a6,Grm8,Non-protein Signaling,PMID: 24155668;PMID: 14612154
Slc1a7,Grm8,Non-protein Signaling,PMID: 24155668;PMID: 14612154
Gls2,Grm8,Non-protein Signaling,PMID: 24155668;PMID: 14612154
Hdc,Hrh1,Non-protein Signaling,PMID: 35378699;PMID: 10444208
Hdc,Hrh2,Non-protein Signaling,PMID: 35378699;PMID: 10444208
Hdc,Hrh3,Non-protein Signaling,PMID: 35378699;PMID: 10444208
Hdc,Hrh4,Non-protein Signaling,PMID: 35378699;PMID: 10444208
Tph1,Htr1a,Non-protein Signaling,PMID: 23328530
Slc18a1,Htr1a,Non-protein Signaling,PMID: 23328530
Slc18a2,Htr1a,Non-protein Signaling,PMID: 23328530
Slc6a4,Htr1a,Non-protein Signaling,PMID: 23328530
Tph2,Htr1a,Non-protein Signaling,PMID: 23328530
Tph1,Htr1b,Non-protein Signaling,PMID: 23328530
Slc18a1,Htr1b,Non-protein Signaling,PMID: 23328530
Slc18a2,Htr1b,Non-protein Signaling,PMID: 23328530
Slc6a4,Htr1b,Non-protein Signaling,PMID: 23328530
Tph2,Htr1b,Non-protein Signaling,PMID: 23328530
Tph1,Htr1d,Non-protein Signaling,PMID: 23328530
Slc18a1,Htr1d,Non-protein Signaling,PMID: 23328530
Slc18a2,Htr1d,Non-protein Signaling,PMID: 23328530
Slc6a4,Htr1d,Non-protein Signaling,PMID: 23328530
Tph2,Htr1d,Non-protein Signaling,PMID: 23328530
Tph1,Htr1e,Non-protein Signaling,PMID: 23328530
Slc18a1,Htr1e,Non-protein Signaling,PMID: 23328530
Slc18a2,Htr1e,Non-protein Signaling,PMID: 23328530
Slc6a4,Htr1e,Non-protein Signaling,PMID: 23328530
Tph2,Htr1e,Non-protein Signaling,PMID: 23328530
Tph1,Htr1f,Non-protein Signaling,PMID: 23328530
Slc18a1,Htr1f,Non-protein Signaling,PMID: 23328530
Slc18a2,Htr1f,Non-protein Signaling,PMID: 23328530
Slc6a4,Htr1f,Non-protein Signaling,PMID: 23328530
Tph2,Htr1f,Non-protein Signaling,PMID: 23328530
Tph1,Htr2a,Non-protein Signaling,PMID: 23328530
Slc18a1,Htr2a,Non-protein Signaling,PMID: 23328530
Slc18a2,Htr2a,Non-protein Signaling,PMID: 23328530
Slc6a4,Htr2a,Non-protein Signaling,PMID: 23328530
Tph2,Htr2a,Non-protein Signaling,PMID: 23328530
Tph1,Htr2b,Non-protein Signaling,PMID: 23328530
Slc18a1,Htr2b,Non-protein Signaling,PMID: 23328530
Slc18a2,Htr2b,Non-protein Signaling,PMID: 23328530
Slc6a4,Htr2b,Non-protein Signaling,PMID: 23328530
Tph2,Htr2b,Non-protein Signaling,PMID: 23328530
Tph1,Htr2c,Non-protein Signaling,PMID: 23328530
Slc18a1,Htr2c,Non-protein Signaling,PMID: 23328530
Slc18a2,Htr2c,Non-protein Signaling,PMID: 23328530
Slc6a4,Htr2c,Non-protein Signaling,PMID: 23328530
Tph2,Htr2c,Non-protein Signaling,PMID: 23328530
Tph1,Htr4,Non-protein Signaling,PMID: 23328530
Slc18a1,Htr4,Non-protein Signaling,PMID: 23328530
Slc18a2,Htr4,Non-protein Signaling,PMID: 23328530
Slc6a4,Htr4,Non-protein Signaling,PMID: 23328530
Tph2,Htr4,Non-protein Signaling,PMID: 23328530
Tph1,Htr5a,Non-protein Signaling,PMID: 23328530
Slc18a1,Htr5a,Non-protein Signaling,PMID: 23328530
Slc18a2,Htr5a,Non-protein Signaling,PMID: 23328530
Slc6a4,Htr5a,Non-protein Signaling,PMID: 23328530
Tph2,Htr5a,Non-protein Signaling,PMID: 23328530
Tph1,Htr6,Non-protein Signaling,PMID: 23328530
Slc18a1,Htr6,Non-protein Signaling,PMID: 23328530
Slc18a2,Htr6,Non-protein Signaling,PMID: 23328530
Slc6a4,Htr6,Non-protein Signaling,PMID: 23328530
Tph2,Htr6,Non-protein Signaling,PMID: 23328530
Tph1,Htr7,Non-protein Signaling,PMID: 23328530
Slc18a1,Htr7,Non-protein Signaling,PMID: 23328530
Slc18a2,Htr7,Non-protein Signaling,PMID: 23328530
Slc6a4,Htr7,Non-protein Signaling,PMID: 23328530
Tph2,Htr7,Non-protein Signaling,PMID: 23328530
Lrfn4,Ptprd,Cell-Cell Contact,PMID: 29674953;PMID: 23916315
Lrfn4,Ptprf,Cell-Cell Contact,PMID: 29674953;PMID: 23916315
Lrfn4,Ptprs,Cell-Cell Contact,PMID: 29674953;PMID: 23916315
Lrfn5,Ptprd,Cell-Cell Contact,PMID: 29674953;PMID: 23916315
Lrfn5,Ptprf,Cell-Cell Contact,PMID: 29674953;PMID: 23916315
Lrfn5,Ptprs,Cell-Cell Contact,PMID: 29674953;PMID: 23916315
Lrrc4b,Ptprd,Cell-Cell Contact,PMID: 29674953;PMID: 23916315
Lrrc4b,Ptprs,Cell-Cell Contact,PMID: 29674953;PMID: 23916315
Lrrc4c,Ptprf,Cell-Cell Contact,PMID: 29674953;PMID: 23916315
Nrxn1,Lrrtm1,Cell-Cell Contact,PMID:20519524;PMID:20064387;PMID:20064388;
Nrxn2,Lrrtm1,Cell-Cell Contact,PMID:20519524;PMID:20064387;PMID:20064388;
Nrxn3,Lrrtm1,Cell-Cell Contact,PMID:20519524;PMID:20064387;PMID:20064388;
Nrxn1,Lrrtm2,Cell-Cell Contact,PMID:20519524;PMID:20064387;PMID:20064388;
Nrxn2,Lrrtm2,Cell-Cell Contact,PMID:20519524;PMID:20064387;PMID:20064388;
Nrxn3,Lrrtm2,Cell-Cell Contact,PMID:20519524;PMID:20064387;PMID:20064388;
Nrxn1,Lrrtm3,Cell-Cell Contact,PMID:20519524;PMID:20064387;PMID:20064388;
Nrxn2,Lrrtm3,Cell-Cell Contact,PMID:20519524;PMID:20064387;PMID:20064388;
Nrxn3,Lrrtm3,Cell-Cell Contact,PMID:20519524;PMID:20064387;PMID:20064388;
Nrxn1,Lrrtm4,Cell-Cell Contact,PMID:20519524;PMID:20064387;PMID:20064388;
Nrxn2,Lrrtm4,Cell-Cell Contact,PMID:20519524;PMID:20064387;PMID:20064388;
Nrxn3,Lrrtm4,Cell-Cell Contact,PMID:20519524;PMID:20064387;PMID:20064388;
Lrrtm4,Ptprs,Cell-Cell Contact,PMID:31995730
Lta4h,Ltb4r1,Non-protein Signaling,PMID:33753496
Lta4h,Ltb4r2,Non-protein Signaling,PMID:33753496
Grp,Nmbr,Secreted Signaling,PMID:25209280;PMID:29133874
Ptprs,Ntrk3,Secreted Signaling,PMID:21262467;PMID:25385546;
Pnoc,Oprl1,Non-protein Signaling,PMID: 29934561;PMID: 34724150
Ptgds,Ptgdr,Non-protein Signaling,PMID: 34949672;PMID: 21508345
Ptgds,Ptgdr2,Non-protein Signaling,PMID: 34949672;PMID: 21508345
Ptges,Ptger1,Non-protein Signaling,PMID: 34949672;PMID: 21508345
Ptges2,Ptger1,Non-protein Signaling,PMID: 34949672;PMID: 21508345
Ptges3,Ptger1,Non-protein Signaling,PMID: 34949672;PMID: 21508345
Ptges,Ptger2,Non-protein Signaling,PMID: 34949672;PMID: 21508345
Ptges2,Ptger2,Non-protein Signaling,PMID: 34949672;PMID: 21508345
Ptges3,Ptger2,Non-protein Signaling,PMID: 34949672;PMID: 21508345
Ptges,Ptger3,Non-protein Signaling,PMID: 34949672;PMID: 21508345
Ptges2,Ptger3,Non-protein Signaling,PMID: 34949672;PMID: 21508345
Ptges3,Ptger3,Non-protein Signaling,PMID: 34949672;PMID: 21508345
Ptges,Ptger4,Non-protein Signaling,PMID: 34949672;PMID: 21508345
Ptges2,Ptger4,Non-protein Signaling,PMID: 34949672;PMID: 21508345
Ptges3,Ptger4,Non-protein Signaling,PMID: 34949672;PMID: 21508345
Akr1c14,Ptgfr,Non-protein Signaling,PMID: 34949672;PMID: 21508345
Akr1c20,Ptgfr,Non-protein Signaling,PMID: 34949672;PMID: 21508345
Akr1cl,Ptgfr,Non-protein Signaling,PMID: 34949672;PMID: 21508345
Chrng,Ptgfr,Non-protein Signaling,PMID: 34949672;PMID: 21508345
Cbr1,Ptgfr,Non-protein Signaling,PMID: 34949672;PMID: 21508345
Cbr1b,Ptgfr,Non-protein Signaling,PMID: 34949672;PMID: 21508345
Prxl2b,Ptgfr,Non-protein Signaling,PMID: 34949672;PMID: 21508345
Ptgis,Ptgir,Non-protein Signaling,PMID: 34949672;PMID: 21508345
Vip,Sctr,Secreted Signaling,PMID: 21597914
Slitrk1,Ptprd,Secreted Signaling,PMID: 30648269;PMID: 30822649
Slitrk1,Ptprs,Secreted Signaling,PMID: 30648269;PMID: 30822649
Slitrk2,Ptprd,Secreted Signaling,PMID: 30648269;PMID: 30822649
Slitrk2,Ptprs,Secreted Signaling,PMID: 30648269;PMID: 30822649
Slitrk3,Ptprd,Secreted Signaling,PMID: 30648269;PMID: 30822649
Slitrk4,Ptprs,Secreted Signaling,PMID: 30648269;PMID: 30822649
Slitrk5,Ptprs,Secreted Signaling,PMID: 30648269;PMID: 30822649
Slitrk6,Ptprs,Secreted Signaling,PMID: 30648269;PMID: 30822649
Tbxas1,Tbxa2r,Non-protein Signaling,PMID: 34949672;DOI:10.1155/2021/9087816
Slc17a6,Grik4,Non-protein Signaling,PMID: 24155668;PMID: 31776169;PMID: 32594024
Gls,Grik4,Non-protein Signaling,PMID: 24155668;PMID: 31776169;PMID: 32594024
Slc17a6,Grik5,Non-protein Signaling,PMID: 24155668;PMID: 31776169;PMID: 32594024
Gls,Grik5,Non-protein Signaling,PMID: 24155668;PMID: 31776169;PMID: 32594024
Slc17a6,Grin1,Non-protein Signaling,PMID: 24155668;PMID: 31776169;PMID: 32594024
Slc17a6,Grin2a,Non-protein Signaling,PMID: 24155668;PMID: 31776169;PMID: 32594024
Gls,Grin1,Non-protein Signaling,PMID: 24155668;PMID: 31776169;PMID: 32594024
Gls,Grin2a,Non-protein Signaling,PMID: 24155668;PMID: 31776169;PMID: 32594024
Slc17a6,Grin2b,Non-protein Signaling,PMID: 24155668;PMID: 31776169;PMID: 32594024
Gls,Grin2b,Non-protein Signaling,PMID: 24155668;PMID: 31776169;PMID: 32594024
Slc17a6,Grin2c,Non-protein Signaling,PMID: 24155668;PMID: 31776169;PMID: 32594024
Gls,Grin2c,Non-protein Signaling,PMID: 24155668;PMID: 31776169;PMID: 32594024
Slc17a6,Grin2d,Non-protein Signaling,PMID: 24155668;PMID: 31776169;PMID: 32594024
Gls,Grin2d,Non-protein Signaling,PMID: 24155668;PMID: 31776169;PMID: 32594024
Slc17a7,Grik4,Non-protein Signaling,PMID: 24155668;PMID: 31776169;PMID: 32594024
Slc17a7,Grik5,Non-protein Signaling,PMID: 24155668;PMID: 31776169;PMID: 32594024
Slc17a7,Grin1,Non-protein Signaling,PMID: 24155668;PMID: 31776169;PMID: 32594024
Slc17a7,Grin2a,Non-protein Signaling,PMID: 24155668;PMID: 31776169;PMID: 32594024
Slc17a7,Grin2b,Non-protein Signaling,PMID: 24155668;PMID: 31776169;PMID: 32594024
Slc17a7,Grin2c,Non-protein Signaling,PMID: 24155668;PMID: 31776169;PMID: 32594024
Slc17a7,Grin2d,Non-protein Signaling,PMID: 24155668;PMID: 31776169;PMID: 32594024
Slc17a8,Grik4,Non-protein Signaling,PMID: 24155668;PMID: 31776169;PMID: 32594024
Slc17a8,Grik5,Non-protein Signaling,PMID: 24155668;PMID: 31776169;PMID: 32594024
Slc17a8,Grin1,Non-protein Signaling,PMID: 24155668;PMID: 31776169;PMID: 32594024
Slc17a8,Grin2a,Non-protein Signaling,PMID: 24155668;PMID: 31776169;PMID: 32594024
Slc17a8,Grin2b,Non-protein Signaling,PMID: 24155668;PMID: 31776169;PMID: 32594024
Slc17a8,Grin2c,Non-protein Signaling,PMID: 24155668;PMID: 31776169;PMID: 32594024
Slc17a8,Grin2d,Non-protein Signaling,PMID: 24155668;PMID: 31776169;PMID: 32594024
Slc1a1,Grik4,Non-protein Signaling,PMID: 24155668;PMID: 31776169;PMID: 32594024
Slc1a1,Grik5,Non-protein Signaling,PMID: 24155668;PMID: 31776169;PMID: 32594024
Slc1a1,Grin1,Non-protein Signaling,PMID: 24155668;PMID: 31776169;PMID: 32594024
Slc1a1,Grin2a,Non-protein Signaling,PMID: 24155668;PMID: 31776169;PMID: 32594024
Slc1a1,Grin2b,Non-protein Signaling,PMID: 24155668;PMID: 31776169;PMID: 32594024
Slc1a1,Grin2c,Non-protein Signaling,PMID: 24155668;PMID: 31776169;PMID: 32594024
Slc1a1,Grin2d,Non-protein Signaling,PMID: 24155668;PMID: 31776169;PMID: 32594024
Slc1a2,Grik4,Non-protein Signaling,PMID: 24155668;PMID: 31776169;PMID: 32594024
Slc1a2,Grik5,Non-protein Signaling,PMID: 24155668;PMID: 31776169;PMID: 32594024
Slc1a2,Grin1,Non-protein Signaling,PMID: 24155668;PMID: 31776169;PMID: 32594024
Slc1a2,Grin2a,Non-protein Signaling,PMID: 24155668;PMID: 31776169;PMID: 32594024
Slc1a2,Grin2b,Non-protein Signaling,PMID: 24155668;PMID: 31776169;PMID: 32594024
Slc1a2,Grin2c,Non-protein Signaling,PMID: 24155668;PMID: 31776169;PMID: 32594024
Slc1a2,Grin2d,Non-protein Signaling,PMID: 24155668;PMID: 31776169;PMID: 32594024
Slc1a3,Grik4,Non-protein Signaling,PMID: 24155668;PMID: 31776169;PMID: 32594024
Slc1a3,Grik5,Non-protein Signaling,PMID: 24155668;PMID: 31776169;PMID: 32594024
Slc1a3,Grin1,Non-protein Signaling,PMID: 24155668;PMID: 31776169;PMID: 32594024
Slc1a3,Grin2a,Non-protein Signaling,PMID: 24155668;PMID: 31776169;PMID: 32594024
Slc1a3,Grin2b,Non-protein Signaling,PMID: 24155668;PMID: 31776169;PMID: 32594024
Slc1a3,Grin2c,Non-protein Signaling,PMID: 24155668;PMID: 31776169;PMID: 32594024
Slc1a3,Grin2d,Non-protein Signaling,PMID: 24155668;PMID: 31776169;PMID: 32594024
Slc1a6,Grik4,Non-protein Signaling,PMID: 24155668;PMID: 31776169;PMID: 32594024
Slc1a6,Grik5,Non-protein Signaling,PMID: 24155668;PMID: 31776169;PMID: 32594024
Slc1a6,Grin1,Non-protein Signaling,PMID: 24155668;PMID: 31776169;PMID: 32594024
Slc1a6,Grin2a,Non-protein Signaling,PMID: 24155668;PMID: 31776169;PMID: 32594024
Slc1a6,Grin2b,Non-protein Signaling,PMID: 24155668;PMID: 31776169;PMID: 32594024
Slc1a6,Grin2c,Non-protein Signaling,PMID: 24155668;PMID: 31776169;PMID: 32594024
Slc1a6,Grin2d,Non-protein Signaling,PMID: 24155668;PMID: 31776169;PMID: 32594024
Slc1a7,Grik4,Non-protein Signaling,PMID: 24155668;PMID: 31776169;PMID: 32594024
Slc1a7,Grik5,Non-protein Signaling,PMID: 24155668;PMID: 31776169;PMID: 32594024
Slc1a7,Grin1,Non-protein Signaling,PMID: 24155668;PMID: 31776169;PMID: 32594024
Slc1a7,Grin2a,Non-protein Signaling,PMID: 24155668;PMID: 31776169;PMID: 32594024
Slc1a7,Grin2b,Non-protein Signaling,PMID: 24155668;PMID: 31776169;PMID: 32594024
Slc1a7,Grin2c,Non-protein Signaling,PMID: 24155668;PMID: 31776169;PMID: 32594024
Slc1a7,Grin2d,Non-protein Signaling,PMID: 24155668;PMID: 31776169;PMID: 32594024
Gls2,Grik4,Non-protein Signaling,PMID: 24155668;PMID: 31776169;PMID: 32594024
Gls2,Grik5,Non-protein Signaling,PMID: 24155668;PMID: 31776169;PMID: 32594024
Gls2,Grin1,Non-protein Signaling,PMID: 24155668;PMID: 31776169;PMID: 32594024
Gls2,Grin2a,Non-protein Signaling,PMID: 24155668;PMID: 31776169;PMID: 32594024
Gls2,Grin2b,Non-protein Signaling,PMID: 24155668;PMID: 31776169;PMID: 32594024
Gls2,Grin2c,Non-protein Signaling,PMID: 24155668;PMID: 31776169;PMID: 32594024
Gls2,Grin2d,Non-protein Signaling,PMID: 24155668;PMID: 31776169;PMID: 32594024
Ptgr1,Ltb4r1,Non-protein Signaling,PMID: 33037399
Ptgr1,Ltb4r2,Non-protein Signaling,PMID: 33037400
Cyp11a1,Nr1h4,Non-protein Signaling,HMRbase;uniprot
Cyp3a13,Nr1h4,Non-protein Signaling,HMRbase;uniprot
Dagla,Cnr1,Non-protein Signaling,PMID: 15115777
Dagla,Cnr2,Non-protein Signaling,PMID: 15115778
Dagla,Gpr55,Non-protein Signaling,PMID: 20298715
Daglb,Cnr1,Non-protein Signaling,PMID: 15115777
Daglb,Cnr2,Non-protein Signaling,PMID: 15115778
Daglb,Gpr55,Non-protein Signaling,PMID: 20298715
Dhrs9,Pgr,Non-protein Signaling,HMRbase
App,Sorl1,Cell-Cell Contact,PMID: 24523320
App,Tnfrsf21,Cell-Cell Contact,PMID: 33075465
App,Trem2,Cell-Cell Contact,PMID:27477013
App,Tyrobp,Cell-Cell Contact,PMID:27477013
Entpd1,Adora3,Cell-Cell Contact,uniprot
Cyp11b2,Nr3c1,Non-protein Signaling,PMID: 28116713
Cyp11b1,Nr3c1,Non-protein Signaling,PMID: 28116713
Cyp11b2,Nr3c2,Non-protein Signaling,PMID: 28116713
Cyp11b1,Nr3c2,Non-protein Signaling,PMID: 28116713
Cyp17a1,Ar,Non-protein Signaling,HMRbase;reactome
Hsd17b6,Nr1h4,Non-protein Signaling,HMRbase
Apoa1,Abca1,Cell-Cell Contact,PMID: 20064972
Apoa1,Amn,Cell-Cell Contact,reactome
Apoa1,Cubn,Cell-Cell Contact,reactome
Apoa1,Trem2,Cell-Cell Contact,uniprot;PMID:27477018
Apoa1,Tyrobp,Cell-Cell Contact,uniprot;PMID:27477018
Apoa2,Trem2,Cell-Cell Contact,uniprot;PMID:27477017
Apoa2,Tyrobp,Cell-Cell Contact,uniprot;PMID:27477017
Apob,Apobr,Cell-Cell Contact,uniprot
Apob,Trem2,Cell-Cell Contact,uniprot;PMID:27477016
Apob,Tyrobp,Cell-Cell Contact,uniprot;PMID:27477016
Apoe,Trem2,Cell-Cell Contact,uniprot;PMID:27477015
Apoe,Tyrobp,Cell-Cell Contact,uniprot;PMID:27477015
Aldh1a1,Rara,Non-protein Signaling,uniprot;reactome
Aldh1a1,Crabp2,Non-protein Signaling,uniprot;reactome
Aldh1a7,Rara,Non-protein Signaling,uniprot;reactome
Aldh1a7,Crabp2,Non-protein Signaling,uniprot;reactome
Aldh1a1,Rxra,Non-protein Signaling,uniprot;reactome
Aldh1a7,Rxra,Non-protein Signaling,uniprot;reactome
Aldh1a1,Rarb,Non-protein Signaling,uniprot;reactome
Aldh1a7,Rarb,Non-protein Signaling,uniprot;reactome
Aldh1a1,Rxrb,Non-protein Signaling,uniprot;reactome
Aldh1a7,Rxrb,Non-protein Signaling,uniprot;reactome
Aldh1a1,Rarg,Non-protein Signaling,uniprot;reactome
Aldh1a7,Rarg,Non-protein Signaling,uniprot;reactome
Aldh1a1,Rxrg,Non-protein Signaling,uniprot;reactome
Aldh1a7,Rxrg,Non-protein Signaling,uniprot;reactome
Aldh1a1,Rorb,Non-protein Signaling,uniprot
Aldh1a7,Rorb,Non-protein Signaling,uniprot
Aldh1a2,Rara,Non-protein Signaling,uniprot;reactome
Aldh1a2,Crabp2,Non-protein Signaling,uniprot;reactome
Aldh1a2,Rxra,Non-protein Signaling,uniprot;reactome
Aldh1a2,Rarb,Non-protein Signaling,uniprot;reactome
Aldh1a2,Rxrb,Non-protein Signaling,uniprot;reactome
Aldh1a2,Rarg,Non-protein Signaling,uniprot;reactome
Aldh1a2,Rxrg,Non-protein Signaling,uniprot;reactome
Aldh1a2,Rorb,Non-protein Signaling,uniprot
Aldh1a3,Rara,Non-protein Signaling,uniprot;reactome
Aldh1a3,Crabp2,Non-protein Signaling,uniprot;reactome
Aldh1a3,Rxra,Non-protein Signaling,uniprot;reactome
Aldh1a3,Rarb,Non-protein Signaling,uniprot;reactome
Aldh1a3,Rxrb,Non-protein Signaling,uniprot;reactome
Aldh1a3,Rarg,Non-protein Signaling,uniprot;reactome
Aldh1a3,Rxrg,Non-protein Signaling,uniprot;reactome
Aldh1a3,Rorb,Non-protein Signaling,uniprot
Bdnf,Sort1,Secreted Signaling,uniprot
Bdnf,Ngfr,Secreted Signaling,uniprot
Cd160,Tnfrsf14,Cell-Cell Contact,PMID:21959263;PMID:18193050
Cadm1,Nectin3,Cell-Cell Contact,uniprot
Cadm3,Cadm1,Cell-Cell Contact,PMID: 33397712;
Cadm3,Cadm4,Cell-Cell Contact,PMID: 33397712;
Cadm3,Epb41l1,Cell-Cell Contact,uniprot
Cadm3,Nectin3,Cell-Cell Contact,uniprot
Cyp27b1,Vdr,Non-protein Signaling,HMRbase;uniprot
Cd276,Treml2,Cell-Cell Contact,PMID: 31044564
Cd99,Pilrb1,Cell-Cell Contact,uniprot;PMID:18234675
Cd99,Pilrb2,Cell-Cell Contact,uniprot;PMID:18234675
Ceacam2,Cd209c,Cell-Cell Contact,PMID:16282604;PMID:16246332
Ceacam2,Cd209a,Cell-Cell Contact,PMID:16282604;PMID:16246332
Ceacam2,Cd209d,Cell-Cell Contact,PMID:16282604;PMID:16246332
Ceacam2,Cd209b,Cell-Cell Contact,PMID:16282604;PMID:16246332
Ceacam2,Cd209e,Cell-Cell Contact,PMID:16282604;PMID:16246332
Ceacam1,Cd209c,Cell-Cell Contact,PMID:16282604;PMID:16246332
Ceacam1,Cd209d,Cell-Cell Contact,PMID:16282604;PMID:16246332
Ceacam1,Cd209b,Cell-Cell Contact,PMID:16282604;PMID:16246332
Ceacam1,Cd209e,Cell-Cell Contact,PMID:16282604;PMID:16246332
Ceacam2,Ceacam2,Cell-Cell Contact,PMID:21982860
Ceacam1,Ceacam2,Cell-Cell Contact,PMID:21982860
Ceacam1,Ceacam1,Cell-Cell Contact,PMID:21982860
Ceacam2,Psg20,Cell-Cell Contact,PMID:24743304
Ceacam1,Psg20,Cell-Cell Contact,PMID:24743304
Ceacam2,Sele,Cell-Cell Contact,PMID:1378450
Ceacam2,Cd8a,Cell-Cell Contact,PMID:24104458
Ceacam1,Cd8a,Cell-Cell Contact,PMID:24104458
Ceacam2,Cd1d2,Cell-Cell Contact,PMID:24104458
Ceacam2,Cd1d1,Cell-Cell Contact,PMID:24104458
Ceacam1,Cd1d2,Cell-Cell Contact,PMID:24104458
Ceacam1,Cd1d1,Cell-Cell Contact,PMID:24104458
Cel,Rora,Non-protein Signaling,HMRbase;PMID:12467577;PDB:1N83
Cel,Rorc,Non-protein Signaling,uniprot
Dhcr24,Rora,Non-protein Signaling,HMRbase;PMID:12467577;PDB:1N83
Dhcr24,Rorc,Non-protein Signaling,uniprot
Dhcr7,Rora,Non-protein Signaling,HMRbase;PMID:12467577;PDB:1N83
Dhcr7,Rorc,Non-protein Signaling,uniprot
Lipa,Rora,Non-protein Signaling,HMRbase;PMID:12467577;PDB:1N83
Lipa,Rorc,Non-protein Signaling,uniprot
Cntn1,Notch1,Cell-Cell Contact,PMID:14567914
Cntn1,Notch2,Cell-Cell Contact,PMID:14567914;PMID: 33957164
Crtam,Cadm1,Cell-Cell Contact,PMID: 26694968
Ubash3b,Esr1,Non-protein Signaling,HMRbase
Ubash3b,Nr1i2,Non-protein Signaling,HMRbase
Ubash3b,Ppara,Non-protein Signaling,HMRbase;PMID:18079279
Dhcr7,Nr1h2,Non-protein Signaling,HMRbase;uniprot
Dhcr7,Nr1h3,Non-protein Signaling,HMRbase
Cyp21a1,Nr3c2,Non-protein Signaling,HMRbase;uniprot
Fdxr,Nr3c2,Non-protein Signaling,HMRbase;uniprot
Sult1e1,Ppara,Non-protein Signaling,HMRbase
Sult1e1,Ppard,Non-protein Signaling,HMRbase
Sult1e1,Pparg,Non-protein Signaling,HMRbase
Sult2a1,Ppara,Non-protein Signaling,HMRbase
Sult2a1,Ppard,Non-protein Signaling,HMRbase
Sult2a1,Pparg,Non-protein Signaling,HMRbase
Sult1a1,Ppara,Non-protein Signaling,HMRbase
Sult1a1,Ppard,Non-protein Signaling,HMRbase
Sult1a1,Pparg,Non-protein Signaling,HMRbase
Srd5a1,Ar,Non-protein Signaling,HMRbase;uniprot
Srd5a2,Ar,Non-protein Signaling,HMRbase;uniprot
Srd5a3,Ar,Non-protein Signaling,HMRbase;uniprot
Cyp19a1,Esr1,Non-protein Signaling,HMRbase;reactome
Cyp19a1,Esr2,Non-protein Signaling,HMRbase
Cyp19a1,Gper1,Non-protein Signaling,reactome;uniprot
Cyp19a1,Nr1i2,Non-protein Signaling,HMRbase
Hsd17b1,Esr1,Non-protein Signaling,HMRbase;reactome
Hsd17b1,Esr2,Non-protein Signaling,HMRbase
Hsd17b1,Gper1,Non-protein Signaling,reactome;uniprot
Hsd17b1,Nr1i2,Non-protein Signaling,HMRbase
Igfbp3,Tmem219,Secreted Signaling,PMID: 35115561;PMID:20353938
Clec2f,Klrb1b,Cell-Cell Contact,PMID:24223577
Clec2g,Klrb1b,Cell-Cell Contact,PMID:24223577
Clec2h,Klrb1b,Cell-Cell Contact,PMID:24223577
Clec2i,Klrb1b,Cell-Cell Contact,PMID:24223577
Clec2e,Klrb1b,Cell-Cell Contact,PMID:24223577
Clec2f,Klrb1,Cell-Cell Contact,PMID:24223577
Clec2d,Klrb1,Cell-Cell Contact,PMID:24223577
Clec2e,Klrb1,Cell-Cell Contact,PMID:24223577
Clec2h,Klrb1f,Cell-Cell Contact,PMID:24223577
Clec2d,Klrb1f,Cell-Cell Contact,PMID:24223577
Clec2e,Klrb1f,Cell-Cell Contact,PMID:24223577
Clec2f,Klrb1a,Cell-Cell Contact,PMID:24223577
Clec2g,Klrb1a,Cell-Cell Contact,PMID:24223577
Clec2h,Klrb1a,Cell-Cell Contact,PMID:24223577
Clec2d,Klrb1a,Cell-Cell Contact,PMID:24223577
Clec2i,Klrb1a,Cell-Cell Contact,PMID:24223577
Clec2e,Klrb1a,Cell-Cell Contact,PMID:24223577
Clec2f,Klrb1c,Cell-Cell Contact,PMID:24223577
Clec2g,Klrb1c,Cell-Cell Contact,PMID:24223577
Clec2h,Klrb1c,Cell-Cell Contact,PMID:24223577
Clec2d,Klrb1c,Cell-Cell Contact,PMID:24223577
Clec2i,Klrb1c,Cell-Cell Contact,PMID:24223577
Clec2e,Klrb1c,Cell-Cell Contact,PMID:24223577
Lair1,Lilrb4a,Cell-Cell Contact,PMID:19283782
Lgals9,Bcr,Secreted Signaling,PMID:30120235
Lgals9,Cd22,Secreted Signaling,PMID:30120235
Lgals9,P4hb,Secreted Signaling,PMID:21670307;uniprot
Asmt,Mtnr1a,Non-protein Signaling,PMID: 26484897
Asmt,Mtnr1b,Non-protein Signaling,PMID: 26484897
Amh,Bmpr1b,Secreted Signaling,PMID:22710174
Mmp2,Mmp14,Cell-Cell Contact,PMID: 29986882
Mmp2,Itgav,Cell-Cell Contact,PMID: 29986882
Mmp2,Itgb3,Cell-Cell Contact,PMID: 29986882
Ntn1,Dcc,Cell-Cell Contact,PMID: 22685302
Ntn1,Dscam,Cell-Cell Contact,PMID:18585357;PMID: 22685302
Ntn1,Unc5a,Cell-Cell Contact,PMID: 22685302
Ntn1,Unc5b,Cell-Cell Contact,PMID: 22685302
Ntn1,Unc5c,Cell-Cell Contact,PMID: 22685302
Ntn4,Ntrk2,Cell-Cell Contact,PMID: 34531526
Ntn4,Unc5b,Cell-Cell Contact,PMID: 31914695
Ntn4,Unc5d,Cell-Cell Contact,uniprot
Nts,Sort1,Secreted Signaling,PMID: 34038712
Nrg1,Itga6,Secreted Signaling,PMID: 20682778
Nrg1,Itgb4,Secreted Signaling,PMID: 20682778
Ntf3,Ngfr,Secreted Signaling,uniprot
Ntf5,Ngfr,Secreted Signaling,uniprot
Cd200,Cd200r1l,Cell-Cell Contact,PMID:22020332;also_called_CD200_CD200R
Pecam1,Cd177,Cell-Cell Contact,PMID:17580308
Pecam1,Cd38,Cell-Cell Contact,PMID:26407101
Ppia,Bsg,Non-protein Signaling,PMID: 36012604
Cyp11a1,Nr1i2,Non-protein Signaling,HMRbase;uniprot
Fdx2,Nr1i2,Non-protein Signaling,HMRbase;uniprot
Fdx1,Nr1i2,Non-protein Signaling,HMRbase;uniprot
Hsd3b1,Catsper1,Non-protein Signaling,uniprot;reactome
Hsd3b1,Catsperb,Non-protein Signaling,uniprot;reactome
Hsd3b1,Catsperd,Non-protein Signaling,uniprot;reactome
Hsd3b1,Catsper2,Non-protein Signaling,uniprot;reactome
Hsd3b1,Catsper3,Non-protein Signaling,uniprot;reactome
Hsd3b1,Catsper4,Non-protein Signaling,uniprot;reactome
Hsd3b1,Chrne,Non-protein Signaling,uniprot;reactome
Akr1c14,Ptgdr2,Non-protein Signaling,uniprot;reactome
Akr1c20,Ptgdr2,Non-protein Signaling,uniprot;reactome
Akr1cl,Ptgdr2,Non-protein Signaling,uniprot;reactome
Chrng,Ptgdr2,Non-protein Signaling,uniprot;reactome
Reln,Lrp8,ECM-Receptor,PMID: 14578885
Reln,Vldlr,ECM-Receptor,PMID: 14578885
Raet1e,Klrk1,Cell-Cell Contact,PMID: 10894171;PMID:24223579
Raet1e,Hcst,Cell-Cell Contact,PMID: 10894171;PMID:24223579
Raet1c,Klrk1,Cell-Cell Contact,PMID: 10894171;PMID:24223579
Raet1c,Hcst,Cell-Cell Contact,PMID: 10894171;PMID:24223579
Raet1b,Klrk1,Cell-Cell Contact,PMID: 10894171;PMID:24223579
Raet1b,Hcst,Cell-Cell Contact,PMID: 10894171;PMID:24223579
Raet1a,Hcst,Cell-Cell Contact,PMID: 10894171;PMID:24223579
Raet1d,Klrk1,Cell-Cell Contact,PMID: 10894171;PMID:24223579
Raet1d,Hcst,Cell-Cell Contact,PMID: 10894171;PMID:24223579
H60a,Hcst,Cell-Cell Contact,PMID: 10894171;PMID:24223578
H60b,Klrk1,Cell-Cell Contact,PMID: 10894171;PMID:24223579
H60b,Hcst,Cell-Cell Contact,PMID: 10894171;PMID:24223579
H60c,Klrk1,Cell-Cell Contact,PMID: 10894171;PMID:24223580
H60c,Hcst,Cell-Cell Contact,PMID: 10894171;PMID:24223580
Rbp4,Stra6,Secreted Signaling,PMID: 33199363
Ddc,Htr1a,Non-protein Signaling,HMRbase;uniprot;reactome
Ddc,Htr1b,Non-protein Signaling,uniprot;reactome
Ddc,Htr1d,Non-protein Signaling,uniprot;reactome
Ddc,Htr1f,Non-protein Signaling,uniprot;reactome
Ddc,Htr2a,Non-protein Signaling,HMRbase;uniprot;reactome
Ddc,Htr2b,Non-protein Signaling,uniprot;reactome
Ddc,Htr2c,Non-protein Signaling,HMRbase;uniprot;reactome
Ddc,Htr3a,Non-protein Signaling,HMRbase;uniprot
Ddc,Htr3b,Non-protein Signaling,uniprot
Ddc,Htr4,Non-protein Signaling,HMRbase;uniprot;reactome
Ddc,Htr5a,Non-protein Signaling,HMRbase;uniprot;reactome
Ddc,Htr6,Non-protein Signaling,uniprot;reactome
Ddc,Htr7,Non-protein Signaling,uniprot;reactome
Sirpb1a,Cd47,Cell-Cell Contact,PMID:15294972
Sirpb1b,Cd47,Cell-Cell Contact,PMID:15294972
Sirpb1c,Cd47,Cell-Cell Contact,PMID:15294972
Slit1,Robo1,Secreted Signaling,PMID:10102268
Slit2,Robo1,Secreted Signaling,PMID:10102268
Slit2,Robo2,Secreted Signaling,PMID:10102268
Akr1d1,Ar,Non-protein Signaling,HMRbase;uniprot
Hsd17b12,Ar,Non-protein Signaling,HMRbase;uniprot
Hsd17b3,Ar,Non-protein Signaling,HMRbase;uniprot
Gphb5,Tshr,Non-protein Signaling,PMID: 12045258
Gpha2,Tshr,Non-protein Signaling,PMID: 12045258
Dio3,Thra,Non-protein Signaling,HMRbase;uniprot
Tg,Thra,Non-protein Signaling,HMRbase;uniprot
Dio3,Thrb,Non-protein Signaling,HMRbase;uniprot
Tg,Thrb,Non-protein Signaling,HMRbase;uniprot
Tulp1,Tyro3,Secreted Signaling,PMID: 20978472
Tulp2,Tyro3,Secreted Signaling,PMID: 30501104
Tulp1,Axl,Secreted Signaling,PMID: 20978473
Tulp1,Mertk,Secreted Signaling,PMID: 20978474
Tub,Mertk,Secreted Signaling,PMID: 20978475
Pros1,Mertk,Secreted Signaling,PMID: 34631419
Plau,Plaur,Secreted Signaling,uniprot
Vcam1,Itgad,Cell-Cell Contact,PMID: 9525279
Vcam1,Itgb2,Cell-Cell Contact,PMID: 9525279
2300002M23Rik,Ddr1,General Signaling,
2610528A11Rik,Gpr15,General Signaling,
9530003J23Rik,Itgal,General Signaling,
A2m,Klk1,General Signaling,
A2m,Klk1b1,General Signaling,
A2m,Klk1b11,General Signaling,
A2m,Klk1b16,General Signaling,
A2m,Klk1b21,General Signaling,
A2m,Klk1b22,General Signaling,BioGRID:1702714;HPRD:8583572;Lit-BM-17:1702714;Lit-BM-17:25241761
A2m,Klk1b24,General Signaling,
A2m,Klk1b26,General Signaling,
A2m,Klk1b27,General Signaling,
A2m,Klk1b3,General Signaling,
A2m,Klk1b4,General Signaling,
A2m,Klk1b5,General Signaling,
A2m,Klk1b8,General Signaling,
A2m,Klk1b9,General Signaling,
A2m,Lrp1,General Signaling,AlzPathway:19026743;Baccin2019:10652313;Baccin2019:12194978;Baccin2019:1702392;CellTalkDB:10652313;HPRD:10652313;HPRD:12194978;LRdb:10652313;connectomeDB2020:10652313;connectomeDB2020:12194978;connectomeDB2020:1702392
A2m,Mmp2,General Signaling,BioGRID:9344465;HPRD:9344465;Lit-BM-17:25241761;Lit-BM-17:9344465;SIGNOR:9344465
A2m,Mmp9,General Signaling,SIGNOR:9344465
AU040320,Ildr1,General Signaling,Cellinker:32589946
AU040320,Mpzl3,General Signaling,Cellinker:32589946
AU040320,Siglece,General Signaling,
AU040320,Siglecf,General Signaling,
AU040320,Unc5a,General Signaling,Cellinker:32589946
Aanat,Mtnr1a,General Signaling,Baccin2019:12943195;CellTalkDB:12943195;HPMR:12943195;LRdb:12943195;connectomeDB2020:12943195
Aanat,Mtnr1b,General Signaling,Baccin2019:12943195;CellTalkDB:12943195;LRdb:12943195;connectomeDB2020:12943195
Abca1,Apoa1,General Signaling,HPRD:12084722;InnateDB:22271762;IntAct:12084722;IntAct:30458687;SIGNOR:15347662
Abca1,Megf10,General Signaling,SIGNOR:17205124
Ace,Agtr2,General Signaling,Baccin2019:11459796;HPRD:11459796;LRdb:11459796
Ace,Bdkrb2,General Signaling,Baccin2019:10748135;CellTalkDB:10748135;HPRD:10748135;LRdb:10748135;Lit-BM-17:17077303;connectomeDB2020:10748135
Ace2,Slc6a19,General Signaling,BioGRID:36057605;IntAct:32132184;IntAct:34189428
Ace2,Tigit,General Signaling,Cellinker:32589946
Ace2,Tnfrsf11a,General Signaling,
Ace2,Tnfrsf11b,General Signaling,
Acp4,Erbb4,General Signaling,DEPOD:15219672
Acp4,Vstm2b,General Signaling,Cellinker:32589946
Adam10,App,General Signaling,IntAct:30538620;IntAct:32814053;SPIKE:12535668;SPIKE_LC:12535668
Adam10,Axl,General Signaling,CellTalkDB:7822279;HPRD:16227584;HPRD:7822279;LRdb:7822279
Adam10,Cd44,General Signaling,CellTalkDB:18971959;SIGNOR:26284334
Adam10,Epha3,General Signaling,Baccin2019:16239146;CellTalkDB:16239146;HPRD:16239146;LRdb:16239146;connectomeDB2020:16239146
Adam10,Notch1,General Signaling,ACSN:19601831;ACSN:19704010;ACSN:19726682;CellTalkDB:22399336;Cellinker:22399336;LRdb:22399336;SIGNOR:28624438
Adam10,Notch2,General Signaling,ACSN:19601831;ACSN:19704010;ACSN:19726682;CellTalkDB:24842903;SignaLink3:10423016;SignaLink3:23331499
Adam10,Notch3,General Signaling,ACSN:19601831;ACSN:19704010;ACSN:19726682;SignaLink3:12651094;SignaLink3:23331499
Adam10,Notch4,General Signaling,ACSN:19601831;ACSN:19704010;ACSN:19726682
Adam10,Tspan10,General Signaling,CellTalkDB:28687716;Cellinker:23035126
Adam10,Tspan14,General Signaling,CellTalkDB:30013551;Cellinker:23035126;IntAct:23091066;IntAct:26686862
Adam10,Tspan15,General Signaling,CellTalkDB:23035126;Cellinker:23035126;IntAct:23091066;IntAct:26686862
Adam10,Tspan17,General Signaling,CellTalkDB:23035126;Cellinker:23035126
Adam10,Tspan33,General Signaling,Cellinker:23035126;IntAct:23091066;IntAct:26686862
Adam10,Tspan5,General Signaling,CellTalkDB:28428248;Cellinker:23035126;IntAct:23091066;IntAct:26686862
Adam11,Ccr4,General Signaling,
Adam11,Itga4,General Signaling,connectomeDB2020:28913673
Adam12,Itga9,General Signaling,CellTalkDB:10944520;LRdb:10944520;connectomeDB2020:10944520
Adam12,Itgb1,General Signaling,Adhesome:15242759;CellTalkDB:10944520;LRdb:10944520;connectomeDB2020:10944520
Adam12,Sdc4,General Signaling,Adhesome:12509413;CellTalkDB:12509413;LRdb:12509413;SIGNOR:12509413;connectomeDB2020:12509413
Adam15,Itga5,General Signaling,CellTalkDB:9914169;LRdb:952;LRdb:9914169;connectomeDB2020:9516430;connectomeDB2020:9914169
Adam15,Itga9,General Signaling,CellTalkDB:10944520;LRdb:10944520;connectomeDB2020:10944520
Adam15,Itgb1,General Signaling,CellTalkDB:9914169;Cellinker:10944520;Cellinker:9914169;LRdb:109;LRdb:9914169;connectomeDB2020:10944520;connectomeDB2020:9914169
Adam15,Itgb3,General Signaling,CellTalkDB:9516430;Cellinker:9516430;Cellinker:9914169;HPMR:9516430;HPMR:9914169;LRdb:9516430;connectomeDB2020:9516430
Adam17,Erbb4,General Signaling,Baccin2019:15534001;CellTalkDB:26554003;HPRD:15534001;LRdb:15534001;ProtMapper:10744726;ProtMapper:15746097;ProtMapper:17486069;ProtMapper:9685416
Adam17,Il6ra,General Signaling,CellTalkDB:22575642;InnateDB:24790088
Adam17,Itga5,General Signaling,CellTalkDB:14970227;LRdb:14970227;connectomeDB2020:14970227
Adam17,Itgb1,General Signaling,CellTalkDB:14970227;IntAct:22413019;IntAct:30455686;LRdb:14970227;connectomeDB2020:14970227
Adam17,Muc1,General Signaling,CellTalkDB:12441351;SIGNOR:12441351
Adam17,Notch1,General Signaling,ACSN:19601831;ACSN:19704010;ACSN:19726682;CellTalkDB:10882063;Cellinker:10882063;Cellinker:9620803;HPRD-phos:10882063;HPRD-phos:9620803;HPRD:10882063;HPRD:9620803;LRdb:10882063;LRdb:96;SIGNOR:10882063;connectomeDB2020:10882063;connectomeDB2020:9620803
Adam17,Notch2,General Signaling,ACSN:19601831;ACSN:19704010;ACSN:19726682
Adam17,Notch3,General Signaling,ACSN:19601831;ACSN:19704010;ACSN:19726682
Adam17,Notch4,General Signaling,ACSN:19601831;ACSN:19704010;ACSN:19726682
Adam2,Cd9,General Signaling,Baccin2019:10518536;CellTalkDB:10518536;HPRD:10518536;LRdb:10518536;SPIKE_LC:16189514
Adam2,Itga6,General Signaling,CellTalkDB:9889149;LRdb:9889149;connectomeDB2020:9889149
Adam2,Itga9,General Signaling,CellTalkDB:21060781;Cellinker:21060781;LRdb:21060781;Ramilowski2015:21060781;connectomeDB2020:21060781;talklr:21060781
Adam2,Itgb1,General Signaling,CellTalkDB:9889149;LRdb:9889149;connectomeDB2020:9889149
Adam2,Itgb7,General Signaling,CellTalkDB:21060781;Cellinker:21060781;LRdb:21060781;Ramilowski2015:21060781;connectomeDB2020:21060781;talklr:21060781
Adam20,Il1rapl1,General Signaling,
Adam20,Il1rapl2,General Signaling,
Adam21,Clec12b,General Signaling,Cellinker:32589946
Adam21,Flt4,General Signaling,
Adam21,Igsf21,General Signaling,Cellinker:32589946
Adam23,Itga5,General Signaling,LRdb:10749942;connectomeDB2020:10749942
Adam23,Itgb3,General Signaling,LRdb:10749942;connectomeDB2020:10749942
Adam25,Il1rapl1,General Signaling,Cellinker:32589946
Adam25,Il1rapl2,General Signaling,Cellinker:32589946
Adam28,Itga4,General Signaling,CellTalkDB:11724793;HPRD:11724793;LRdb:11724793;connectomeDB2020:11724793
Adam29,Itga4,General Signaling,connectomeDB2020:28913673
Adam39,Il1rapl1,General Signaling,
Adam39,Il1rapl2,General Signaling,
Adam7,Itga4,General Signaling,connectomeDB2020:15504110
Adam7,Itgb7,General Signaling,connectomeDB2020:15504110
Adam9,Itga6,General Signaling,CellTalkDB:10825303;HPRD:15361064;LRdb:10825303;LRdb:15;connectomeDB2020:10825303;connectomeDB2020:15361064
Adam9,Itgav,General Signaling,CellTalkDB:11162558;HPMR:11162558;HPRD:15361064;LRdb:11162558;LRdb:15;connectomeDB2020:11162558;connectomeDB2020:15361064
Adam9,Itgb1,General Signaling,CellTalkDB:10825303;LRdb:10825303;connectomeDB2020:10825303
Adam9,Itgb5,General Signaling,CellTalkDB:11162558;HPMR:11162558;LRdb:11162558;connectomeDB2020:11162558
Adamts3,Ccbe1,General Signaling,CellTalkDB:27159393
Adcyap1,Sctr,General Signaling,Baccin2019:1335692;CellTalkDB:1335692;HPRD:1335692;LRdb:1335692;connectomeDB2020:1335692
Adcyap1,Vipr1,General Signaling,Baccin2019:11897681;Baccin2019:11931347;Baccin2019:12429744;Baccin2019:16930633;Baccin2019:8791009;Baccin2019:9928018;CellTalkDB:11897681;Cellinker:11897681;Cellinker:11931347;Cellinker:12429744;Cellinker:12488235;Cellinker:16930633;Cellinker:8791009;Cellinker:9928018;Guide2Pharma:11931347;Guide2Pharma:16930633;Guide2Pharma:8791009;Guide2Pharma:9928018;HPRD:12429744;LRdb:11897681;LRdb:11931347;LRdb:12429744;LRdb:16930633;LRdb:8791009;LRdb:9928018;SIGNOR:11897681;connectomeDB2020:11897681;connectomeDB2020:11931347;connectomeDB2020:12429744;connectomeDB2020:16930633;connectomeDB2020:8791009;connectomeDB2020:9928018;scConnect:11931347;scConnect:16930633;scConnect:8791009;scConnect:9928018
Adcyap1,Vipr2,General Signaling,Baccin2019:11931347;Baccin2019:11978642;Baccin2019:16930633;Baccin2019:8146174;Baccin2019:9928018;CellTalkDB:9928018;Cellinker:11931347;Cellinker:11978642;Cellinker:12488235;Cellinker:16930633;Cellinker:8146174;Cellinker:9928018;Guide2Pharma:11931347;Guide2Pharma:11978642;Guide2Pharma:16930633;Guide2Pharma:9928018;HPRD:8146174;LRdb:11931347;LRdb:11978642;LRdb:16930633;LRdb:8146174;LRdb:9928018;connectomeDB2020:11931347;connectomeDB2020:11978642;connectomeDB2020:16930633;connectomeDB2020:8146174;connectomeDB2020:9928018;scConnect:11931347;scConnect:11978642;scConnect:16930633;scConnect:9928018
Adgrb1,Rtn4r,General Signaling,connectomeDB2020:30477585
Adgre5,Cd55,General Signaling,Baccin2019:23447688;CellChatDB:11297558;HPRD:10540231;connectomeDB2020:23447688
Adgre5,Cd55b,General Signaling,
Adgrf5,Treml2,General Signaling,
Adipoq,Cnr2,General Signaling,CellTalkDB:32103204
Adipoq,Ffar3,General Signaling,
Adm,Calcrl,General Signaling,CellTalkDB:9620797;Cellinker:9620797;Guide2Pharma:10347248;Guide2Pharma:11693189;Guide2Pharma:9620797;HPRD:9620797;LRdb:9620797;connectomeDB2020:9620797;scConnect:10347248;scConnect:11693189;scConnect:9620797
Adm,Gpr182,General Signaling,CellTalkDB:7592696;Cellinker:7592696;HPMR:7592696;LRdb:7592696
Adm,Mrgpra1,General Signaling,
Adm,Mrgpra2a,General Signaling,
Adm,Mrgpra2b,General Signaling,
Adm,Mrgpra3,General Signaling,
Adm,Mrgpra4,General Signaling,
Adm,Mrgpra6,General Signaling,
Adm,Mrgpra9,General Signaling,
Adm,Mrgprb1,General Signaling,Baccin2019:1611167315823560;Cellinker:15823563;Cellinker:16111673;Guide2Pharma:15823563;LRdb:16;LRdb:16111673;connectomeDB2020:15823563;connectomeDB2020:16111673;scConnect:15823563
Adm,Mrgprb2,General Signaling,
Adm,Mrgprb3,General Signaling,
Adm,Mrgprb4,General Signaling,
Adm,Mrgprb5,General Signaling,
Adm,Mrgprb8,General Signaling,
Adm,Mrgprx1,General Signaling,
Adm,Mrgprx2,General Signaling,
Adm2,Adcyap1r1,General Signaling,CellTalkDB:32196115
Adm2,Adrb2,General Signaling,CellTalkDB:32196115
Adm2,Adrb3,General Signaling,CellTalkDB:32196115
Adm2,Calcr,General Signaling,Baccin2019:15692146;CellTalkDB:15692146;Guide2Pharma:15692146;Guide2Pharma:21658025;LRdb:15692146;connectomeDB2020:15692146;scConnect:15692146;scConnect:21658025
Adm2,Calcrl,General Signaling,Baccin2019:14615490;CellTalkDB:14615490;Cellinker:14615490;Guide2Pharma:21658025;LRdb:14615490;connectomeDB2020:14615490;scConnect:21658025
Adm2,Gpr20,General Signaling,CellTalkDB:32196115
Adm2,Gpr84,General Signaling,CellTalkDB:32196115
Adm2,Pth1r,General Signaling,CellTalkDB:32196115
Adm2,Ramp1,General Signaling,Baccin2019:12684503;CellTalkDB:12684503;Cellinker:12684503;Cellinker:30139742;Guide2Pharma:21658025;LRdb:12684503;connectomeDB2020:12684503
Adm2,Ramp2,General Signaling,CellTalkDB:32196115;Cellinker:20596793;Guide2Pharma:21658025;connectomeDB2020:30139743
Adm2,Ramp3,General Signaling,CellTalkDB:27013657;Cellinker:20596793;Guide2Pharma:21658025;connectomeDB2020:30139742
Adm2,Tshr,General Signaling,CellTalkDB:32196115
Adm2,Vipr1,General Signaling,CellTalkDB:32196115
Agrn,Atp1a3,General Signaling,LRdb:16630822;Ramilowski2015:16630822;connectomeDB2020:16630822;talklr:16630822
Agrn,Chrnb3,General Signaling,SIGNOR:14502292
Agrn,Itgb1,General Signaling,CellTalkDB:9367446
Agrn,Lrp1,General Signaling,CellTalkDB:32196115
Agrn,Lrp2,General Signaling,CellTalkDB:32196115
Agrn,Lrp4,General Signaling,Cellinker:18848351;LRdb:18848351;Ramilowski2015:18848351;connectomeDB2020:18848351;talklr:18848351
Agrn,Musk,General Signaling,Baccin2019:8653787;CellTalkDB:8653787;Cellinker:8653787;HPMR:8653787;LRdb:8653787;SignaLink3:18848351;SignaLink3:23331499;connectomeDB2020:8653787
Agrp,Mc3r,General Signaling,Baccin2019:11747427;Baccin2019:9311920;Baccin2019:9819197;Baccin2019:9893984;CellTalkDB:9311920;Cellinker:11747427;Cellinker:9311920;Cellinker:9819197;Cellinker:9893984;Guide2Pharma:9819197;HPRD:11747427;HPRD:9893984;LRdb:11747427;LRdb:9311920;LRdb:9819197;LRdb:9893984;SIGNOR:10318826;SIGNOR:20371771;SIGNOR:9311920;connectomeDB2020:11747427;connectomeDB2020:9311920;connectomeDB2020:9819197;connectomeDB2020:9893984;scConnect:9819197
Agrp,Mc4r,General Signaling,Baccin2019:10318826;Baccin2019:11747427;Baccin2019:12815165;Baccin2019:9299416;Baccin2019:9311920;BioGRID:10318826;BioGRID:12815165;CellTalkDB:9311920;Cellinker:10318826;Cellinker:11747427;Cellinker:12815165;Cellinker:9299416;Cellinker:9311920;Guide2Pharma:9299416;HPMR:9311920;HPRD:10318826;HPRD:11747427;HPRD:12815165;LRdb:10318826;LRdb:11747427;LRdb:12815165;LRdb:9299416;LRdb:9311920;SIGNOR:10318826;SIGNOR:20371771;SIGNOR:9311920;connectomeDB2020:10318826;connectomeDB2020:11747427;connectomeDB2020:12815165;connectomeDB2020:9299416;connectomeDB2020:9311920;scConnect:9299416
Agrp,Mc5r,General Signaling,Baccin2019:98920209892020;CellTalkDB:9892020;Cellinker:9892020;Guide2Pharma:9892020;HPRD:9892020;LRdb:9892020;SIGNOR:20371771;connectomeDB2020:9892020;scConnect:9892020
Agrp,Sdc3,General Signaling,CellTalkDB:11461706;Cellinker:11461706;LRdb:11461706;Ramilowski2015:11461706;connectomeDB2020:11461706;talklr:11461706
Agt,Lrp2,General Signaling,Baccin2019:15467006;CellTalkDB:15467006;Cellinker:15467006;HPMR:15467006;LRdb:15467006;connectomeDB2020:15467006
Agt,Ren1,General Signaling,DIP:20927107;InnateDB:20927107;Lit-BM-17:12045255;Lit-BM-17:20927107;SIGNOR:32201502
Ahsg,Insr,General Signaling,Baccin2019:7906861;CellTalkDB:7906861;Cellinker:7906861;HPRD:7906861;LRdb:7906861;connectomeDB2020:7906861
Aimp1,Ntrk1,General Signaling,
Alb,Lrp2,General Signaling,Baccin2019:11158855;Baccin2019:8898021;CellTalkDB:11158855;Cellinker:11158855;Cellinker:8898021;HPRD:11158855;HPRD:8898021;LRdb:11158855;LRdb:89;SPIKE_LC:16713569;connectomeDB2020:11158855;connectomeDB2020:8898021
Alcam,Alcam,General Signaling,
Alcam,Cd6,General Signaling,Baccin2019:24496453;BioGRID:7543097;DIP:26146185;HPRD:7543097;HPRD:9436462;IntAct:24945728;IntAct:26146185;Lit-BM-17:24945728;Lit-BM-17:7543097;connectomeDB2020:23602662
Alcam,Chl1,General Signaling,connectomeDB2020:31300520
Alcam,Nrp1,General Signaling,connectomeDB2020:31300520
Alkal1,Alk,General Signaling,CellTalkDB:26418745;IntAct:26418745;connectomeDB2020:26630010
Alkal1,Ltk,General Signaling,connectomeDB2020:26630010
Alkal2,Alk,General Signaling,CellTalkDB:26418745;connectomeDB2020:26630010
Alkal2,Ltk,General Signaling,connectomeDB2020:26630010
Alox5ap,Alox5,General Signaling,BioGRID:26327594;BioGRID:26396238;HPRD:9445303;InnateDB:19233132
Ambn,Cd63,General Signaling,connectomeDB2020:17708745;connectomeDB2020:21149578
Amelx,Cd63,General Signaling,connectomeDB2020:17708745
Amelx,Lamp1,General Signaling,CellTalkDB:20382373;Cellinker:20382373;LRdb:20382373;Ramilowski2015:20382373;connectomeDB2020:20382373;talklr:20382373
Amelx,Lamp2,General Signaling,connectomeDB2020:17708745
Amh,Egfr,General Signaling,Baccin2019:8596488;CellTalkDB:8596488;Cellinker:8596488;HPRD:8596488;LRdb:8596488;connectomeDB2020:8596488
Amh,Grem2,General Signaling,Cellinker:24614542
Ang,Egfr,General Signaling,CellTalkDB:30449278;ICELLNET:29606349;ProtMapper:19254952
Ang,Plxnb2,General Signaling,ICELLNET:29100074;connectomeDB2020:29100074
Ang2,Egfr,General Signaling,
Ang2,Plxnb2,General Signaling,
Ang4,Egfr,General Signaling,
Ang4,Plxnb2,General Signaling,
Ang5,Egfr,General Signaling,
Ang5,Plxnb2,General Signaling,
Ang6,Egfr,General Signaling,
Ang6,Plxnb2,General Signaling,
Angpt1,Itga5,General Signaling,CellTalkDB:15781448;Cellinker:15781448;HPRD:15781448;LRdb:15781448;connectomeDB2020:15781448
Angpt1,Itgb1,General Signaling,Baccin2019:11346644;CellTalkDB:15781448;connectomeDB2020:15690488;connectomeDB2020:19379779
Angpt1,Tie1,General Signaling,Baccin2019:11172728;CellTalkDB:11172728;Cellinker:11172728;HPMR:11172728;LRdb:11172728;SIGNOR:11172728;connectomeDB2020:11172728
Angpt2,Tie1,General Signaling,Baccin2019:27548530;CellTalkDB:22342979;connectomeDB2020:27548530
Angpt4,Tek,General Signaling,Baccin2019:10051567;CellTalkDB:10051567;Cellinker:10051567;HPRD:10051567;ICELLNET:9723709;LRdb:10051567;SIGNOR:15284220;SignaLink3:10051567;SignaLink3:15284220;SignaLink3:18988627;SignaLink3:21071413;SignaLink3:23331499;connectomeDB2020:10051567;connectomeDB2020:15284220
Angpt4,Tie1,General Signaling,CellTalkDB:15851516;SignaLink3:10051567;SignaLink3:23331499
Angptl1,Gm14548,General Signaling,
Angptl1,Gm15448,General Signaling,
Angptl1,Lilra5,General Signaling,
Angptl1,Lilra6,General Signaling,
Angptl1,Pira1,General Signaling,CellChatDB:24478758
Angptl1,Pira12,General Signaling,
Angptl1,Pira13,General Signaling,
Angptl1,Pira2,General Signaling,
Angptl1,Pira6,General Signaling,
Angptl1,Tek,General Signaling,CellTalkDB:10051567;Cellinker:10051567;HPRD:10051567;LRdb:10051567;SIGNOR:10051567;SIGNOR:15284220;SignaLink3:10051567;SignaLink3:15284220;SignaLink3:23331499;connectomeDB2020:10051567
Angptl2,Gm14548,General Signaling,
Angptl2,Gm15448,General Signaling,
Angptl2,Lilra5,General Signaling,
Angptl2,Lilra6,General Signaling,
Angptl2,Pira1,General Signaling,CellChatDB:24478758
Angptl2,Pira12,General Signaling,
Angptl2,Pira13,General Signaling,
Angptl2,Pira2,General Signaling,
Angptl2,Pira6,General Signaling,
Angptl2,Tie1,General Signaling,CellTalkDB:32196115
Angptl3,Itga5,General Signaling,CellTalkDB:11877390;Cellinker:11877390;HPRD:11877390;LRdb:11877390;connectomeDB2020:11877390
Angptl3,Lpl,General Signaling,
Angptl4,Gpihbp1,General Signaling,CellTalkDB:25809481
Angptl4,Lpl,General Signaling,
Angptl4,Tie1,General Signaling,CellTalkDB:32196115
Angptl6,Tek,General Signaling,
Angptl7,Gm14548,General Signaling,
Angptl7,Gm15448,General Signaling,
Angptl7,Lilra5,General Signaling,
Angptl7,Lilra6,General Signaling,
Angptl7,Pira1,General Signaling,CellChatDB:24478758
Angptl7,Pira12,General Signaling,
Angptl7,Pira13,General Signaling,
Angptl7,Pira2,General Signaling,
Angptl7,Pira6,General Signaling,
Anpep,Sele,General Signaling,connectomeDB2020:29777742
Antxr1,Treml2,General Signaling,
Anxa1,Dysf,General Signaling,Baccin2019:14506282;Cellinker:14506282;HPRD:14506282;LRdb:14506282;connectomeDB2020:14506282
Anxa1,Egfr,General Signaling,CellTalkDB:15581623;Cellinker:15581623;HPRD:15581623;IntAct:15581623;IntAct:20029029;IntAct:31980649;LRdb:15581623;Lit-BM-17:15581623;Lit-BM-17:20029029;Lit-BM-17:24189400;SPIKE_LC:15581623;connectomeDB2020:15581623
Anxa2,Dysf,General Signaling,Cellinker:14506282;HPRD:14506282
Anxa2,Egfr,General Signaling,Cellinker:26438086
Anxa2,Plat,General Signaling,HPRD:11978811;HPRD:12468550;SPIKE_LC:16189514
Anxa2,Robo4,General Signaling,connectomeDB2020:29786451
Anxa2,Tlr2,General Signaling,connectomeDB2020:26885373
Apln,Grm7,General Signaling,CellTalkDB:32196115;LRdb:10617103;LRdb:10777510;LRdb:11336787;LRdb:12603839;LRdb:12939143;LRdb:15341513;LRdb:9792798
Apoa1,Ldlr,General Signaling,CellTalkDB:16150825
Apoa1,Lrp1,General Signaling,CellTalkDB:32196115
Apoa1,Lrp2,General Signaling,CellTalkDB:32196115
Apoa2,Ldlr,General Signaling,CellTalkDB:32196115
Apoa2,Lrp1,General Signaling,CellTalkDB:32196115
Apoa2,Lrp2,General Signaling,CellTalkDB:32196115
Apoa4,Ldlr,General Signaling,CellTalkDB:32196115
Apoa4,Lrp1,General Signaling,CellTalkDB:32196115
Apoa4,Lrp2,General Signaling,CellTalkDB:32196115
Apoa5,Lpl,General Signaling,SIGNOR:21773006
Apob,Adrb2,General Signaling,CellTalkDB:32196115
Apob,Calcr,General Signaling,CellTalkDB:32196115
Apob,Gm49368,General Signaling,
Apob,Itgam,General Signaling,CellTalkDB:32196115
Apob,Itgb2,General Signaling,CellTalkDB:32196115
Apob,Itgb2l,General Signaling,
Apob,Ldlr,General Signaling,Baccin2019:1132787812031600;CellTalkDB:11327878;Cellinker:11327878;Cellinker:12031600;Cellinker:15840700;HPRD:12031600;ICELLNET:24447298;LRdb:11327878;LRdb:12;Lit-BM-17:24447298;SIGNOR:11986215;connectomeDB2020:11327878;connectomeDB2020:12031600
Apob,Lrp1,General Signaling,CellTalkDB:32196115
Apob,Lrp2,General Signaling,Baccin2019:10330424;CellTalkDB:10330424;Cellinker:10330424;HPRD:10330424;ICELLNET:10330424;LRdb:10330424;SPIKE_LC:16713569;connectomeDB2020:10330424
Apob,Lrp8,General Signaling,CellTalkDB:32196115
Apob,Lsr,General Signaling,CellTalkDB:7615497;Cellinker:7615497;ICELLNET:29178324;LRdb:7615497;Ramilowski2015:7615497;connectomeDB2020:7615497;talklr:7615497
Apob,Olr1,General Signaling,CellTalkDB:9763524;LRdb:9763524;Ramilowski2015:9763524;connectomeDB2020:9763524;talklr:9763524
Apob,Tlr4,General Signaling,CellTalkDB:32196115
Apob,Tlr6,General Signaling,CellTalkDB:32196115
Apob,Vldlr,General Signaling,CellTalkDB:32196115
Apoc1,Vldlr,General Signaling,CellTalkDB:11353333
Apoc2,Ldlr,General Signaling,CellTalkDB:32196115
Apoc2,Lpl,General Signaling,HPRD:10727238;HPRD:11579204
Apoc2,Lrp1,General Signaling,CellTalkDB:32196115
Apoc2,Lrp2,General Signaling,CellTalkDB:32196115
Apoc3,Ldlr,General Signaling,CellTalkDB:27400128
Apoc3,Lrp1,General Signaling,CellTalkDB:27400128
Apoc3,Lrp2,General Signaling,CellTalkDB:32196115
Apoc3,Sdc2,General Signaling,CellTalkDB:27400128
Apoc3,Tlr2,General Signaling,CellTalkDB:32196115
Apoc4,Vldlr,General Signaling,CellTalkDB:10996355
Apod,Lepr,General Signaling,Baccin2019:11344130;CellTalkDB:11344130;Cellinker:11344130;HPRD:11344130;LRdb:11344130;connectomeDB2020:11344130
Apoe,App,General Signaling,BioGRID:10842709;DIP:10428074;HPRD:10559559;IntAct:17116874;MPPI:9202294
Apoe,Ldlr,General Signaling,Baccin2019:11327878;Baccin2019:12036960;CellTalkDB:11327878;Cellinker:11327878;Cellinker:12036962;Cellinker:15840700;Cellinker:31677479;HPRD:12036962;ICELLNET:24447298;IntAct:20030366;IntAct:24447298;LRdb:11327878;LRdb:12;Lit-BM-17:24447298;connectomeDB2020:11327878;connectomeDB2020:12036962
Apoe,Lrp1,General Signaling,AlzPathway:19026743;Baccin2019:11421580;CellTalkDB:11421580;Cellinker:11421580;Cellinker:31677479;HPRD:11421580;IntAct:15182176;IntAct:20030366;LRdb:11421580;connectomeDB2020:22622580;connectomeDB2020:2779654
Apoe,Lrp2,General Signaling,Baccin2019:11421580;CellTalkDB:16266282;Cellinker:11421580;HPRD:11421580;LRdb:11421580;SPIKE_LC:16713569;connectomeDB2020:1464627
Apoe,Lrp5,General Signaling,Baccin2019:9832610;CellTalkDB:9832610;HPMR:9832610
Apoe,Lrp8,General Signaling,AlzPathway:16504486;Baccin2019:12167620;Baccin2019:12950167;BioGRID:12950167;BioGRID:8626535;CellTalkDB:12950167;Cellinker:12167620;Cellinker:12950167;HPRD:12167620;HPRD:12950167;LRdb:12167620;LRdb:12950167;connectomeDB2020:12167620;connectomeDB2020:12950167
Apoe,Scarb1,General Signaling,Baccin2019:12138091;CellTalkDB:12138091;Cellinker:12138091;HPRD:12138091;ICELLNET:12138091;LRdb:12138091;connectomeDB2020:12138091
Apoe,Sorl1,General Signaling,Baccin2019:11294867;CellTalkDB:11294867;Cellinker:11294867;HPMR:11294867;HPMR:11557679;LRdb:11294867;SIGNOR:11557679;connectomeDB2020:11294867
Apoe,Vldlr,General Signaling,AlzPathway:16504486;Baccin2019:12167620;Baccin2019:12870663;CellTalkDB:12870663;Cellinker:12167620;Cellinker:12870663;DIP:19116273;HPRD:12167620;LRdb:12;LRdb:12870663;SIGNOR:11278667;connectomeDB2020:12167620;connectomeDB2020:12870663
Apoo,Il1rapl1,General Signaling,Cellinker:32589946
Apoo,Il1rapl2,General Signaling,Cellinker:32589946
App,Bace1,General Signaling,BioGRID:19251705;BioGRID:28869759;HPRD:10531052;IntAct:10677483;IntAct:12901838;IntAct:22801501;IntAct:30538620;IntAct:32814053
App,Flt1,General Signaling,Cellinker:32589946
App,Fpr2,General Signaling,CellTalkDB:11316806;Cellinker:11160457;Cellinker:11316806;LRdb:11;LRdb:11316806;connectomeDB2020:11160457;connectomeDB2020:11316806;scConnect:11160457;scConnect:11316806
App,Fpr3,General Signaling,
App,Gpc1,General Signaling,CellTalkDB:15084524;HPRD:15084524;LRdb:15084524;connectomeDB2020:15084524
App,Lrp1,General Signaling,CellTalkDB:12212791;HPRD:12212791;HPRD:7543026;LRdb:12212791;LRdb:75;connectomeDB2020:12212791;connectomeDB2020:7543026
App,Ncstn,General Signaling,CancerCellMap:12011466;CellTalkDB:10993067;HPRD:10993067;LRdb:10993067;connectomeDB2020:10993067
App,Ngfr,General Signaling,BioGRID:19710315;CellTalkDB:11756426;Cellinker:24224055;DIP:19225519;Lit-BM-17:11756426;Lit-BM-17:19225519
Areg,Erbb3,General Signaling,CellTalkDB:8702723;LRdb:8702723;Ramilowski2015:8702723;connectomeDB2020:8702723;talklr:8702723
Areg,Mmp9,General Signaling,HPRD:10389762;SPIKE_LC:16713569
Arf1,Pld2,General Signaling,BioGRID:10801846;BioGRID:11373276;CellTalkDB:12519790;HPRD:10801846;HPRD:12519790;LRdb:11;LRdb:12519790;connectomeDB2020:10801846;connectomeDB2020:12519790
Armh4,Tnfrsf11b,General Signaling,
Artn,Gfra2,General Signaling,CellTalkDB:32196115;Cellinker:9883723
Artn,Ncam1,General Signaling,Cellinker:30853893
Atp1b1,Negr1,General Signaling,Cellinker:32958118
Avp,Aqp2,General Signaling,ProtMapper:18287043;ProtMapper:18431594;ProtMapper:19144687;ProtMapper:19570884;ProtMapper:29650969;ProtMapper:30488437;ProtMapper:9950956
Avp,Oxtr,General Signaling,Baccin2019:10519430;Baccin2019:11337500;Baccin2019:12446593;Baccin2019:15084136;Baccin2019:16158071;Baccin2019:7475979;Baccin2019:7774575;Baccin2019:7921229;Baccin2019:8955347;CellTalkDB:12446593;Guide2Pharma:10519430;Guide2Pharma:11337500;Guide2Pharma:12446593;Guide2Pharma:15084136;Guide2Pharma:16158071;Guide2Pharma:7475979;Guide2Pharma:7774575;Guide2Pharma:8955347;HPRD:7921229;LRdb:10519430;LRdb:11337500;LRdb:12446593;LRdb:15084136;LRdb:16158071;LRdb:7475979;LRdb:7774575;LRdb:7921229;LRdb:8955347;connectomeDB2020:10519430;connectomeDB2020:11337500;connectomeDB2020:12446593;connectomeDB2020:15084136;connectomeDB2020:16158071;connectomeDB2020:7475979;connectomeDB2020:7774575;connectomeDB2020:7921229;connectomeDB2020:8955347;scConnect:10519430;scConnect:11337500;scConnect:12446593;scConnect:15084136;scConnect:16158071;scConnect:7475979;scConnect:7774575;scConnect:8955347
Azgp1,Itgav,General Signaling,CellTalkDB:9813179;HPRD:9813179;LRdb:9813179;connectomeDB2020:9813179
B2m,Klrc1,General Signaling,CellTalkDB:32196115;InnateDB:18083576;InnateDB:18448674
B2m,Klrc2,General Signaling,
B2m,Klrc3,General Signaling,
B2m,Klrd1,General Signaling,CellTalkDB:32196115;InnateDB:18083576;InnateDB:18448674
B2m,Tap1,General Signaling,Macrophage:10618487;SPIKE_LC:17145710
B2m,Tap2,General Signaling,Macrophage:10618487
BC053393,Cd300lb,General Signaling,
BC053393,Igsf21,General Signaling,
BC053393,Siglec1,General Signaling,
BC053393,Timd4,General Signaling,
Bace1,App,General Signaling,BioGRID:19251705;BioGRID:28869759;HPRD:10531052;IntAct:10677483;IntAct:12901838;IntAct:22801501;IntAct:30538620;IntAct:32814053;SIGNOR:10931940;SIGNOR:28923680;SPIKE:20418918;SPIKE_LC:20418918
Bace1,Selplg,General Signaling,HPRD:14507929
Bace2,App,General Signaling,HPRD-phos:10936190;HPRD-phos:15178331;HPRD-phos:8764598;HPRD:10605825;HPRD:10931940;HPRD:10936190;HPRD:15178331;HPRD:8764598;KEA:10936190;KEA:15178331;KEA:8764598;SIGNOR:10931940;SPIKE:20418918;SPIKE_LC:20418918;iPTMnet:10936190;iPTMnet:15178331;iPTMnet:8764598
Bcan,Egfr,General Signaling,CellTalkDB:32196115
Bcan,Nrcam,General Signaling,CellTalkDB:32196115
Bdnf,Drd4,General Signaling,CellTalkDB:32196115
Bdnf,Erbb2,General Signaling,Cellinker:28446206
Bgn,Fgfr3,General Signaling,connectomeDB2020:25260943
Bgn,Tlr1,General Signaling,CellTalkDB:32196115
Bgn,Tlr2,General Signaling,Baccin2019:24480070;CellTalkDB:16025156;Cellinker:16025156;Cellinker:23350913;LRdb:16025156;MatrixDB:24480070;Ramilowski2015:16025156;connectomeDB2020:16025156;talklr:16025156
Bgn,Tlr4,General Signaling,Baccin2019:24480070;CellTalkDB:16025156;Cellinker:16025156;Cellinker:23350913;LRdb:16025156;MatrixDB:24480070;Ramilowski2015:16025156;connectomeDB2020:16025156;talklr:16025156
Bmp1,Bmpr1a,General Signaling,CellTalkDB:15621726
Bmp1,Bmpr1b,General Signaling,CellTalkDB:15621726
Bmp1,Bmpr2,General Signaling,CellTalkDB:15621726
Bmp10,Acvr1,General Signaling,Cellinker:27252362;Cellinker:30246251;Cellinker:30246252;Cellinker:31127068
Bmp10,Acvr2b,General Signaling,Cellinker:27252362
Bmp10,Bmpr1a,General Signaling,Baccin2019:16049014;Cellinker:16049014;LRdb:16049014;SIGNOR:16049014;connectomeDB2020:16049014
Bmp10,Bmpr1b,General Signaling,CellTalkDB:15621726;Cellinker:31127068;LRdb:16049014;Ramilowski2015:16049014;connectomeDB2020:16049014;talklr:16049014
Bmp10,Eng,General Signaling,CellTalkDB:21737454;Cellinker:31540324;LRdb:21737454;Ramilowski2015:21737454;connectomeDB2020:21737454;talklr:21737454
Bmp15,Acvr1,General Signaling,
Bmp15,Acvr2a,General Signaling,CellTalkDB:26198319;Cellinker:27252362;Ramilowski2015:2419820;connectomeDB2020:2419820;talklr:2419820
Bmp15,Acvr2b,General Signaling,Cellinker:27252362
Bmp15,Bmpr1a,General Signaling,LRdb:2419820;Ramilowski2015:2419820;connectomeDB2020:2419820;talklr:2419820
Bmp15,Tgfbr1,General Signaling,Cellinker:27252362
Bmp2,Acvr1,General Signaling,Baccin2019:8006002;CellTalkDB:28977600;HPRD:8006002;LRdb:8006002
Bmp2,Eng,General Signaling,Baccin2019:9872992;CellTalkDB:9872992;Cellinker:9872992;HPRD:9872992;LRdb:9872992;connectomeDB2020:9872992
Bmp2,Hjv,General Signaling,
Bmp3,Acvr1,General Signaling,
Bmp3,Acvr1b,General Signaling,Cellinker:27252362
Bmp3,Acvr2a,General Signaling,Baccin2019:20959140;Cellinker:27252362
Bmp3,Acvr2b,General Signaling,CellTalkDB:22074949;Cellinker:27252362;Ramilowski2015:22074949;connectomeDB2020:22074949;talklr:22074949
Bmp3,Bmpr1a,General Signaling,Cellinker:26511181
Bmp3,Bmpr1b,General Signaling,Cellinker:13678778
Bmp3,Bmpr2,General Signaling,Cellinker:27252362
Bmp4,Acvr1,General Signaling,Baccin2019:20959140
Bmp4,Grem2,General Signaling,Cellinker:24614542;HPRD:15039429
Bmp5,Hjv,General Signaling,
Bmp5,Ptprd,General Signaling,Cellinker:32589946
Bmp6,Amhr2,General Signaling,SignaLink3:16446785;SignaLink3:23331499
Bmp6,Hjv,General Signaling,
Bmp7,Eng,General Signaling,Baccin2019:9872992;CellTalkDB:9872992;Cellinker:9872992;HPRD:9872992;LRdb:9872992;SPIKE_LC:16189514;connectomeDB2020:9872992
Bmp8a,Tgfbr1,General Signaling,connectomeDB2020:28465413
Bmp8a,Tgfbr2,General Signaling,connectomeDB2020:28465413
Boc,Lilra6,General Signaling,
Boc,Ptch1,General Signaling,
Boc,Ptch2,General Signaling,
Boc,Smo,General Signaling,
Bpi,Slamf9,General Signaling,Cellinker:32822567
Bst2,Lilra5,General Signaling,
Bst2,Lilra6,General Signaling,
Bst2,Pira1,General Signaling,
Bst2,Pira12,General Signaling,
Bst2,Pira13,General Signaling,
Bst2,Pirb,General Signaling,
Btc,Erbb3,General Signaling,CellTalkDB:9312020;Cellinker:9312020;ICELLNET:30249613;LRdb:9312020;Ramilowski2015:9312020;connectomeDB2020:9312020;talklr:9312020
Btla,Cd247,General Signaling,CellTalkDB:32196115
Btla,Cd276,General Signaling,Cellinker:23223433
Btla,Cd79a,General Signaling,CellTalkDB:19155498;LRdb:19155498;NetPath:19155498;Ramilowski2015:19155498;connectomeDB2020:19155498;talklr:19155498
Btla,Vtcn1,General Signaling,Baccin2019:12796776;CellTalkDB:12796776;HPRD:12796776;ICELLNET:12796776;LRdb:12796776;connectomeDB2020:12796776
Btn1a1,Jaml,General Signaling,Cellinker:32822567
Btn1a1,Negr1,General Signaling,Cellinker:32822567
Btn1a1,Tarm1,General Signaling,Cellinker:32822567
Btnl9,Il6ra,General Signaling,
Btnl9,Lrfn5,General Signaling,Cellinker:32822567
C1qa,Cd33,General Signaling,
C1qa,Cd93,General Signaling,Baccin2019:9476117;CellTalkDB:9476117;Cellinker:9476117;HPRD:9476117;LRdb:9476117;connectomeDB2020:9476117
C1qa,Cr1l,General Signaling,Baccin2019:10528211
C1qa,Cspg4,General Signaling,Baccin2019:9013976;CellTalkDB:9013976;Cellinker:9013976;HPRD:9013976;LRdb:9013976;connectomeDB2020:9013976
C1qa,Siglech,General Signaling,connectomeDB2020:28325905
C1qb,Cd33,General Signaling,
C1qb,Lrp1,General Signaling,CellTalkDB:11560994;LRdb:11560994;Ramilowski2015:11560994;connectomeDB2020:11560994;talklr:11560994
C1qb,Siglech,General Signaling,connectomeDB2020:28325905
C1qtnf1,Avpr2,General Signaling,Baccin2019:12409230;CellTalkDB:12409230;Cellinker:12409230;HPRD:12409230;LRdb:12409230;Lit-BM-17:12409230;connectomeDB2020:12409230
C1qtnf5,Mfrp,General Signaling,Baccin2019:12944416;CellTalkDB:21810984;Cellinker:12944416;HPRD:12944416;IntAct:16600989;LRdb:12944416
C3,C5ar2,General Signaling,Baccin2019:11773063;CellTalkDB:11773063;HPRD:11773063;LRdb:11773063;connectomeDB2020:11773063
C3,Cd19,General Signaling,CellTalkDB:15454921;Cellinker:15454921;LRdb:15454921;Ramilowski2015:15454921;connectomeDB2020:15454921;talklr:15454921
C3,Cd46,General Signaling,Baccin2019:1717583;CellTalkDB:1717583;Cellinker:1717583;HPRD:1717583;InnateDB:10960475;InnateDB:11971006;InnateDB:2141838;InnateDB:8666815;IntAct:18796626;IntAct:23086448;LRdb:1717583;connectomeDB2020:1717583
C3,Cr1l,General Signaling,Baccin2019:10382758;Baccin2019:9988761
C3,Gm49368,General Signaling,
C3,Itgb2l,General Signaling,
C3,Lrp1,General Signaling,Baccin2019:1060887810608870;CellTalkDB:10608878;Cellinker:10608878;HPRD:10608878;LRdb:10608878;connectomeDB2020:10608878
C3,Vsig4,General Signaling,
C4b,C3ar1,General Signaling,
C4b,C5ar2,General Signaling,
C4b,Cd46,General Signaling,
C4b,Cr1l,General Signaling,
C4b,Nrp1,General Signaling,
C4bp,Bmpr2,General Signaling,
C4bp,Cd40,General Signaling,
C4bp,Lrp1,General Signaling,
Cadm1,Cadm3,General Signaling,Baccin2019:17823505;Cellinker:32589946;connectomeDB2020:15741237
Cadm1,Erbb3,General Signaling,Cellinker:19561085
Cadm2,Cadm1,General Signaling,Cellinker:32822567
Cadm2,Cadm3,General Signaling,
Cadm2,Cadm4,General Signaling,
Cadm3,Cadm2,General Signaling,Cellinker:32589946
Cadm3,Cfap54,General Signaling,
Cadm3,Gm20605,General Signaling,
Cadm3,Il2rg,General Signaling,
Cadm3,Lrch4,General Signaling,
Cadm3,Nectin1,General Signaling,connectomeDB2020:15741237
Cadm3,Pear1,General Signaling,Cellinker:32589946
Cadm3,Prlr,General Signaling,
Cadm4,Cadm2,General Signaling,Cellinker:31451613
Cadm4,Cadm3,General Signaling,Cellinker:31451613
Cadm4,Erbb3,General Signaling,Cellinker:23611113
Cadm4,Mag,General Signaling,Cellinker:31451613
Cadm4,Sdk2,General Signaling,Cellinker:32822567
Calca,Calcrl,General Signaling,CellTalkDB:9620797;Cellinker:12234182;Cellinker:14668209;Cellinker:3001670;Cellinker:8626685;Cellinker:9620797;Guide2Pharma:10347248;Guide2Pharma:11693189;Guide2Pharma:9620797;HPRD:12234182;HPRD:14668209;HPRD:3001670;HPRD:8626685;HPRD:9620797;IntAct:23597562;LRdb:12234182;LRdb:14668209;LRdb:3001670;LRdb:8626685;LRdb:9620797;Lit-BM-17:16293613;Lit-BM-17:23597562;Lit-BM-17:9620797;SPIKE_LC:17145710;connectomeDB2020:12234182;connectomeDB2020:14668209;connectomeDB2020:3001670;connectomeDB2020:8626685;connectomeDB2020:9620797;scConnect:10347248;scConnect:11693189;scConnect:9620797
Calcb,Calcrl,General Signaling,Baccin2019:12196113;Baccin2019:12234182;Baccin2019:14668209;Baccin2019:3001670;Baccin2019:8626685;Baccin2019:9620797;CellTalkDB:12196113;Cellinker:12196113;Guide2Pharma:10347248;Guide2Pharma:11693189;Guide2Pharma:9620797;LRdb:12196113;connectomeDB2020:12196113;scConnect:10347248;scConnect:11693189;scConnect:9620797
Calm1,Cnga2,General Signaling,CellTalkDB:17032767;HPRD:12626507
Calm1,Kcnh1,General Signaling,
Calm1,Mylk,General Signaling,BioGRID:1519061;BioGRID:7947686;CA1:6893940;CA1:6934518;CellTalkDB:23456740;Guide2Pharma:156362;HPRD:7947686;Lit-BM-17:1519061;Lit-BM-17:7947686
Calm1,Mylk2,General Signaling,CellTalkDB:32196115;Guide2Pharma:156362
Calm1,Pde1a,General Signaling,CA1:3021730;CellTalkDB:23456740;HPRD:12135876
Calm1,Pde1b,General Signaling,CA1:3021730;CellTalkDB:32196115
Calm1,Pde1c,General Signaling,CA1:15082510;CellTalkDB:8557689
Calm2,Cnga2,General Signaling,
Calm2,Kcnh1,General Signaling,
Calm2,Mylk,General Signaling,CA1:6893940;CA1:6934518;CellTalkDB:14597710;Guide2Pharma:156362;Lit-BM-17:1519061;Lit-BM-17:7947686
Calm2,Mylk2,General Signaling,CellTalkDB:32196115;Guide2Pharma:156362
Calm2,Pde1a,General Signaling,CA1:3021730;CellTalkDB:23456740
Calm2,Pde1b,General Signaling,CA1:3021730;CellTalkDB:32196115
Calm2,Pde1c,General Signaling,CA1:15082510;CellTalkDB:32196115
Calm3,Cnga2,General Signaling,
Calm3,Kcnh1,General Signaling,
Calm3,Mylk,General Signaling,
Calm3,Mylk2,General Signaling,
Calm3,Pde1a,General Signaling,
Calm3,Pde1b,General Signaling,
Calm3,Pde1c,General Signaling,
Calr,Itga2b,General Signaling,CellTalkDB:14985176;HPRD:14985176;LRdb:14985176
Calr,Itga3,General Signaling,Adhesome:11327697;Adhesome:8006073;CellTalkDB:8006073;HPRD:11327697;HPRD:8006073;LRdb:113;LRdb:8006073;connectomeDB2020:11327697;connectomeDB2020:8006073
Calr,Itgav,General Signaling,Adhesome:12196561;CellTalkDB:12196561;HPRD:12196561;LRdb:12196561;connectomeDB2020:12196561
Calr,Lrp1,General Signaling,Adhesome:12821648;Adhesome:14980518;Cellinker:11560994;Cellinker:12821648;Cellinker:14980518;HPRD:12821648;HPRD:14980518;LRdb:13;LRdb:14980518;connectomeDB2020:12821648;connectomeDB2020:14980518
Calr,Mpl,General Signaling,CellTalkDB:32462673;Cellinker:29288169
Calr,Mtnr1a,General Signaling,Baccin2019:17215244;CellTalkDB:17215244;HPRD:17215244;IntAct:28298427;LRdb:17215244;SPIKE_LC:17145710;connectomeDB2020:17215244
Calr,Scarf1,General Signaling,CellTalkDB:15371419;Cellinker:15371419;HPMR:15371419;HPRD:15371419;LRdb:15371419;connectomeDB2020:15371419
Calr,Tap1,General Signaling,Macrophage:10618487;SPIKE_LC:17145710
Calr,Tap2,General Signaling,Macrophage:10618487
Calr,Tshr,General Signaling,Baccin2019:12383251;CellTalkDB:12383251;HPRD:12383251;LRdb:12383251;NetPath:12383251;SPIKE_LC:16189514;connectomeDB2020:12383251
Camp,Egfr,General Signaling,CellTalkDB:26527065
Camp,Fpr2,General Signaling,CellTalkDB:11015447;Cellinker:11015447;Guide2Pharma:11015447;HPMR:11015447;HPRD:11015447;LRdb:11015447;SIGNOR:11015447;connectomeDB2020:11015447;scConnect:11015447
Camp,Fpr3,General Signaling,
Camp,Igf1r,General Signaling,CellTalkDB:32196115;InnateDB:21685939
Camp,P2rx7,General Signaling,CellTalkDB:30847383;Cellinker:16493063;InnateDB:15067080;scConnect:18765670
Car12,Cd33,General Signaling,
Car12,Siglecf,General Signaling,
Car12,Siglech,General Signaling,
Ccl1,Ackr2,General Signaling,
Ccl1,Ccr1,General Signaling,DIP:10910894;DIP:11470772
Ccl1,Ccr1l1,General Signaling,
Ccl1,Ccr2,General Signaling,
Ccl1,Ccr3,General Signaling,
Ccl1,Ccr5,General Signaling,
Ccl11,Ackr4,General Signaling,CellTalkDB:10734104;Cellinker:10734104;HPRD:10734104;HPRD:9405404;LRdb:10734104;connectomeDB2020:10734104
Ccl11,Ccr2,General Signaling,Baccin2019:11264152;Baccin2019:12149192;Baccin2019:12554737;Baccin2019:15207250;Baccin2019:9115216;Baccin2019:9195948;Baccin2019:9276730;CellTalkDB:12554737;Cellinker:11264152;Cellinker:12554737;Cellinker:15207250;Guide2Pharma:12554737;Guide2Pharma:15207250;HPRD:11264152;ICELLNET:22633458;InnateDB:11264152;LRdb:11264152;LRdb:12554737;LRdb:15207250;connectomeDB2020:11264152;connectomeDB2020:12554737;connectomeDB2020:15207250;scConnect:12554737;scConnect:15207250
Ccl11,Ccr5,General Signaling,Baccin2019:10477718;Baccin2019:11264152;Baccin2019:12964882;Baccin2019:9468473;Baccin2019:9790730;CellTalkDB:10699158;Cellinker:10477718;Cellinker:11264152;DIP:10477718;Guide2Pharma:10477718;HPRD:10477718;HPRD:11264152;ICELLNET:22633458;InnateDB:10477718;LRdb:10699158;connectomeDB2020:10477718;connectomeDB2020:11264152;scConnect:10477718
Ccl11,Cxcr3,General Signaling,Baccin2019:96607939660793;CellTalkDB:9660793;Cellinker:9660793;DIP:9660793;Guide2Pharma:9660793;ICELLNET:22633458;LRdb:9660793;connectomeDB2020:9660793;scConnect:9660793
Ccl11,Dpp4,General Signaling,CellTalkDB:9660793;Cellinker:17156337;HPRD:11390394;IntAct:18275857;IntAct:21314817;SPIKE_LC:18275857
Ccl12,Ackr1,General Signaling,CellChatDB:26740381;Cellinker:13679391;Cellinker:17416748;Cellinker:26740381;HPRD:13679391;HPRD:17416748;ICELLNET:22633458;InnateDB:8132497;LRdb:10699158;LRdb:13679391;LRdb:17;connectomeDB2020:13679391;connectomeDB2020:17416748
Ccl12,Ackr2,General Signaling,Baccin2019:9364936;Baccin2019:9405404;CellChatDB:26740381;Cellinker:26740381;Cellinker:9364936;Cellinker:9405404;HPRD:9364936;HPRD:9405404;ICELLNET:22633458;InnateDB:9405404;LRdb:10699158;SPIKE_LC:16189514;connectomeDB2020:9364936;connectomeDB2020:9405404
Ccl12,Ackr4,General Signaling,Baccin2019:10734104;CellTalkDB:10734104;Cellinker:10734104;DIP:10734104;HPRD:10734104;HPRD:9364936;HPRD:9405404;InnateDB:10734104;LRdb:10734104;SPIKE_LC:16189514;connectomeDB2020:10734104
Ccl12,Ccr1,General Signaling,Baccin2019:76793288631787;CellTalkDB:10699158;Cellinker:7679328;Cellinker:8631787;DIP:9115216;HPMR:7679328;HPRD:8631787;InnateDB:9115216;LRdb:10699158;connectomeDB2020:7679328;connectomeDB2020:8631787
Ccl12,Ccr10,General Signaling,Baccin2019:10706668;Baccin2019:9364936;CellTalkDB:9364936;Cellinker:10706668;Cellinker:9364936;HPRD:10706668;HPRD:9364936;LRdb:107;LRdb:9364936;connectomeDB2020:10706668;connectomeDB2020:9364936
Ccl12,Ccr1l1,General Signaling,
Ccl12,Ccr3,General Signaling,Baccin2019:8642344;CellTalkDB:8642344;Cellinker:8642344;Guide2Pharma:8642344;InnateDB:8642344;LRdb:8642344;connectomeDB2020:8642344;scConnect:8642344
Ccl12,Ccr4,General Signaling,
Ccl12,Ccr5,General Signaling,Baccin2019:1629834510477710;CellTalkDB:16298345;Cellinker:10477718;Cellinker:16298345;DIP:10477718;Guide2Pharma:16298345;HPRD:10477718;InnateDB:10477718;LRdb:1;LRdb:16298345;connectomeDB2020:10477718;connectomeDB2020:16298345;scConnect:16298345
Ccl12,Ccr8,General Signaling,
Ccl17,Ccr8,General Signaling,CellTalkDB:10699158;Cellinker:12832759;Cellinker:9521068;DIP:10910894;HPRD:12832759;HPRD:9521068;LRdb:10699158;connectomeDB2020:12832759;connectomeDB2020:9521068
Ccl19,Ackr2,General Signaling,CellTalkDB:10706668;Cellinker:10706668;HPRD:10706668;LRdb:10706668;SPIKE_LC:16189514;connectomeDB2020:10706668
Ccl19,Ccr10,General Signaling,Baccin2019:10706668;CellTalkDB:10706668;Cellinker:10706668;HPRD:10706668;InnateDB:10706668;LRdb:10706668;connectomeDB2020:10706668
Ccl19,Ccrl2,General Signaling,Baccin2019:20002784;CellTalkDB:20002784;Cellinker:20002784;Guide2Pharma:20002784;ICELLNET:22633458;InnateDB:20002784;LRdb:20002784;connectomeDB2020:20002784;scConnect:20002784
Ccl19,Cxcr3,General Signaling,Baccin2019:9660793;CellTalkDB:9660793;Cellinker:9660793;Guide2Pharma:9660793;LRdb:9660793;connectomeDB2020:9660793;scConnect:9660793
Ccl19-ps1,Ackr2,General Signaling,
Ccl19-ps1,Ackr4,General Signaling,
Ccl19-ps1,Ccr10,General Signaling,
Ccl19-ps1,Ccr7,General Signaling,
Ccl19-ps1,Ccrl2,General Signaling,
Ccl19-ps1,Cxcr3,General Signaling,
Ccl2,Ackr4,General Signaling,CellChatDB:26740381;CellTalkDB:10734104;Cellinker:10734104;Cellinker:26740381;DIP:10734104;HPRD:10734104;HPRD:9405404;InnateDB:10734104;LRdb:10734104;SPIKE_LC:16189514;connectomeDB2020:10734104
Ccl2,Ccr1,General Signaling,CellTalkDB:10699158;Cellinker:23846739;LRdb:10699158
Ccl2,Ccr1l1,General Signaling,
Ccl2,Ccr3,General Signaling,Cellinker:12149192;Cellinker:16339911;Cellinker:9005985;Cellinker:9276730;DIP:10733106;Guide2Pharma:16339911;Guide2Pharma:9276730;HPRD:12149192;ICELLNET:22633458;LRdb:10699158;connectomeDB2020:12149192;connectomeDB2020:16339911;connectomeDB2020:9005985;connectomeDB2020:9276730;scConnect:16339911;scConnect:9276730
Ccl2,Ccr5,General Signaling,CellTalkDB:9790730;Cellinker:10477718;Cellinker:9790730;DIP:10477718;Guide2Pharma:9790730;HPRD:10477718;InnateDB:10477718;LRdb:105;LRdb:9790730;connectomeDB2020:10477718;connectomeDB2020:9790730;scConnect:9790730
Ccl2,Cxcr3,General Signaling,CellTalkDB:9660793;Cellinker:9660793;DIP:9660793;Guide2Pharma:9660793;LRdb:9660793;connectomeDB2020:9660793;scConnect:9660793
Ccl20,Ackr4,General Signaling,Cellinker:32480426;connectomeDB2020:32533638
Ccl20,Cxcr3,General Signaling,Baccin2019:9660793;Cellinker:9660793;Guide2Pharma:9660793;LRdb:9660793;connectomeDB2020:9660793;scConnect:9660793
Ccl21a,Ackr2,General Signaling,CellTalkDB:10706668;HPRD:10706668;LRdb:10706668;SPIKE_LC:16713569;connectomeDB2020:10706668
Ccl21a,Cxcr3,General Signaling,Baccin2019:26888559;CellTalkDB:11907075;Cellinker:26888559;Ramilowski2015:11907075;connectomeDB2020:11907075;talklr:11907075
Ccl21b,Ackr2,General Signaling,
Ccl21b,Cxcr3,General Signaling,
Ccl21d,Ackr2,General Signaling,
Ccl21d,Cxcr3,General Signaling,
Ccl22,Ackr1,General Signaling,Baccin2019:24013383
Ccl22,Ccr7,General Signaling,InnateDB:15546958
Ccl22,Dpp4,General Signaling,CellTalkDB:24218476;Cellinker:21314817;HPRD:11390394;HPRD:9933589;InnateDB:9933589
Ccl24,Ccr2,General Signaling,Baccin2019:15207250;CellTalkDB:15207250;Cellinker:15207250;Guide2Pharma:15207250;LRdb:15207250;connectomeDB2020:15207250;scConnect:15207250
Ccl25,Ackr2,General Signaling,CellTalkDB:10706668;Cellinker:10706668;HPRD:10706668;LRdb:10706668;connectomeDB2020:10706668
Ccl25,Ccr10,General Signaling,Baccin2019:10706668;CellTalkDB:10706668;Cellinker:10706668;HPRD:10706668;LRdb:10706668;connectomeDB2020:10706668
Ccl26,Ccr1,General Signaling,Cellinker:15039444;HPRD:15039444;ICELLNET:15039444;ICELLNET:22633458;InnateDB:15039444;LRdb:15039444;connectomeDB2020:15039444
Ccl26,Ccr2,General Signaling,Cellinker:15207250;Guide2Pharma:15207250;ICELLNET:22633458;InnateDB:12689946;LRdb:15207250;connectomeDB2020:15207250;scConnect:15207250
Ccl26,Ccr5,General Signaling,Cellinker:29637711;ICELLNET:15039444;ICELLNET:22633458;InnateDB:15039444
Ccl26,Cx3cr1,General Signaling,Cellinker:29637711;ICELLNET:20974991;ICELLNET:22633458;InnateDB:20974991
Ccl27a,Ackr2,General Signaling,
Ccl27a,Adra2a,General Signaling,
Ccl27a,Grm7,General Signaling,
Ccl27a,Mtnr1a,General Signaling,
Ccl27b,Ackr2,General Signaling,
Ccl27b,Adra2a,General Signaling,
Ccl27b,Grm7,General Signaling,
Ccl27b,Mtnr1a,General Signaling,
Ccl28,Ackr2,General Signaling,Baccin2019:10781587;Cellinker:10781587;HPRD:10781587;LRdb:28843907;connectomeDB2020:10781587
Ccl28,Ackr4,General Signaling,
Ccl28,Adra2a,General Signaling,CellTalkDB:32196115
Ccl28,Grm7,General Signaling,CellTalkDB:32196115
Ccl28,Mtnr1a,General Signaling,CellTalkDB:32196115
Ccl3,Ackr1,General Signaling,
Ccl3,Ccr3,General Signaling,CellTalkDB:24218476;Cellinker:7594543;DIP:7622448;HPRD:7594543;LRdb:7594543;connectomeDB2020:7594543
Ccl3,Ccr4,General Signaling,CellTalkDB:8573157;HPRD:8573157;LRdb:8573157;connectomeDB2020:8573157
Ccl3,Ccr8,General Signaling,
Ccl4,Ccr1,General Signaling,Baccin2019:12381680;Baccin2019:7594543;Baccin2019:8530354;CellTalkDB:10699158;Cellinker:12381680;Cellinker:7594543;Cellinker:8530354;DIP:10910894;DIP:7545673;Guide2Pharma:12381680;Guide2Pharma:8530354;HPRD:7594543;InnateDB:12381680;LRdb:10699158;connectomeDB2020:12381680;connectomeDB2020:7594543;connectomeDB2020:8530354;scConnect:12381680;scConnect:8530354
Ccl4,Ccr1l1,General Signaling,
Ccl4,Ccr3,General Signaling,Baccin2019:7622448;CellTalkDB:7622448;Cellinker:7622448;DIP:7622448;HPRD:7622448;LRdb:7622448;connectomeDB2020:7622448
Ccl4,Ccr8,General Signaling,Baccin2019:9521068;CellTalkDB:10699158;Cellinker:9521068;HPRD:9521068;LRdb:10699158;connectomeDB2020:9521068
Ccl5,Cxcr3,General Signaling,Baccin2019:9660793;Cellinker:9660793;DIP:9660793;Guide2Pharma:9660793;LRdb:9660793;connectomeDB2020:9660793;scConnect:9660793
Ccl5,Gpr75,General Signaling,Baccin2019:17001303;CellTalkDB:17001303;Cellinker:17001303;Guide2Pharma:17001303;LRdb:17001303;connectomeDB2020:17001303;scConnect:17001303
Ccl5,Sdc1,General Signaling,Baccin2019:14637022;CellTalkDB:14637022;Cellinker:12270118;Cellinker:14637022;Cellinker:8573157;HPRD:14637022;ICELLNET:14637022;LRdb:14637022;SPIKE_LC:16189514;connectomeDB2020:14637022
Ccl5,Sdc4,General Signaling,Baccin2019:14637022;Cellinker:14637022;HPRD:14637022;ICELLNET:14637022;LRdb:14637022;connectomeDB2020:14637022
Ccl6,Ackr2,General Signaling,
Ccl6,Fpr2,General Signaling,
Ccl6,Fpr3,General Signaling,
Ccl7,Ackr2,General Signaling,CellChatDB:26740381;Cellinker:26740381;Cellinker:9364936;Cellinker:9405404;HPRD:9364936;HPRD:9405404;ICELLNET:22633458;InnateDB:9405404;LRdb:10699158;connectomeDB2020:9364936;connectomeDB2020:9405404
Ccl7,Ackr4,General Signaling,CellTalkDB:10734104;Cellinker:10734104;DIP:10734104;HPRD:10734104;HPRD:9364936;HPRD:9405404;InnateDB:10734104;LRdb:10734104;connectomeDB2020:10734104
Ccl7,Ccr10,General Signaling,Baccin2019:9364936;CellTalkDB:9364936;Cellinker:9364936;HPRD:9364936;LRdb:9364936;connectomeDB2020:10706668;connectomeDB2020:9364936
Ccl7,Ccr5,General Signaling,Baccin2019:10477710;Baccin2019:16298345;Cellinker:10477718;Cellinker:16298345;DIP:10477718;Guide2Pharma:16298345;HPRD:10477718;ICELLNET:10477718;ICELLNET:22633458;InnateDB:10477718;LRdb:10699158;connectomeDB2020:10477718;connectomeDB2020:16298345;scConnect:16298345
Ccl7,Cxcr3,General Signaling,Baccin2019:9660793;CellTalkDB:9660793;Cellinker:9660793;DIP:9660793;Guide2Pharma:9660793;LRdb:9660793;connectomeDB2020:9660793;scConnect:9660793
Ccl8,Ackr2,General Signaling,CellChatDB:26740381;Cellinker:26740381;Cellinker:9405404;HPRD:9405404;ICELLNET:22633458;InnateDB:9405404;LRdb:10699158;connectomeDB2020:9405404
Ccl8,Ccr3,General Signaling,Cellinker:9005985;HPRD:9005985;LRdb:10699158;connectomeDB2020:9005985
Ccl8,Ccr4,General Signaling,
Ccl8,Ccr8,General Signaling,
Ccl9,Ackr2,General Signaling,
Ccl9,Ccr3,General Signaling,
Ccl9,Fpr2,General Signaling,
Ccl9,Fpr3,General Signaling,
Ccn1,Gm49368,General Signaling,
Ccn1,Itga2b,General Signaling,
Ccn1,Itga5,General Signaling,
Ccn1,Itga6,General Signaling,
Ccn1,Itgad,General Signaling,
Ccn1,Itgam,General Signaling,
Ccn1,Itgav,General Signaling,
Ccn1,Itgb1,General Signaling,
Ccn1,Itgb2,General Signaling,
Ccn1,Itgb2l,General Signaling,
Ccn1,Itgb3,General Signaling,
Ccn1,Itgb5,General Signaling,
Ccn1,Sdc4,General Signaling,
Ccn1,Tlr2,General Signaling,
Ccn1,Tlr4,General Signaling,
Ccn2,Erbb4,General Signaling,
Ccn2,Fgfr2,General Signaling,
Ccn2,Gm49368,General Signaling,
Ccn2,Igf2r,General Signaling,
Ccn2,Itga5,General Signaling,
Ccn2,Itgam,General Signaling,
Ccn2,Itgb2,General Signaling,
Ccn2,Itgb2l,General Signaling,
Ccn2,Lrp1,General Signaling,
Ccn2,Lrp6,General Signaling,
Ccn2,Ntrk1,General Signaling,
Ccn3,Notch1,General Signaling,
Ccn3,Plxna1,General Signaling,
Ccn4,Itga5,General Signaling,
Ccn4,Itgb1,General Signaling,
Ccn6,Sorl1,General Signaling,
Cd14,Plxnd1,General Signaling,Cellinker:32589946
Cd2,Cd53,General Signaling,Cellinker:1346273;HPRD:1346273
Cd2,Nlgn3,General Signaling,Cellinker:32589946
Cd209a,Ceacam2,General Signaling,
Cd209b,Ceacam1,General Signaling,
Cd209b,Ceacam2,General Signaling,
Cd209c,Ceacam1,General Signaling,
Cd209c,Ceacam2,General Signaling,
Cd209d,Ceacam1,General Signaling,
Cd209d,Ceacam2,General Signaling,
Cd209e,Ceacam1,General Signaling,CellChatDB:16282604;CellChatDB:6246332;HPRD:16246332
Cd209e,Ceacam2,General Signaling,
Cd22,Igsf21,General Signaling,Cellinker:32589946
Cd22,Ptprc,General Signaling,HPRD:7537381;LRdb:12115612;connectomeDB2020:12115612
Cd226,Mcam,General Signaling,
Cd226,Nectin2,General Signaling,CellChatDB:24440149;Cellinker:15039383;Cellinker:24440149;Cellinker:30759143;HPRD:12913096;HPRD:15536144;Lit-BM-17:12913096;Lit-BM-17:21982860;connectomeDB2020:15607800
Cd226,Pvr,General Signaling,CellChatDB:24440149;Cellinker:15039383;HPRD:12913096;IntAct:21982860;IntAct:30591568;Lit-BM-17:12913096;Lit-BM-17:21982860;connectomeDB2020:15607800
Cd244,Cd79b,General Signaling,
Cd244,Csf3r,General Signaling,
Cd244,Iyd,General Signaling,Cellinker:32589946
Cd244,Lat,General Signaling,HPRD:12077228
Cd244,Muc15,General Signaling,Cellinker:32589946
Cd244a,Cd79b,General Signaling,
Cd244a,Csf3r,General Signaling,
Cd244a,Iyd,General Signaling,
Cd244a,Lat,General Signaling,
Cd244a,Muc15,General Signaling,
Cd24a,Selp,General Signaling,CellTalkDB:9129046;Cellinker:9129046;HPRD:9129046;LRdb:9129046;connectomeDB2020:9129046
Cd274,Cd80,General Signaling,Baccin2019:24819296;CellTalkDB:17629517;ICELLNET:26927206;IntAct:18585785;IntAct:20587542;IntAct:21982860;IntAct:23417675;IntAct:31000591;LRdb:17629517;Lit-BM-17:21982860;connectomeDB2020:17629517;connectomeDB2020:18585785;connectomeDB2020:20587542
Cd274,Epha3,General Signaling,
Cd28,Cd247,General Signaling,HPRD:8760790
Cd28,Cd4,General Signaling,HPRD:7539755
Cd28,Cd80,General Signaling,BioGRID:1847722;DIP:1847722;DIP:2164219;DIP:7964482;HPRD:7545666;Lit-BM-17:1847722;Lit-BM-17:2164219;Lit-BM-17:21982860;Lit-BM-17:7545666;Lit-BM-17:7964482;NetPath:2164219;SPIKE:15610849;SPIKE:21487479;SPIKE_LC:15610849;SPIKE_LC:21487479;connectomeDB2020:17953528
Cd28,Cd86,General Signaling,DIP:21931534;HPRD:11021528;HPRD:7513726;SPIKE:11021528;SPIKE:21487479;SPIKE_LC:11021528;SPIKE_LC:21487479;connectomeDB2020:7534620
Cd28,Tmem95,General Signaling,Cellinker:32589946
Cd300a,Igsf5,General Signaling,Cellinker:32589946
Cd300c,Igsf5,General Signaling,
Cd300c,Ntng1,General Signaling,
Cd300c,Ptpro,General Signaling,
Cd300c2,Igsf5,General Signaling,Cellinker:32589946
Cd300c2,Ntng1,General Signaling,Cellinker:32589946
Cd300c2,Ptpro,General Signaling,
Cd300ld2,Flt1,General Signaling,
Cd300ld2,Igsf5,General Signaling,
Cd300ld3,Flt1,General Signaling,
Cd300ld3,Igsf5,General Signaling,
Cd300ld4,Flt1,General Signaling,
Cd300ld4,Igsf5,General Signaling,
Cd300ld5,Flt1,General Signaling,
Cd300ld5,Igsf5,General Signaling,
Cd300lf,Flt1,General Signaling,
Cd300lf,Igsf5,General Signaling,Cellinker:32589946
Cd320,Igsf5,General Signaling,Cellinker:32589946
Cd320,Jaml,General Signaling,Cellinker:32589946
Cd320,Lrpap1,General Signaling,
Cd320,Ror2,General Signaling,
Cd320,Siglece,General Signaling,
Cd320,Tmem167,General Signaling,Cellinker:32589946
Cd33,Cd4,General Signaling,
Cd33,Kir3dl1,General Signaling,
Cd33,Kir3dl2,General Signaling,
Cd33,Ncr1,General Signaling,
Cd34,Nectin3,General Signaling,Cellinker:32589946
Cd34,Nectin4,General Signaling,Cellinker:32589946
Cd34,Sele,General Signaling,connectomeDB2020:29296932
Cd34,Sell,General Signaling,Baccin2019:12889478;CellTalkDB:7692600;LRdb:12889478;connectomeDB2020:12889478
Cd38,Pecam1,General Signaling,Baccin2019:23308177;HPRD:9551996;connectomeDB2020:26407101;connectomeDB2020:9551996
Cd40,Cd40lg,General Signaling,
Cd40lg,Gm49368,General Signaling,
Cd40lg,Itgb2l,General Signaling,
Cd44,Acvr2b,General Signaling,Cellinker:30297743
Cd44,Cldn7,General Signaling,Cellinker:17579117;Cellinker:23230278
Cd44,Epcam,General Signaling,Cellinker:17579117
Cd44,Has2,General Signaling,
Cd44,Sele,General Signaling,HPRD:11402070;connectomeDB2020:29777742
Cd47,Gm5150,General Signaling,
Cd47,Gm9733,General Signaling,
Cd47,Pcsk4,General Signaling,Cellinker:32589946
Cd47,Scn1b,General Signaling,Cellinker:32589946
Cd47,Siglec1,General Signaling,Cellinker:32589946
Cd47,Sirpa,General Signaling,Adhesome:12972543;Adhesome:16081415;Adhesome:17070842;Adhesome:18045614;Adhesome:18633106;Baccin2019:29777034;Cellinker:15294972;Cellinker:15842360;Cellinker:22511785;HPRD:16291597;HPRD:9872987;ICELLNET:15294972;ICELLNET:17070842;InnateDB:16081415;InnateDB:17070842;SPIKE_LC:16189514;connectomeDB2020:10572074
Cd47,Sirpb1a,General Signaling,
Cd47,Sirpb1b,General Signaling,
Cd47,Sirpb1c,General Signaling,
Cd48,Cd2,General Signaling,Baccin2019:26794910;HPRD:12356317;ICELLNET:7691954;SPIKE_LC:16189514;connectomeDB2020:18287277;connectomeDB2020:23470321
Cd48,Cd244,General Signaling,Baccin2019:26794910;CellChatDB:26697006;HPRD:11163399;HPRD:9834056;ICELLNET:26794910;IntAct:15153464;IntAct:16002700;IntAct:18296487;LRdb:15870174;SPIKE_LC:18296487;connectomeDB2020:15870174
Cd48,Pdcd1,General Signaling,Cellinker:32589946
Cd55,Cr1l,General Signaling,
Cd55b,Cr1l,General Signaling,
Cd59a,Cd2,General Signaling,
Cd59a,Siglec1,General Signaling,
Cd59a,Stab1,General Signaling,
Cd59b,Cd2,General Signaling,CellTalkDB:1385156;Cellinker:1385156;HPRD:1377404;LRdb:1385156;SPIKE_LC:16189514;connectomeDB2020:1377404
Cd59b,Siglec1,General Signaling,Cellinker:32589946
Cd59b,Stab1,General Signaling,Cellinker:32589946
Cd5l,Cd5,General Signaling,CellTalkDB:9723705;Cellinker:9723705;LRdb:9723705;Ramilowski2015:9723705;connectomeDB2020:9723705;talklr:9723705
Cd6,Dag1,General Signaling,Cellinker:32589946
Cd6,Siglece,General Signaling,
Cd6,Siglecf,General Signaling,Cellinker:32589946
Cd7,Adam15,General Signaling,Cellinker:32589946
Cd72,Cd5,General Signaling,HPRD:1711157;HPRD:8806810;ICELLNET:24950378;ICELLNET:8757302;SPIKE_LC:17145710
Cd72,Ncam2,General Signaling,Cellinker:32822567
Cd72,Sema4d,General Signaling,Baccin2019:11114375;HPRD:11114375;HPRD:12882840
Cd79b,Cd244,General Signaling,Cellinker:32589946
Cd79b,Cd244a,General Signaling,
Cd79b,Igsf21,General Signaling,Cellinker:32589946
Cd79b,Kremen1,General Signaling,Cellinker:32589946
Cd79b,Ntm,General Signaling,Cellinker:32589946
Cd80,Ngfr,General Signaling,Cellinker:32822567;Lit-BM-17:21982860
Cd82,Cd37,General Signaling,Cellinker:22624718
Cd82,Itgb2,General Signaling,HPRD:10602019;SPIKE_LC:16189514
Cd82,Itgb2l,General Signaling,
Cd9,Adam2,General Signaling,Cellinker:10518536;HPRD:10518536;SPIKE_LC:16189514
Cd9,Cd36,General Signaling,Cellinker:11238109;HPRD:11238109
Cd9,Cldn1,General Signaling,Cellinker:17644758
Cd9,Igsf8,General Signaling,BioGRID:11504738;HPRD:11504738
Cd9,Kit,General Signaling,Cellinker:12036870;HPRD:12036870
Cd96,Nectin1,General Signaling,CellChatDB:17971293;connectomeDB2020:24658051;connectomeDB2020:30759143
Cd96,Nectin2,General Signaling,Baccin2019:29721390
Cdcp1,Egfr,General Signaling,Cellinker:23045285
Cdh1,Egfr,General Signaling,Baccin2019:10969083;BioGRID:10969083;CellTalkDB:10969083;Cellinker:10969083;HPRD:10969083;ICELLNET:14681060;ICELLNET:15662113;InnateDB:17548604;IntAct:24658140;IntAct:25241761;IntAct:31980649;LRdb:10969083;Lit-BM-17:24189400;Lit-BM-17:24658140;Lit-BM-17:25241761;Lit-BM-17:25402006;Lit-BM-17:25468996;connectomeDB2020:10969083
Cdh1,Igf1r,General Signaling,CellTalkDB:22479204;LRdb:22479204;Ramilowski2015:22479204;connectomeDB2020:22479204;talklr:22479204
Cdh1,Ptprf,General Signaling,Baccin2019:12095414;CellTalkDB:12095414;Cellinker:12095414;HPRD:12095414;InnateDB:10187801;LRdb:12095414
Cdh1,Ptprm,General Signaling,Baccin2019:15588985;Baccin2019:7642713;Baccin2019:9531566;CellTalkDB:9531566;Cellinker:15588985;Cellinker:7642713;Cellinker:9531566;DIP:7642713;HPRD:15588985;HPRD:7642713;HPRD:9531566;LRdb:15588985;LRdb:7642713;LRdb:9531566;connectomeDB2020:7642713;connectomeDB2020:9531566
Cdh13,Ncam2,General Signaling,Cellinker:32589946
Cdh15,Cdon,General Signaling,HPRD:12634428;SIGNOR:12634428
Cdh2,Cdon,General Signaling,HPRD:12634428;SIGNOR:20160094
Cdh6,Cntn1,General Signaling,Cellinker:32589946
Cdh6,Ptgfrn,General Signaling,Cellinker:32589946
Cdh9,Gm36028,General Signaling,
Cdhr2,Cd3d,General Signaling,
Cdhr2,Kirrel,General Signaling,Cellinker:32589946
Cdhr2,Unc5a,General Signaling,Cellinker:32589946
Ceacam1,Cd209a,General Signaling,
Ceacam1,Egfr,General Signaling,CellTalkDB:15467833;HPRD:15467833
Ceacam1,Havcr2,General Signaling,ICELLNET:25363763;ICELLNET:27192565;InnateDB:25363763;connectomeDB2020:26982724
Ceacam1,Sele,General Signaling,CellTalkDB:1378450;connectomeDB2020:1378450
Ceacam10,Lilra6,General Signaling,
Ceacam11,Lilra6,General Signaling,
Ceacam12,Lilra6,General Signaling,
Ceacam13,Lilra6,General Signaling,
Ceacam14,Lilra6,General Signaling,
Ceacam15,Lilra6,General Signaling,
Ceacam2,Egfr,General Signaling,
Ceacam2,Havcr2,General Signaling,
Ceacam20,Vsig8,General Signaling,Cellinker:32589946
Ceacam3,Lilra6,General Signaling,
Ceacam5,Lilra6,General Signaling,
Ceacam9,Lilra6,General Signaling,
Cel,Cxcr4,General Signaling,CellTalkDB:18037996;Cellinker:18037996;LRdb:18037996;Ramilowski2015:18037996;connectomeDB2020:18037996;talklr:18037996
Cer1,Mrc2,General Signaling,CellTalkDB:32103204
Cfap54,Cadm3,General Signaling,
Cfc1,Acvr1b,General Signaling,CellTalkDB:32196115
Cfc1,Acvr2a,General Signaling,CellTalkDB:32196115
Cfd,Cfb,General Signaling,SIGNOR:26489954
Cfh,Cfb,General Signaling,SIGNOR:19050261
Cfh,Gm49368,General Signaling,
Cfh,Itgam,General Signaling,CellTalkDB:9558116;Cellinker:9558116;HPRD:9558116;LRdb:9558116;connectomeDB2020:9558116
Cfh,Sell,General Signaling,Baccin2019:1037724510377240;Cellinker:10377245;HPRD:10377245;LRdb:10377245;connectomeDB2020:10377245
Cfp,Ncr1,General Signaling,connectomeDB2020:28480349
Cga,Adcyap1r1,General Signaling,CellTalkDB:32196115
Cga,Adrb2,General Signaling,CellTalkDB:32196115
Cga,Adrb3,General Signaling,CellTalkDB:32196115
Cga,Gpr20,General Signaling,CellTalkDB:32196115
Cga,Gpr84,General Signaling,CellTalkDB:32196115
Cga,Pth1r,General Signaling,CellTalkDB:32196115
Cga,Ramp2,General Signaling,CellTalkDB:32196115
Cga,Ramp3,General Signaling,CellTalkDB:32196115
Cga,Vipr1,General Signaling,CellTalkDB:32196115
Chl1,Cntn1,General Signaling,
Chl1,Cntn5,General Signaling,
Chl1,Sirpa,General Signaling,Cellinker:32589946
Chl1,Tmem132a,General Signaling,Cellinker:32589946
Cib1,Itga2b,General Signaling,HPRD:9030514;Lit-BM-17:9030514;MPPI:10358085;SIGNOR:11756406
Cib1,Itgb3,General Signaling,
Cklf,Ccr4,General Signaling,CellTalkDB:10699158;LRdb:10699158
Cklf,Lrp6,General Signaling,CellTalkDB:32103204
Clcf1,Crlf1,General Signaling,CellTalkDB:10966616;HPMR:10966616;HPRD:10966616;LRdb:10966616;connectomeDB2020:10966616
Clcf1,Sorl1,General Signaling,Cellinker:26858303
Cldn1,Cldn2,General Signaling,Cellinker:21098027
Cldn1,Mmp2,General Signaling,HPRD:11382769;SPIKE_LC:16189514
Cldn14,Cldn16,General Signaling,Cellinker:29782346
Cldn16,Cldn19,General Signaling,Cellinker:19706394;Cellinker:28028216;DIP:19706394;Lit-BM-17:19706394;Lit-BM-17:22373575
Cldn19,Cldn6,General Signaling,Cellinker:28605828
Cldn19,Cldn7,General Signaling,Cellinker:28605828
Cldn19,Cldn8,General Signaling,Cellinker:28605828
Cldn19,Cldn9,General Signaling,Cellinker:28605828
Cldn2,Cldn3,General Signaling,Cellinker:10562289
Cldn24,Cldn24,General Signaling,
Cldn3,Cldn1,General Signaling,
Clec11a,Itga10,General Signaling,connectomeDB2020:30632962
Clec11a,Itga11,General Signaling,connectomeDB2020:30632962
Clec11a,Itgb1,General Signaling,connectomeDB2020:30632962
Clec11a,Kit,General Signaling,
Clec2l,Igsf11,General Signaling,
Clec2l,Klrb1,General Signaling,
Clec2l,Klrb1a,General Signaling,CellChatDB:24223577
Clec2l,Klrb1b,General Signaling,
Clec2l,Klrb1c,General Signaling,
Clec2l,Klrb1f,General Signaling,
Clec2l,Ncam1,General Signaling,
Clec3a,Clec10a,General Signaling,CellTalkDB:32196115
Clec3a,Mgl2,General Signaling,
Clec4g,Lag3,General Signaling,ICELLNET:24769443;connectomeDB2020:24769443
Clmp,Jaml,General Signaling,Cellinker:32589946
Clu,Lrp2,General Signaling,BioGRID:17260971;BioGRID:7768901;HPRD:7768901;SIGNOR:32332780;SPIKE_LC:16713569
Clu,Trem2,General Signaling,Cellinker:28432014
Cmtm8,Egfr,General Signaling,HPRD:16263120;SPIKE_LC:16263120
Cnmd,Ptprd,General Signaling,Cellinker:32589946
Cntf,Crlf1,General Signaling,HPMR:10966616;SIGNOR:11294841;SignaLink3:11294841;SignaLink3:23331499
Cntf,Il6ra,General Signaling,Baccin2019:1281789;BioGRID:1281789;Cellinker:1281789;HPRD:1281789;LRdb:1281789;connectomeDB2020:1281789
Cntn1,Chl1,General Signaling,Cellinker:32589946
Cntn1,Fcgrt,General Signaling,Cellinker:32589946
Cntn1,Il23r,General Signaling,Cellinker:32589946
Cntn1,Mcam,General Signaling,
Cntn1,Nfasc,General Signaling,Cellinker:32589946
Cntn1,Pcdhb15,General Signaling,Cellinker:32589946
Cntn1,Ptprz1,General Signaling,Cellinker:20133774;DIP:21969550;HPMR:9118959;IntAct:21969550;connectomeDB2020:21969550
Cntn1,Sgcg,General Signaling,Cellinker:32589946
Cntn2,Cntn1,General Signaling,Baccin2019:12139915;CellTalkDB:12139915;HPRD:12139915;LRdb:12139915;connectomeDB2020:12139915
Cntn2,Kremen1,General Signaling,Cellinker:32589946
Cntn2,Nrcam,General Signaling,CellTalkDB:12139915;Cellinker:12139915;HPRD:12139915;LRdb:12139915;connectomeDB2020:12139915
Cntn2,Nrp1,General Signaling,CellTalkDB:22836270
Cntn3,Aplp1,General Signaling,
Cntn3,App,General Signaling,
Cntn3,Ptprg,General Signaling,CellTalkDB:20133774;Cellinker:20133774
Cntn4,Aplp1,General Signaling,Cellinker:32589946
Cntn4,App,General Signaling,Cellinker:32589946
Cntn4,Lvrn,General Signaling,Cellinker:32589946
Cntn4,Ptprg,General Signaling,CellTalkDB:20133774;Cellinker:20133774;LRdb:20133774;Ramilowski2015:20133774;connectomeDB2020:20133774;talklr:20133774
Cntn5,Chl1,General Signaling,Cellinker:32822567
Cntn5,Fam187a,General Signaling,
Cntn5,Il1rapl1,General Signaling,
Cntn5,Il1rapl2,General Signaling,
Cntn5,Ptprg,General Signaling,Cellinker:20133774
Cntn5,Slamf1,General Signaling,Cellinker:32822567
Cntn5,Spaca6,General Signaling,Cellinker:32822567
Cntn5,Tmem81,General Signaling,Cellinker:32822567
Cntn6,Notch1,General Signaling,SIGNOR:15082708;connectomeDB2020:15082708
Cntn6,Ptprg,General Signaling,Cellinker:20133774
Col10a1,Itga1,General Signaling,
Col10a1,Itga10,General Signaling,
Col10a1,Itga11,General Signaling,
Col10a1,Itga2,General Signaling,
Col10a1,Itgb1,General Signaling,
Col10a1,Lair1,General Signaling,Cellinker:16754721
Col11a1,Ddr1,General Signaling,Baccin2019:9659900;CellTalkDB:9659900;HPRD:9659900;LRdb:9659900;connectomeDB2020:9659900
Col11a1,Itga1,General Signaling,
Col11a1,Itga10,General Signaling,
Col11a1,Itga11,General Signaling,
Col11a1,Itga2,General Signaling,CellTalkDB:32196115
Col11a1,Itgb1,General Signaling,CellTalkDB:32196115
Col11a2,Itga1,General Signaling,
Col11a2,Itga10,General Signaling,
Col11a2,Itga11,General Signaling,
Col11a2,Itga2,General Signaling,
Col11a2,Itgb1,General Signaling,
Col12a1,Itga1,General Signaling,
Col12a1,Itga10,General Signaling,
Col12a1,Itga11,General Signaling,
Col12a1,Itga2,General Signaling,
Col12a1,Itgb1,General Signaling,
Col13a1,Itga1,General Signaling,
Col13a1,Itga10,General Signaling,
Col13a1,Itga11,General Signaling,
Col13a1,Itga2,General Signaling,
Col13a1,Itgb1,General Signaling,
Col14a1,Cd44,General Signaling,Baccin2019:8986622;CellTalkDB:8986622;Cellinker:8986622;HPRD:8986622;LRdb:8986622;SPIKE_LC:16189514;connectomeDB2020:8986622
Col14a1,Itga1,General Signaling,
Col14a1,Itga10,General Signaling,
Col14a1,Itga11,General Signaling,
Col14a1,Itga2,General Signaling,
Col14a1,Itgb1,General Signaling,
Col15a1,Itga1,General Signaling,
Col15a1,Itga10,General Signaling,
Col15a1,Itga11,General Signaling,
Col15a1,Itga2,General Signaling,
Col15a1,Itgb1,General Signaling,
Col16a1,Itga1,General Signaling,
Col16a1,Itga10,General Signaling,
Col16a1,Itga11,General Signaling,
Col16a1,Itga2,General Signaling,
Col16a1,Itgb1,General Signaling,CellTalkDB:32196115
Col17a1,Itga1,General Signaling,
Col17a1,Itga10,General Signaling,
Col17a1,Itga11,General Signaling,
Col17a1,Itga2,General Signaling,
Col17a1,Itgb1,General Signaling,
Col18a1,Gpc1,General Signaling,Baccin2019:11336700;Baccin2019:11336704;CellTalkDB:11336704;HPMR:11336704;HPRD:11336704;LRdb:11336704;connectomeDB2020:11336704
Col18a1,Gpc4,General Signaling,Baccin2019:11336704;CellTalkDB:11336704;HPRD:11336704;LRdb:11336704;connectomeDB2020:11336704
Col18a1,Itga1,General Signaling,
Col18a1,Itga10,General Signaling,
Col18a1,Itga11,General Signaling,
Col18a1,Itga2,General Signaling,
Col18a1,Itga5,General Signaling,CellTalkDB:12682293;Cellinker:11158588;Cellinker:12682293;HPRD:11158588;LRdb:11;LRdb:12682293;connectomeDB2020:11158588;connectomeDB2020:12682293
Col18a1,Itgb1,General Signaling,CellTalkDB:12682293;Cellinker:12682293;LRdb:12682293;connectomeDB2020:12682293
Col18a1,Kdr,General Signaling,Baccin2019:12029087;CellTalkDB:12682293;Cellinker:12029087;HPRD:12029087;LRdb:12029087;connectomeDB2020:12029087
Col18a1,Ptprs,General Signaling,Baccin2019:11865065;connectomeDB2020:11865065
Col19a1,Itga1,General Signaling,
Col19a1,Itga10,General Signaling,
Col19a1,Itga11,General Signaling,
Col19a1,Itga2,General Signaling,
Col19a1,Itgb1,General Signaling,
Col1a1,Cd36,General Signaling,Baccin2019:2468670;CellTalkDB:2468670;Cellinker:2468670;HPRD:2468670;LRdb:2468670;connectomeDB2020:2468670
Col1a1,Cd93,General Signaling,Baccin2019:1377218;CellTalkDB:1377218;Cellinker:1377218;HPRD:1377218;LRdb:1377218;SPIKE_LC:16189514;connectomeDB2020:1377218
Col1a1,Ddr1,General Signaling,Baccin2019:9659900;CellTalkDB:9659900;Cellinker:9659900;HPMR:9659900;ICELLNET:16626936;ICELLNET:21421911;ICELLNET:9659900;InnateDB:21815193;LRdb:9659900;MatrixDB:21044884;SIGNOR:9659900;connectomeDB2020:9659900
Col1a1,Ddr2,General Signaling,Baccin2019:12611880;Baccin2019:9659899;CellTalkDB:12611880;Cellinker:12611880;Cellinker:9659899;HPMR:12611880;HPRD:9659899;ICELLNET:16626936;ICELLNET:9659900;LRdb:12611880;LRdb:97;connectomeDB2020:12611880;connectomeDB2020:9659899
Col1a1,Itga5,General Signaling,CellTalkDB:1693626;Cellinker:1693626;HPRD:1693626;LRdb:1693626;SPIKE_LC:16189514;connectomeDB2020:1693626
Col1a1,Tmprss6,General Signaling,Baccin2019:12149247;Cellinker:12149247;HPRD:12149247;LRdb:12149247;SPIKE_LC:16189514
Col1a2,Cd36,General Signaling,Baccin2019:10772928;CellTalkDB:10772928;Cellinker:10772928;HPRD:10772928;LRdb:10772928
Col1a2,Cd93,General Signaling,Baccin2019:1377218;CellTalkDB:1377218;Cellinker:1377218;HPRD:1377218;LRdb:1377218;connectomeDB2020:1377218
Col1a2,Ddr1,General Signaling,Cellinker:16440311;ICELLNET:16626936;ICELLNET:21421911;ICELLNET:9659900;MatrixDB:21044884
Col1a2,Itga2b,General Signaling,CellTalkDB:11359786;Cellinker:11359786;HPRD:11359786;LRdb:11359786
Col1a2,Itgb3,General Signaling,CellTalkDB:1693626;Cellinker:1693626;HPRD:1693626;LRdb:1693626;connectomeDB2020:1693626
Col20a1,Itga1,General Signaling,
Col20a1,Itga10,General Signaling,
Col20a1,Itga11,General Signaling,
Col20a1,Itga2,General Signaling,
Col20a1,Itgb1,General Signaling,
Col22a1,Itga1,General Signaling,
Col22a1,Itga10,General Signaling,
Col22a1,Itga11,General Signaling,
Col22a1,Itga2,General Signaling,
Col22a1,Itgb1,General Signaling,
Col24a1,Itga1,General Signaling,
Col24a1,Itga10,General Signaling,
Col24a1,Itga11,General Signaling,
Col24a1,Itga2,General Signaling,
Col24a1,Itgb1,General Signaling,
Col26a1,Itga1,General Signaling,
Col26a1,Itga10,General Signaling,
Col26a1,Itga11,General Signaling,
Col26a1,Itga2,General Signaling,
Col26a1,Itgb1,General Signaling,
Col27a1,Itga1,General Signaling,
Col27a1,Itga10,General Signaling,
Col27a1,Itga11,General Signaling,
Col27a1,Itga2,General Signaling,
Col27a1,Itgb1,General Signaling,
Col28a1,Itga1,General Signaling,
Col28a1,Itga10,General Signaling,
Col28a1,Itga11,General Signaling,
Col28a1,Itga2,General Signaling,
Col28a1,Itgb1,General Signaling,
Col2a1,Ddr1,General Signaling,Baccin2019:9659900;CellTalkDB:9659900;Cellinker:9659900;HPRD:9659900;ICELLNET:16626936;ICELLNET:21421911;ICELLNET:9659900;LRdb:9659900;connectomeDB2020:9659900
Col2a1,Itga2b,General Signaling,CellTalkDB:10772239;Cellinker:10772239;Cellinker:7520045;HPRD:10772239;HPRD:7520045;LRdb:10772239;LRdb:75
Col2a1,Mag,General Signaling,Baccin2019:2446864;Cellinker:2446864;HPRD:2446864;LRdb:2446864;connectomeDB2020:2446864
Col2a1,Tnfrsf10b,General Signaling,
Col3a1,Ddr1,General Signaling,Baccin2019:9659900;CellTalkDB:9659900;Cellinker:9659900;DIP:22483115;HPRD:9659900;ICELLNET:16626936;ICELLNET:21421911;ICELLNET:9659900;LRdb:9659900;MatrixDB:21044884;connectomeDB2020:9659900
Col3a1,Ddr2,General Signaling,Baccin2019:9659899;CellTalkDB:9659899;Cellinker:9659899;Cellinker:9659900;HPRD:9659899;ICELLNET:16626936;ICELLNET:9659900;LRdb:9659899;connectomeDB2020:9659899
Col3a1,Itga1,General Signaling,
Col3a1,Itga10,General Signaling,
Col3a1,Itga11,General Signaling,
Col3a1,Itga2,General Signaling,CellTalkDB:14970208
Col3a1,Itgb1,General Signaling,CellTalkDB:14970208
Col3a1,Mag,General Signaling,Baccin2019:2446864;Cellinker:2446864;HPRD:2446864;LRdb:2446864;connectomeDB2020:2446864
Col4a1,Cd93,General Signaling,Baccin2019:1377218;CellTalkDB:1377218;Cellinker:1377218;HPRD:1377218;LRdb:1377218;connectomeDB2020:1377218
Col4a2,Cd93,General Signaling,Baccin2019:1377218;CellTalkDB:1377218;Cellinker:1377218;HPRD:1377218;LRdb:1377218;connectomeDB2020:1377218
Col4a2,Ddr1,General Signaling,Cellinker:9659900;ICELLNET:16626936;ICELLNET:9659900
Col4a2,Ddr2,General Signaling,Cellinker:9659900
Col4a2,Itgb3,General Signaling,CellTalkDB:32196115
Col4a2,Itgb5,General Signaling,CellTalkDB:32196115
Col4a3,Cd47,General Signaling,CellTalkDB:10493512;Cellinker:10493512;LRdb:10493512;Ramilowski2015:10493512;connectomeDB2020:10493512;talklr:10493512
Col4a3,Cd93,General Signaling,Baccin2019:1377218;CellTalkDB:1377218;Cellinker:1377218;HPRD:1377218;LRdb:1377218;connectomeDB2020:1377218
Col4a3,Itgb3,General Signaling,CellTalkDB:12842087;Cellinker:12842087;Cellinker:14610079
Col4a4,Cd47,General Signaling,CellTalkDB:32196115
Col4a4,Cd93,General Signaling,Baccin2019:9136074;CellTalkDB:9136074;Cellinker:9136074;HPRD:9136074;LRdb:9136074
Col4a4,Ddr1,General Signaling,Cellinker:9659900;ICELLNET:16626936;ICELLNET:9659900
Col4a4,Ddr2,General Signaling,Cellinker:9659900
Col4a4,Itgb3,General Signaling,CellTalkDB:32196115
Col4a5,Cd47,General Signaling,CellTalkDB:32196115
Col4a5,Cd93,General Signaling,CellTalkDB:1377218;Cellinker:1377218;HPRD:1377218;LRdb:1377218;connectomeDB2020:1377218
Col4a5,Ddr1,General Signaling,Cellinker:9659900;ICELLNET:16626936;ICELLNET:9659900
Col4a5,Ddr2,General Signaling,Cellinker:9659900
Col4a6,Cd47,General Signaling,CellTalkDB:32196115
Col4a6,Cd93,General Signaling,CellTalkDB:1377218;Cellinker:1377218;HPRD:1377218;LRdb:1377218;SPIKE_LC:16189514;connectomeDB2020:1377218
Col4a6,Ddr1,General Signaling,Cellinker:9659900;ICELLNET:16626936;ICELLNET:9659900
Col4a6,Ddr2,General Signaling,Cellinker:9659900
Col5a1,Cd93,General Signaling,Cellinker:1377218
Col5a1,Ddr1,General Signaling,Cellinker:9659900;ICELLNET:16626936;ICELLNET:9659900
Col5a1,Ddr2,General Signaling,Cellinker:9659900
Col5a1,Itga1,General Signaling,CellTalkDB:32196115
Col5a1,Itga10,General Signaling,
Col5a1,Itga11,General Signaling,
Col5a1,Itga2,General Signaling,
Col5a1,Itgb1,General Signaling,CellTalkDB:32196115
Col5a1,Lair1,General Signaling,Cellinker:16754721
Col5a1,Sdc1,General Signaling,Cellinker:1969657
Col5a1,Sdc3,General Signaling,Baccin2019:11751872;Cellinker:11751872;HPRD:11751872;LRdb:11751872;connectomeDB2020:11751872
Col5a2,Cd93,General Signaling,Cellinker:1377218
Col5a2,Ddr1,General Signaling,Baccin2019:9659900;CellTalkDB:9659900;Cellinker:9659900;HPRD:9659900;ICELLNET:16626936;ICELLNET:9659900;LRdb:9659900;connectomeDB2020:9659900
Col5a2,Ddr2,General Signaling,Cellinker:9659900
Col5a2,Itga1,General Signaling,CellTalkDB:32196115
Col5a2,Itga10,General Signaling,
Col5a2,Itga11,General Signaling,
Col5a2,Itga2,General Signaling,
Col5a2,Itgb1,General Signaling,CellTalkDB:32196115
Col5a2,Lair1,General Signaling,Cellinker:16754721
Col5a2,Sdc1,General Signaling,Cellinker:1969657
Col5a3,Cd93,General Signaling,Cellinker:1377218
Col5a3,Ddr1,General Signaling,Cellinker:9659900;ICELLNET:16626936;ICELLNET:9659900
Col5a3,Ddr2,General Signaling,Cellinker:9659900
Col5a3,Itga1,General Signaling,
Col5a3,Itga10,General Signaling,
Col5a3,Itga11,General Signaling,
Col5a3,Itga2,General Signaling,
Col5a3,Itgb1,General Signaling,
Col5a3,Sdc1,General Signaling,Cellinker:1969657
Col5a3,Sdc3,General Signaling,Cellinker:11751872;HPMR:11751872;LRdb:11751872;connectomeDB2020:11751872
Col6a1,Itga6,General Signaling,CellTalkDB:32196115
Col7a1,Itga1,General Signaling,
Col7a1,Itga10,General Signaling,
Col7a1,Itga11,General Signaling,
Col7a1,Itga2,General Signaling,CellTalkDB:32196115
Col7a1,Itgb1,General Signaling,CellTalkDB:32196115
Col8a1,Ddr1,General Signaling,Cellinker:11254672;ICELLNET:16626936;ICELLNET:9659900
Col8a1,Itga1,General Signaling,CellTalkDB:12482545;Cellinker:10666376;Cellinker:12482545;HPRD:10666376;HPRD:12482545;LRdb:11;LRdb:12482545;SPIKE_LC:16713569;connectomeDB2020:10666376
Col8a1,Itga10,General Signaling,
Col8a1,Itga11,General Signaling,
Col8a1,Itga2,General Signaling,CellTalkDB:12482545;Cellinker:10666376;Cellinker:12482545;HPRD:10666376;HPRD:12482545;LRdb:11;LRdb:12482545;SPIKE_LC:16713569;connectomeDB2020:10666376
Col8a1,Itgb1,General Signaling,
Col8a2,Ddr1,General Signaling,Cellinker:11254672
Col8a2,Itga1,General Signaling,
Col8a2,Itga10,General Signaling,
Col8a2,Itga11,General Signaling,
Col8a2,Itga2,General Signaling,
Col8a2,Itgb1,General Signaling,
Col8a2,Slc4a11,General Signaling,CellTalkDB:31691803
Col9a1,Mag,General Signaling,Baccin2019:2446864;Cellinker:2446864;HPRD:2446864;LRdb:2446864;connectomeDB2020:2446864
Col9a2,Mag,General Signaling,Baccin2019:2446864;Cellinker:2446864;HPRD:2446864;LRdb:2446864;connectomeDB2020:2446864
Col9a3,Mag,General Signaling,CellTalkDB:32196115;Cellinker:2446864;HPRD:2446864;LRdb:2446864;connectomeDB2020:2446864
Colq,Musk,General Signaling,Baccin2019:15159418;CellTalkDB:15159418;Cellinker:15159418;HPRD:15159418;LRdb:15159418;connectomeDB2020:15159418
Comp,Itga2b,General Signaling,
Comp,Itga5,General Signaling,connectomeDB2020:20033473
Comp,Itga7,General Signaling,Cellinker:20019333
Copa,Cd74,General Signaling,
Copa,Mtnr1b,General Signaling,
Copa,Ntrk1,General Signaling,
Copa,Ntsr2,General Signaling,
Copa,P2ry6,General Signaling,
Copa,Sort1,General Signaling,
Corin,Kirrel,General Signaling,Cellinker:32589946
Corin,Lrrc4c,General Signaling,Cellinker:32589946
Cort,Ghsr,General Signaling,Baccin2019:1122773711227730;CellTalkDB:11227737;Cellinker:11227737;HPRD:11227737;LRdb:11227737;SIGNOR:12161511;connectomeDB2020:11227737
Cort,Mrgpra1,General Signaling,
Cort,Mrgpra2a,General Signaling,
Cort,Mrgpra2b,General Signaling,
Cort,Mrgpra3,General Signaling,
Cort,Mrgpra4,General Signaling,
Cort,Mrgpra6,General Signaling,
Cort,Mrgpra9,General Signaling,
Cort,Mrgprb1,General Signaling,Baccin2019:1291540212915400;CellTalkDB:12915402;Cellinker:12915402;HPMR:12915402;HPRD:12915402;LRdb:12915402;SIGNOR:16111673;connectomeDB2020:12915402
Cort,Mrgprb2,General Signaling,
Cort,Mrgprb3,General Signaling,
Cort,Mrgprb4,General Signaling,
Cort,Mrgprb5,General Signaling,
Cort,Mrgprb8,General Signaling,
Cort,Mrgprx1,General Signaling,
Cort,Mrgprx2,General Signaling,
Cp,Slc40a1,General Signaling,CellTalkDB:24921009;LRdb:24921009;Ramilowski2015:24921009;connectomeDB2020:24921009;talklr:24921009
Cp,Smo,General Signaling,SIGNOR:16885213
Crb3,Lin7c,General Signaling,
Crb3,Patj,General Signaling,
Crh,Mc2r,General Signaling,
Crhr2,Gnas,General Signaling,
Crisp1,A1bg,General Signaling,
Crisp2,Catsper1,General Signaling,CellTalkDB:30759213
Crisp3,A1bg,General Signaling,CellTalkDB:15461460;HPRD:15461460;SPIKE_LC:15461460
Crlf1,Cntfr,General Signaling,HPMR:10966616;HPRD:10966616;connectomeDB2020:23355913
Crlf1,Il6st,General Signaling,HPMR:10966616
Crlf1,Lifr,General Signaling,HPMR:10966616
Crlf1,Sorl1,General Signaling,Cellinker:26858303
Crp,Cr1l,General Signaling,
Crp,Olr1,General Signaling,CellTalkDB:21821723;Cellinker:21821723;LRdb:21821723;Ramilowski2015:21821723;connectomeDB2020:21821723;talklr:21821723
Crtam,Dsc3,General Signaling,
Crtam,Ildr2,General Signaling,Cellinker:32589946
Crtam,Muc15,General Signaling,Cellinker:32589946
Crtam,Ntrk3,General Signaling,
Csf1,Csf2ra,General Signaling,SIGNOR:10572088;SignaLink3:10572088;SignaLink3:23331499
Csf1,Csf3r,General Signaling,SIGNOR:16492764;SignaLink3:16492764;SignaLink3:23331499
Csf1,Sirpa,General Signaling,CellTalkDB:32103204
Csf2,Csf1r,General Signaling,
Csf2,Csf2rb2,General Signaling,
Csf2,Csf3r,General Signaling,Baccin2019:11091218;CellTalkDB:11091218;Cellinker:11091218;Cellinker:16720384;DIP:11468284;HPMR:11091218;HPMR:7691413;LRdb:11091218;Lit-BM-17:11468284;Lit-BM-17:9187659;SIGNOR:16492764;SIGNOR:7691413;SignaLink3:16492764;SignaLink3:23331499;connectomeDB2020:11091218
Csf2,Il3ra,General Signaling,Baccin2019:7957082;CellTalkDB:7957082;Cellinker:7957082;HPRD:7957082;LRdb:7957082;connectomeDB2020:7957082
Csf2,Sdc2,General Signaling,Baccin2019:10734053;CellTalkDB:10734053;Cellinker:10734053;HPRD:10734053;InnateDB:10734053;LRdb:10734053;connectomeDB2020:10734053
Csf3,Csf1r,General Signaling,
Csf3,Csf2ra,General Signaling,SIGNOR:10572088;SignaLink3:10572088;SignaLink3:23331499
Cthrc1,Fzd3,General Signaling,Cellinker:18606138;LRdb:18606138;Ramilowski2015:18606138;connectomeDB2020:18606138;talklr:18606138
Cthrc1,Fzd5,General Signaling,Cellinker:18606138;LRdb:18606138;Ramilowski2015:18606138;connectomeDB2020:18606138;talklr:18606138
Cthrc1,Fzd6,General Signaling,Cellinker:18606138;LRdb:18606138;Ramilowski2015:18606138;connectomeDB2020:18606138;talklr:18606138
Cthrc1,Ror2,General Signaling,Cellinker:18606138;connectomeDB2020:18606138
Ctsd,App,General Signaling,HPRD-phos:8943232;HPRD:10605825;HPRD:10931940;HPRD:7523115;HPRD:8930981;HPRD:8943232;SIGNOR:10605825;SIGNOR:8943232;SPIKE_LC:17112520
Cx3cl1,Itga4,General Signaling,
Cx3cl1,Itgav,General Signaling,connectomeDB2020:24789099
Cx3cl1,Itgb1,General Signaling,
Cx3cl1,Itgb3,General Signaling,IntAct:24789099;connectomeDB2020:24789099
Cxadr,Jaml,General Signaling,Baccin2019:15800062;Cellinker:32822567;Lit-BM-17:21982860;connectomeDB2020:15800062
Cxcl1,Dpp4,General Signaling,CellTalkDB:24218476;Cellinker:21314817;IntAct:18275857;IntAct:21314817;SPIKE_LC:18275857
Cxcl1,Xcr1,General Signaling,Baccin2019:10518929;CellTalkDB:10679309;Cellinker:10518929;LRdb:10518929;connectomeDB2020:10518929
Cxcl10,Ccr3,General Signaling,Baccin2019:11110785;CellTalkDB:11110785;Cellinker:11110785;DIP:11110785;HPRD:11110785;ICELLNET:22633458;LRdb:11110785;connectomeDB2020:11110785
Cxcl10,Dpp4,General Signaling,CellTalkDB:24218476;Cellinker:21314817;HPRD:11390394;IntAct:18275857;IntAct:21314817;SPIKE_LC:18275857
Cxcl10,Sdc4,General Signaling,Baccin2019:20484822;Cellinker:20484822;LRdb:20484822;Ramilowski2015:20484822;connectomeDB2020:20484822;talklr:20484822
Cxcl11,Ccr3,General Signaling,CellTalkDB:11110785;Cellinker:11110785;DIP:11110785;HPRD:11110785;ICELLNET:15178708;ICELLNET:22633458;LRdb:11110785;connectomeDB2020:11110785
Cxcl11,Ccr5,General Signaling,ICELLNET:15178708;ICELLNET:22633458
Cxcl11,Dpp4,General Signaling,CellTalkDB:24218476;Cellinker:11390394;HPRD:11390394;IntAct:18275857;IntAct:21314817;SPIKE_LC:18275857
Cxcl12,Cd4,General Signaling,CellTalkDB:10600606;Cellinker:10600606;HPRD:10600606;LRdb:10600606;connectomeDB2020:10600606
Cxcl12,Cxcr3,General Signaling,Cellinker:9660793;Guide2Pharma:9660793;LRdb:9660793;connectomeDB2020:9660793;scConnect:9660793
Cxcl12,Dpp4,General Signaling,CellTalkDB:30759373;Cellinker:11390394;HPRD:11390394;SPIKE_LC:18275857
Cxcl12,Itgb1,General Signaling,CellTalkDB:18448868;Cellinker:18448868;LRdb:18448868;Ramilowski2015:18448868;connectomeDB2020:18448868;talklr:18448868
Cxcl13,Ackr4,General Signaling,Baccin2019:10706668;Cellinker:10706668;HPRD:10706668;ICELLNET:22633458;ICELLNET:706668;LRdb:10706668;connectomeDB2020:10706668
Cxcl13,Ccr10,General Signaling,Baccin2019:10706668;CellTalkDB:10706668;Cellinker:10706668;HPRD:10706668;LRdb:10706668;connectomeDB2020:10706668
Cxcl14,Cxcr4,General Signaling,CellTalkDB:32239134;connectomeDB2020:28360196
Cxcl16,Adra2a,General Signaling,CellTalkDB:32196115
Cxcl16,Grm7,General Signaling,CellTalkDB:32196115
Cxcl16,Mtnr1a,General Signaling,CellTalkDB:32196115
Cxcl17,Gpr35,General Signaling,CellTalkDB:25411203;connectomeDB2020:25411203;scConnect:25411203
Cxcl2,Adra2a,General Signaling,CellTalkDB:32196115
Cxcl2,Grm7,General Signaling,CellTalkDB:32196115
Cxcl2,Mtnr1a,General Signaling,CellTalkDB:32196115
Cxcl5,Adra2a,General Signaling,CellTalkDB:32196115
Cxcl5,Grm7,General Signaling,CellTalkDB:32196115
Cxcl5,Mtnr1a,General Signaling,CellTalkDB:32196115
Cxcl9,Ccr3,General Signaling,Baccin2019:11110785;CellTalkDB:11110785;Cellinker:11110785;DIP:11110785;HPRD:11110785;ICELLNET:22633458;LRdb:11110785;connectomeDB2020:11110785
Cxcl9,Dpp4,General Signaling,CellTalkDB:24218476;Cellinker:21314817;HPRD:11390394;IntAct:18275857;IntAct:21314817;SPIKE_LC:18275857
Cytl1,Ccr2,General Signaling,connectomeDB2020:27084102
Dbh,Gpr161,General Signaling,
Dchs1,Fat4,General Signaling,
Dcn,Egfr,General Signaling,Baccin2019:12105206;Baccin2019:9988678;BioGRID:9988678;CellTalkDB:12105207;Cellinker:12105206;Cellinker:23350913;Cellinker:9988678;HPRD:12105206;HPRD:9988678;ICELLNET:9988678;LRdb:12105207;Lit-BM-17:12105206;Lit-BM-17:9988678;connectomeDB2020:12105206;connectomeDB2020:9988678
Dcn,Erbb4,General Signaling,CellTalkDB:10942781;Cellinker:10942781;ICELLNET:10942781;LRdb:10942781;Ramilowski2015:10942781;connectomeDB2020:10942781;talklr:10942781
Dcn,Igf1r,General Signaling,Cellinker:23350913
Dcn,Kdr,General Signaling,Cellinker:23350913;ICELLNET:21659473
Dcn,Lrp1,General Signaling,Cellinker:23350913
Dcn,Met,General Signaling,Baccin2019:26522384;CellTalkDB:10942781;ICELLNET:19433454;LRdb:10942781;Ramilowski2015:10942781;connectomeDB2020:10942781;talklr:10942781
Dcn,Tlr2,General Signaling,Cellinker:23350913;InnateDB:22087031;connectomeDB2020:22087031
Dcn,Tlr4,General Signaling,Cellinker:23350913;InnateDB:22087031;connectomeDB2020:22087031
Defb1,Ccr6,General Signaling,CellTalkDB:20068036;HPRD:12149255;LRdb:20068036;LRdb:25122636;LRdb:25585877;connectomeDB2020:12149255
Defb14,Ccr2,General Signaling,
Defb14,Ccr6,General Signaling,
Dhh,Boc,General Signaling,Baccin2019:18698484;CellTalkDB:20519495;Cellinker:20519495;LRdb:20519495;Ramilowski2015:20519495;connectomeDB2020:20519495;talklr:20519495
Dhh,Cdon,General Signaling,Baccin2019:18698484;CellTalkDB:20519495;Cellinker:20519495;LRdb:20519495;Ramilowski2015:20519495;connectomeDB2020:20519495;talklr:20519495
Dhh,Hhip,General Signaling,Baccin2019:10050855;Baccin2019:11435703;CancerCellMap:10050855;CancerCellMap:11435703;CellTalkDB:10050855;Cellinker:10050855;Cellinker:11435703;DIP:19561611;HPRD:10050855;HPRD:11435703;IntAct:19561611;LRdb:10050855;LRdb:11;Lit-BM-17:19561609;Lit-BM-17:19561611;NetPath:10050855;connectomeDB2020:10050855;connectomeDB2020:11435703
Dkk1,Kremen1,General Signaling,Baccin2019:12050670;CellTalkDB:12050670;Cellinker:12050670;Cellinker:12527209;HPMR:12050670;HPRD:12050670;LRdb:12050670;SIGNOR:12050670;SPIKE:12050670;SPIKE_LC:12050670;SignaLink3:12050670;SignaLink3:23331499;connectomeDB2020:12050670
Dkk1,Kremen2,General Signaling,AlzPathway:16307379;AlzPathway:18786602;AlzPathway:19101658;Baccin2019:12050670;CellTalkDB:12050670;Cellinker:12050670;Cellinker:12527209;HPMR:12050670;LRdb:12050670;SIGNOR:12050670;SPIKE:12050670;SPIKE_LC:12050670;SignaLink3:12050670;SignaLink3:23331499;connectomeDB2020:12050670
Dkk1,Lrp5,General Signaling,AlzPathway:16307379;AlzPathway:18786602;AlzPathway:19101658;Baccin2019:11516963;CancerCellMap:11448771;Cellinker:11516963;HPRD:11516963;LRdb:11516963;NetPath:11448771;SPIKE:11516963;SPIKE_LC:11516963;connectomeDB2020:11448771
Dkk1,Lrp6,General Signaling,Baccin2019:11357136;Baccin2019:11448771;CancerCellMap:11448771;CellTalkDB:11516963;Cellinker:11357136;Cellinker:11448771;Cellinker:12527209;Cellinker:29925589;DIP:21944579;DIP:21984209;ELM:21944579;HPRD:11357136;HPRD:11448771;IntAct:11448771;IntAct:21944579;IntAct:21984209;LRdb:11;LRdb:11357136;NetPath:11448771;NetPath:19339249;SIGNOR:11448771;SPIKE:11516963;SPIKE_LC:11516963;SignaLink3:11357136;SignaLink3:11448771;SignaLink3:18988627;SignaLink3:21071413;SignaLink3:23331499;connectomeDB2020:11357136;connectomeDB2020:11448771
Dkk2,Kremen1,General Signaling,Cellinker:12527209;connectomeDB2020:23484855
Dkk2,Kremen2,General Signaling,CellTalkDB:12527209;Cellinker:12527209;LRdb:12527209;Ramilowski2015:12527209;connectomeDB2020:12527209;talklr:12527209
Dkk2,Lrp5,General Signaling,connectomeDB2020:22589387
Dkk2,Lrp6,General Signaling,Baccin2019:11357136;Baccin2019:11742004;CellTalkDB:11357136;Cellinker:11357136;Cellinker:11742004;Cellinker:12527209;Cellinker:29925589;DIP:21944579;HPRD:11357136;HPRD:11742004;LRdb:11357136;LRdb:11742004;connectomeDB2020:11357136;connectomeDB2020:11742004
Dkk3,Kremen1,General Signaling,CellTalkDB:12527209
Dkk4,Kremen1,General Signaling,Cellinker:29925589;connectomeDB2020:29925589
Dkk4,Kremen2,General Signaling,Cellinker:12527209;connectomeDB2020:12527209
Dkk4,Lrp5,General Signaling,CellTalkDB:29925589;Cellinker:29925589
Dkk4,Lrp6,General Signaling,CellTalkDB:29925589;Cellinker:29925589;connectomeDB2020:29925589
Dlk1,Acvr2b,General Signaling,
Dlk1,Erbb4,General Signaling,
Dlk2,Notch1,General Signaling,CellTalkDB:21419176;Cellinker:21419176;LRdb:21419176;Ramilowski2015:21419176;SIGNOR:21419176;connectomeDB2020:21419176;talklr:21419176
Dll1,Musk,General Signaling,
Draxin,Dcc,General Signaling,CellTalkDB:29503192;Cellinker:29503192
Dsc1,Dsg1a,General Signaling,CellChatDB:27298358;CellTalkDB:27298358;Cellinker:27298358;ICELLNET:27298358;LRdb:27298358;connectomeDB2020:27298358
Dsc1,Dsg1b,General Signaling,
Dsc2,Dsg1a,General Signaling,CellChatDB:27298358;CellTalkDB:27298358;Cellinker:27298358;HPRD:9443898;ICELLNET:27298358;LRdb:27298358;connectomeDB2020:27298358
Dsc2,Dsg1b,General Signaling,
Dsc3,Dsg1a,General Signaling,CellTalkDB:27298358;Cellinker:27298358;ICELLNET:27298358;LRdb:27298358;connectomeDB2020:27298358
Dsc3,Dsg1b,General Signaling,
Dsc3,Dsg1c,General Signaling,
Dsc3,Dsg2,General Signaling,CellTalkDB:27298358;ICELLNET:27298358;LRdb:27298358;connectomeDB2020:27298358
Dscam,Dcc,General Signaling,CellTalkDB:19196994
Dscam,Dscam,General Signaling,
Dscam,Notch3,General Signaling,Cellinker:32822567
Dscam,Ptprk,General Signaling,Cellinker:32822567
Dscam,Ptprm,General Signaling,Cellinker:32822567
Dscam,Ptprt,General Signaling,Cellinker:32822567
Dscaml1,Aqp9,General Signaling,SIGNOR:30745319
Dscaml1,Ptprk,General Signaling,Cellinker:32822567
Dscaml1,Ptprm,General Signaling,Cellinker:32822567
Dscaml1,Ptprt,General Signaling,Cellinker:32822567
Dsg1a,Dsc3,General Signaling,CellChatDB:27298358;connectomeDB2020:27298358
Dsg1a,Flt4,General Signaling,Cellinker:32589946
Dsg1b,Dsc3,General Signaling,
Dsg1b,Flt4,General Signaling,
Dsg1c,Flt4,General Signaling,
Dsg2,Dsc1,General Signaling,HPRD:9214392;connectomeDB2020:27298358
Dusp18,Cd151,General Signaling,HPMR:10842354;HPMR:15677332
Dusp18,Itga1,General Signaling,
Dusp18,Itga2,General Signaling,
Dusp18,Itga3,General Signaling,
Dusp18,Itga6,General Signaling,HPMR:10842354
Dusp18,Itga7,General Signaling,
Dusp18,Itgb1,General Signaling,
Dusp18,Itgb4,General Signaling,HPMR:10842354
Dusp18,Rpsa,General Signaling,HPMR:2970671
Ecm1,Cachd1,General Signaling,
Ecm1,Itgb4,General Signaling,connectomeDB2020:29059156
Eda,Il1rl1,General Signaling,Cellinker:32589946
Edil3,Itga5,General Signaling,
Edil3,Itgav,General Signaling,CellTalkDB:11959660;Cellinker:11959660;HPRD:11959660;LRdb:11959660
Edil3,Itgb1,General Signaling,
Edil3,Itgb3,General Signaling,connectomeDB2020:28846069
Edil3,Itgb5,General Signaling,CellTalkDB:32196115
Edn1,Adgrl4,General Signaling,CellTalkDB:32196115
Edn1,Ece1,General Signaling,HPRD:10438732;HPRD:10620363;HPRD:9595387
Edn1,Egfr,General Signaling,ProtMapper:22747786
Efemp1,Egfr,General Signaling,Baccin2019:19804359;CellTalkDB:19804359;Cellinker:19804359;ICELLNET:19804359;LRdb:19804359;Ramilowski2015:19804359;connectomeDB2020:19804359;talklr:19804359
Efemp2,Aqp1,General Signaling,CellTalkDB:16189514;HPRD:16189514;LRdb:16189514;SPIKE_LC:16189514;SPIKE_LC:16713569
Efemp2,Catsper1,General Signaling,Baccin2019:16189514;Cellinker:16189514;HPRD:16189514;LRdb:16189514;SPIKE_LC:16189514;SPIKE_LC:16713569
Efemp2,Lingo1,General Signaling,Baccin2019:16189514;Cellinker:16189514;HPRD:16189514;LRdb:16189514;SPIKE_LC:16189514;SPIKE_LC:16713569
Efemp2,Plscr4,General Signaling,CellTalkDB:16189514;Cellinker:16189514;HPRD:16189514;LRdb:16189514;SPIKE_LC:16189514;SPIKE_LC:16713569
Efna1,Epha6,General Signaling,Baccin2019:93308638755474;CellTalkDB:11114742;Cellinker:8755474;Cellinker:9330863;HPRD:8755474;LRdb:11114742;SIGNOR:9576626;SignaLink3:23331499;SignaLink3:9576626;connectomeDB2020:8755474;connectomeDB2020:9330863
Efna1,Ephb1,General Signaling,CellTalkDB:8755474;HPRD:7973638;HPRD:8070404;HPRD:8755474;LRdb:7973638;LRdb:8070404;LRdb:8755474
Efna2,Epha10,General Signaling,CellTalkDB:11114742;Cellinker:28589441;LRdb:11114742
Efna2,Epha6,General Signaling,Baccin2019:9330863;CellTalkDB:11114742;Cellinker:9330863;HPMR:9330863;LRdb:11114742;SIGNOR:10072375;SignaLink3:23331499;SignaLink3:9576626;connectomeDB2020:9330863
Efna3,Epha10,General Signaling,CellTalkDB:11114742;Cellinker:28589441;LRdb:11114742
Efna3,Epha6,General Signaling,Baccin2019:9330863;CellTalkDB:11114742;Cellinker:9330863;LRdb:11114742;SignaLink3:23331499;SignaLink3:9576626;connectomeDB2020:9330863
Efna3,Ephb1,General Signaling,Baccin2019:9330863;CellTalkDB:9330863;LRdb:9330863;connectomeDB2020:9330863
Efna4,Epha10,General Signaling,CellTalkDB:11114742;Cellinker:28589441;LRdb:11114742
Efna4,Epha6,General Signaling,Baccin2019:933086310607706;CellTalkDB:11114742;Cellinker:10607706;Cellinker:9330863;HPRD:10607706;LRdb:11114742;SignaLink3:23331499;SignaLink3:9576626;connectomeDB2020:10607706;connectomeDB2020:9330863
Efna5,Epha6,General Signaling,Baccin2019:9330863;CellTalkDB:11114742;Cellinker:9330863;LRdb:11114742;SignaLink3:23331499;SignaLink3:9576626;connectomeDB2020:9330863
Efna5,Ephb1,General Signaling,CellTalkDB:9245480;HPRD:9245480;LRdb:9245480;connectomeDB2020:9245480
Efna5,Ephb6,General Signaling,LRdb:15107857;Ramilowski2015:15107857;connectomeDB2020:15107857;talklr:15107857
Efnb1,Dag1,General Signaling,
Efnb1,Dsg4,General Signaling,Cellinker:32589946
Efnb1,Epha3,General Signaling,Cellinker:32589946
Efnb1,Ephb6,General Signaling,Baccin2019:11713248;Cellinker:11713248;HPMR:11713248;ICELLNET:15114347;ICELLNET:24003208;LRdb:11114742;connectomeDB2020:11713248
Efnb1,Erbb2,General Signaling,CellTalkDB:22279592;Cellinker:22279592;ICELLNET:22279592;LRdb:22279592;Ramilowski2015:22279592;connectomeDB2020:22279592;talklr:22279592
Efnb1,Evc2,General Signaling,Cellinker:32589946
Efnb1,Fam187b,General Signaling,Cellinker:32589946
Efnb1,Itln1,General Signaling,Cellinker:32589946
Efnb1,Lvrn,General Signaling,Cellinker:32589946
Efnb1,Naalad2,General Signaling,Cellinker:32589946
Efnb1,Slamf9,General Signaling,Cellinker:32589946
Efnb1,Trhde,General Signaling,Cellinker:32589946
Efnb2,AB124611,General Signaling,Cellinker:32589946
Efnb2,Epha10,General Signaling,Cellinker:32589946
Efnb2,Epha3,General Signaling,Baccin2019:8559144;BioGRID:8559144;CellTalkDB:8559144;Cellinker:32589946;HPRD:8559144;LRdb:8559144;SignaLink3:23331499;SignaLink3:8559144;SignaLink3:9195962;connectomeDB2020:8559144
Efnb2,Epha6,General Signaling,CellTalkDB:10648835;LRdb:10648835;Ramilowski2015:10648835;connectomeDB2020:10648835;talklr:10648835
Efnb2,Epha8,General Signaling,Cellinker:32589946
Efnb2,Ephb6,General Signaling,Baccin2019:10648835;CellTalkDB:15114347;Cellinker:10648835;HPRD:10648835;ICELLNET:15114347;ICELLNET:24003208;LRdb:11114742;connectomeDB2020:10648835
Efnb2,Fcrl1,General Signaling,Cellinker:32589946
Efnb2,Grm1,General Signaling,Baccin2019:15745950;CellTalkDB:15745950;Cellinker:15745950;HPRD:15745950;LRdb:15745950;connectomeDB2020:15745950
Efnb2,Grm5,General Signaling,Baccin2019:15745950;CellTalkDB:15745950;Cellinker:15745950;HPRD:15745950;LRdb:15745950;connectomeDB2020:15745950
Efnb2,Pecam1,General Signaling,Baccin2019:16357318;CellTalkDB:16357318;Cellinker:16357318;HPRD:16357318;LRdb:16357318;connectomeDB2020:16357318
Efnb2,Rhbdl2,General Signaling,CellTalkDB:15047175;Cellinker:15047175;HPRD:15047175;LRdb:15047175;connectomeDB2020:15047175
Efnb2,Tctn2,General Signaling,Cellinker:32589946
Efnb3,AB124611,General Signaling,Cellinker:32589946
Efnb3,Epha10,General Signaling,Cellinker:32589946
Efnb3,Epha3,General Signaling,Cellinker:32589946
Efnb3,Rhbdl2,General Signaling,CellTalkDB:15047175;Cellinker:15047175;HPRD:15047175;LRdb:15047175;connectomeDB2020:15047175
Egf,Erbb3,General Signaling,Baccin2019:12093292;CellTalkDB:12093292;Cellinker:12093292;HPRD:12093292;ICELLNET:12093292;LRdb:12093292;connectomeDB2020:12093292
Egf,Erbb4,General Signaling,CellTalkDB:9305636;LRdb:9305636;Ramilowski2015:9305636;connectomeDB2020:9305636;talklr:9305636
Egf,Tnfrsf11b,General Signaling,Cellinker:32589946
Elfn1,Flt1,General Signaling,
Emc1,Prlr,General Signaling,
Enam,Cd63,General Signaling,connectomeDB2020:17708745
Eng,Acvr2a,General Signaling,BioGRID:23967299;HPRD:9872992
Eng,Acvrl1,General Signaling,DIP:10767348;DIP:23868260;InnateDB:15702480;InnateDB:16785228;InnateDB:18333754;PhosphoSite:16785228;PhosphoSite:20042635
Eng,Bmpr2,General Signaling,
Eng,Cdh5,General Signaling,Cellinker:18337748
Eng,Itgav,General Signaling,Cellinker:21708981
Enpp1,Insr,General Signaling,HPRD:10615944;SIGNOR:10615944
Epcam,Cldn1,General Signaling,Cellinker:23486470
Epcam,Cldn7,General Signaling,Cellinker:16054130;HPRD:16054130
Epgn,Erbb4,General Signaling,SIGNOR:16469638;SIGNOR:16829981
Epgn,Igsf11,General Signaling,
Epha4,Fgfr1,General Signaling,HPRD:16365308
Epha4,Fgfr2,General Signaling,HPRD:16365308
Epha4,Fgfr3,General Signaling,Cellinker:16365308;HPRD:16365308
Epha4,Fgfr4,General Signaling,HPRD:16365308
Epo,Ephb4,General Signaling,CellTalkDB:26481148;ICELLNET:26481148;connectomeDB2020:25586589;connectomeDB2020:26481148
Ereg,Erbb3,General Signaling,CellTalkDB:32196115;SIGNOR:16829981;SIGNOR:22891299
Erfe,Lrp1,General Signaling,
Esam,Robo3,General Signaling,
Esm1,Itgal,General Signaling,
Esm1,Itgb2,General Signaling,
Esm1,Itgb2l,General Signaling,
Ezr,Slc9a1,General Signaling,Adhesome:10592173;Adhesome:11163215
F10,F3,General Signaling,Baccin2019:8702971;HPRD:8702971;LRdb:8702971;connectomeDB2020:8702971
F10,F7,General Signaling,HPRD:11560488;SIGNOR:12524220
F10,Gm49368,General Signaling,
F10,Itgam,General Signaling,CellTalkDB:32196115
F10,Itgb2,General Signaling,CellTalkDB:15350525
F10,Itgb2l,General Signaling,
F11,F9,General Signaling,SIGNOR:20110423
F11,Gp1ba,General Signaling,Baccin2019:11696542;CellTalkDB:11696542;Cellinker:11696542;Cellinker:19286885;HPRD:11696542;LRdb:11696542;connectomeDB2020:11696542
F11,Gp1bb,General Signaling,Cellinker:19286885
F11,Gp5,General Signaling,Cellinker:19286885
F11,Gp9,General Signaling,Cellinker:19286885
F11r,Itgb2l,General Signaling,
F11r,Jam2,General Signaling,Baccin2019:25119047;connectomeDB2020:25119047
F11r,Jam3,General Signaling,
F11r,Robo3,General Signaling,
F12,Cd93,General Signaling,Baccin2019:11204562;Baccin2019:8710908;CellTalkDB:11204562;Cellinker:11204562;Cellinker:8710908;HPRD:11204562;HPRD:8710908;LRdb:11204562;LRdb:87;SPIKE_LC:16189514
F12,F11,General Signaling,SIGNOR:8427954
F12,Gp1ba,General Signaling,Baccin2019:10801853;BioGRID:10801853;CellTalkDB:10801853;Cellinker:10801853;Cellinker:19286885;HPRD:10801853;LRdb:10801853;Lit-BM-17:10801853;Lit-BM-17:25241761;SPIKE_LC:16189514;connectomeDB2020:10801853
F12,Gp1bb,General Signaling,Cellinker:19286885
F12,Gp5,General Signaling,Cellinker:19286885
F12,Gp9,General Signaling,Cellinker:19286885
F12,Klkb1,General Signaling,HPRD:3521732;SIGNOR:28966616
F13a1,Itga4,General Signaling,CellTalkDB:10816592;Cellinker:10816592;LRdb:10816592;Ramilowski2015:10816592;connectomeDB2020:10816592;talklr:10816592
F13a1,Itga9,General Signaling,CellTalkDB:10816592;Cellinker:10816592;LRdb:10816592;Ramilowski2015:10816592;connectomeDB2020:10816592;talklr:10816592
F13a1,Itgb1,General Signaling,CellTalkDB:10816592;Cellinker:10816592;LRdb:10816592;Ramilowski2015:10816592;connectomeDB2020:10816592;talklr:10816592
F2,F5,General Signaling,HPRD:10026263;HPRD:9032460;SIGNOR:10026263;SIGNOR:29880919
F2,F8,General Signaling,DIP:18492805;HPRD:10350471;SIGNOR:10350471
F2,Gp1ba,General Signaling,Baccin2019:11024046;Baccin2019:2933256;CellTalkDB:2933256;Cellinker:11024046;Cellinker:2933256;HPRD:11024046;HPRD:2933256;LRdb:11;LRdb:2933256;SPIKE_LC:17145710;connectomeDB2020:11024046;connectomeDB2020:2933256
F2,Gp9,General Signaling,CellTalkDB:2207326;LRdb:2207326;Ramilowski2015:2207326;connectomeDB2020:2207326;talklr:2207326
F2,Itga2b,General Signaling,CellTalkDB:11487023;Cellinker:11487023;HPRD:11487023;LRdb:11487023;connectomeDB2020:11487023
F2,Thbd,General Signaling,Baccin2019:14691232;Baccin2019:7615164;Baccin2019:8663147;BioGRID:2544585;BioGRID:8663147;CellTalkDB:7615164;Cellinker:14691232;Cellinker:7615164;Cellinker:8663147;HPRD:14691232;HPRD:7615164;HPRD:8663147;LRdb:14691232;LRdb:7615164;LRdb:8663147;Lit-BM-17:14691232;Lit-BM-17:2544585;Lit-BM-17:8663147;SPIKE_LC:17145710;connectomeDB2020:14691232;connectomeDB2020:7615164;connectomeDB2020:8663147
F5,Proc,General Signaling,HPRD:10026263;HPRD:1615482;HPRD:7989361
F7,F10,General Signaling,HPRD:11560488;SIGNOR:29880919
F7,F3,General Signaling,Baccin2019:12787023;Baccin2019:9925787;BioGRID:12787023;BioGRID:9925787;CellTalkDB:12787023;DIP:8598903;HPRD:12787023;HPRD:9925787;IntAct:25241761;IntAct:8598903;IntAct:8940045;IntAct:9414278;LRdb:12787023;LRdb:99;Lit-BM-17:12787023;Lit-BM-17:15522303;Lit-BM-17:15664864;Lit-BM-17:25241761;Lit-BM-17:8598903;Lit-BM-17:9925787;SPIKE_LC:17145710;connectomeDB2020:12787023;connectomeDB2020:9925787
F7,F9,General Signaling,HPRD:2248955;SIGNOR:29880919
F8,Asgr2,General Signaling,Baccin2019:15946216;CellTalkDB:15946216;Cellinker:15946216;HPRD:15946216;LRdb:15946216;connectomeDB2020:15946216
F8,F10,General Signaling,HPRD:10521497;HPRD:12426309;HPRD:9759621
F8,Ldlr,General Signaling,CellTalkDB:15840700;LRdb:15840700;Ramilowski2015:15840700;connectomeDB2020:15840700;talklr:15840700
F8,Lrp1,General Signaling,Baccin2019:1156094312522140;CellTalkDB:11560943;Cellinker:11560943;Cellinker:12522143;HPRD:12522143;LRdb:11560943;LRdb:13;connectomeDB2020:11560943;connectomeDB2020:12522143
F8,Lrp2,General Signaling,Cellinker:12871303
F8,Lrp4,General Signaling,Cellinker:12871303
F9,F7,General Signaling,HPRD:2248955;SIGNOR:12524220
F9,Lrp1,General Signaling,Baccin2019:1156094312522210;CellTalkDB:11560943;Cellinker:11560943;Cellinker:12522212;HPRD:12522212;LRdb:11560943;LRdb:13;connectomeDB2020:11560943;connectomeDB2020:12522212
Fam3b,Lrp5,General Signaling,
Fam3c,Adgrg5,General Signaling,
Fam3c,Clec2d,General Signaling,
Fam3c,Clec2e,General Signaling,
Fam3c,Clec2g,General Signaling,
Fam3c,Clec2h,General Signaling,
Fam3c,Clec2i,General Signaling,
Fam3c,Ffar2,General Signaling,
Fam3c,Ffar3,General Signaling,
Fam3c,Glra2,General Signaling,CellTalkDB:32103204
Fam3c,Kir3dl1,General Signaling,
Fam3c,Kir3dl2,General Signaling,
Fam3c,Lamp1,General Signaling,CellTalkDB:32103204
Fam3c,Lifr,General Signaling,connectomeDB2020:30692635
Fam3c,Pdcd1,General Signaling,
Fam3d,Fpr1,General Signaling,
Fam3d,Fpr2,General Signaling,
Fam3d,Fpr3,General Signaling,
Fap,Dpp4,General Signaling,HPRD:7911242
Fap,Npr2,General Signaling,Cellinker:21314817
Fat4,Dchs1,General Signaling,CellTalkDB:24056717;Cellinker:21303848;LRdb:21303848;LRdb:24056717;Ramilowski2015:21303848;Ramilowski2015:24056717;connectomeDB2020:21303848;connectomeDB2020:24056717;talklr:21303848;talklr:24056717
Fbln1,Itgb1,General Signaling,CellTalkDB:2527614;Cellinker:2527614;HPRD:2527614;LRdb:2527614;connectomeDB2020:2527614
Fbln2,Itgb3,General Signaling,CellTalkDB:10848816;Cellinker:10848816;HPRD:10848816;LRdb:10848816
Fbn1,Itga5,General Signaling,CellTalkDB:20686071;Cellinker:20686071;LRdb:20686071;Ramilowski2015:20686071;connectomeDB2020:20686071;talklr:20686071
Fbn1,Itgav,General Signaling,CellTalkDB:20686071;Cellinker:20686071;ELM:18653538;ELM:8617364;LRdb:20686071;Ramilowski2015:20686071;connectomeDB2020:20686071;talklr:20686071
Fbn1,Itgb1,General Signaling,CellTalkDB:20686071;Cellinker:20686071;ELM:18653538;ELM:8617364;LRdb:20686071;Ramilowski2015:20686071;connectomeDB2020:20686071;talklr:20686071
Fbn1,Itgb3,General Signaling,CellTalkDB:20686071;Cellinker:20686071;LRdb:20686071;Ramilowski2015:20686071;connectomeDB2020:20686071;talklr:20686071
Fbn1,Itgb6,General Signaling,CellTalkDB:32196115
Fcer2a,Gm49368,General Signaling,
Fcer2a,Itgb2l,General Signaling,
Fcgr4,Eda2r,General Signaling,
Fcnb,Lrp1,General Signaling,
Fcrl6,Nrp2,General Signaling,
Fga,Cdh5,General Signaling,Baccin2019:11900554;CellTalkDB:11900554;HPRD:11900554;LRdb:11900554
Fga,Gm49368,General Signaling,
Fga,Itga2b,General Signaling,CellTalkDB:11460491;Cellinker:11011154;Cellinker:11460491;HPRD:11460491;LRdb:11460491;connectomeDB2020:11460491
Fga,Itga5,General Signaling,CellTalkDB:15031111;LRdb:15031111;Ramilowski2015:15031111;connectomeDB2020:15031111;talklr:15031111
Fga,Itgam,General Signaling,CellTalkDB:16601240;LRdb:16601240;Ramilowski2015:16601240;connectomeDB2020:16601240;talklr:16601240
Fga,Itgav,General Signaling,CellTalkDB:15031111;LRdb:15031111;Ramilowski2015:15031111;connectomeDB2020:15031111;talklr:15031111
Fga,Itgax,General Signaling,CellTalkDB:4062888;Cellinker:4062888;LRdb:4062888;SIGNOR:7679388;connectomeDB2020:4062888
Fga,Itgb1,General Signaling,CA1:7716514;CellTalkDB:15031111;LRdb:15031111;Ramilowski2015:15031111;connectomeDB2020:15031111;talklr:15031111
Fga,Itgb2,General Signaling,CellTalkDB:4062888;Cellinker:4062888;LRdb:4062888;connectomeDB2020:4062888
Fga,Itgb2l,General Signaling,
Fga,Itgb3,General Signaling,CellTalkDB:11460491;Cellinker:11011154;Cellinker:11460491;HPRD:11460491;LRdb:11460491;connectomeDB2020:11460491
Fga,Plat,General Signaling,BioGRID:11170397;BioGRID:3088041;HPRD:11170397;HPRD:3088041
Fga,Tlr4,General Signaling,CellTalkDB:32196115;connectomeDB2020:24661950
Fgb,Cdh5,General Signaling,Cellinker:11900554
Fgb,Gm49368,General Signaling,
Fgb,Itga2b,General Signaling,CellTalkDB:2018974;Cellinker:2018974;Cellinker:26631735;LRdb:2018974;Ramilowski2015:2018974;connectomeDB2020:2018974;talklr:2018974
Fgb,Itga5,General Signaling,LRdb:15031111;Ramilowski2015:15031111;connectomeDB2020:15031111;talklr:15031111
Fgb,Itgam,General Signaling,CellTalkDB:16601240;LRdb:16601240;Ramilowski2015:16601240;connectomeDB2020:16601240;talklr:16601240
Fgb,Itgav,General Signaling,CellTalkDB:15031111;LRdb:15031111;Ramilowski2015:15031111;connectomeDB2020:15031111;talklr:15031111
Fgb,Itgb1,General Signaling,CellTalkDB:15031111;LRdb:15031111;Ramilowski2015:15031111;connectomeDB2020:15031111;talklr:15031111
Fgb,Itgb2,General Signaling,CellTalkDB:16601240;LRdb:16601240;Ramilowski2015:16601240;connectomeDB2020:16601240;talklr:16601240
Fgb,Itgb2l,General Signaling,
Fgb,Itgb3,General Signaling,CellTalkDB:32196115;Cellinker:2018974;Cellinker:26631735
Fgb,Tlr4,General Signaling,CellTalkDB:32196115;connectomeDB2020:24661950
Fgf1,Nrp1,General Signaling,Baccin2019:15695515;CellTalkDB:15695515;Cellinker:15695515;HPRD:15695515;LRdb:15695515;connectomeDB2020:15695515
Fgf10,Fgfr3,General Signaling,
Fgf10,Fgfr4,General Signaling,
Fgf10,Fgfrl1,General Signaling,CellTalkDB:19920134;connectomeDB2020:19920134
Fgf11,Fgfr1,General Signaling,CellTalkDB:16597617;LRdb:16597617
Fgf11,Fgfr2,General Signaling,CellTalkDB:16597617;LRdb:16597617
Fgf11,Fgfr3,General Signaling,CellTalkDB:16597617;LRdb:16597617
Fgf11,Fgfr4,General Signaling,CellTalkDB:16597617;LRdb:16597617
Fgf11,Scn10a,General Signaling,SIGNOR:20679355
Fgf11,Scn11a,General Signaling,SIGNOR:20679355
Fgf11,Scn1a,General Signaling,SIGNOR:20679355
Fgf11,Scn2a,General Signaling,SIGNOR:20679355
Fgf11,Scn3a,General Signaling,SIGNOR:20679355
Fgf11,Scn4a,General Signaling,SIGNOR:20679355
Fgf11,Scn5a,General Signaling,SIGNOR:20679355
Fgf11,Scn8a,General Signaling,SIGNOR:20679355
Fgf11,Scn9a,General Signaling,SIGNOR:20679355
Fgf12,Fgfr1,General Signaling,CellTalkDB:16597617;LRdb:16597617
Fgf12,Fgfr2,General Signaling,CellTalkDB:16597617;LRdb:16597617
Fgf12,Fgfr3,General Signaling,CellTalkDB:16597617;LRdb:16597617
Fgf12,Fgfr4,General Signaling,CellTalkDB:16597617;LRdb:16597617
Fgf12,Scn10a,General Signaling,SIGNOR:20679355
Fgf12,Scn11a,General Signaling,SIGNOR:20679355
Fgf12,Scn1a,General Signaling,DIP:22705208;SIGNOR:20679355
Fgf12,Scn2a,General Signaling,SIGNOR:20679355
Fgf12,Scn3a,General Signaling,SIGNOR:20679355
Fgf12,Scn4a,General Signaling,SIGNOR:20679355
Fgf12,Scn5a,General Signaling,DIP:22705208;SIGNOR:20679355
Fgf12,Scn8a,General Signaling,SIGNOR:20679355
Fgf12,Scn9a,General Signaling,SIGNOR:20679355
Fgf13,Egfr,General Signaling,CellTalkDB:32196115
Fgf13,Fgfr1,General Signaling,CellTalkDB:16597617;LRdb:16597617
Fgf13,Fgfr2,General Signaling,CellTalkDB:16597617;LRdb:16597617
Fgf13,Fgfr3,General Signaling,CellTalkDB:16597617;LRdb:16597617
Fgf13,Fgfr4,General Signaling,CellTalkDB:16597617;LRdb:16597617
Fgf13,Scn10a,General Signaling,SIGNOR:20679355
Fgf13,Scn11a,General Signaling,SIGNOR:20679355
Fgf13,Scn1a,General Signaling,SIGNOR:20679355
Fgf13,Scn2a,General Signaling,SIGNOR:20679355
Fgf13,Scn3a,General Signaling,SIGNOR:20679355
Fgf13,Scn4a,General Signaling,SIGNOR:20679355
Fgf13,Scn5a,General Signaling,CellTalkDB:21817159;Cellinker:21817159;LRdb:21817159;Ramilowski2015:21817159;SIGNOR:20679355;connectomeDB2020:21817159;talklr:21817159
Fgf13,Scn8a,General Signaling,Baccin2019:15282281;CellTalkDB:15282281;Cellinker:15282281;HPRD:15282281;LRdb:15282281;SIGNOR:20679355;connectomeDB2020:15282281
Fgf13,Scn9a,General Signaling,SIGNOR:20679355
Fgf14,Fgfr1,General Signaling,CellTalkDB:16597617;LRdb:16597617
Fgf14,Fgfr2,General Signaling,CellTalkDB:16597617;LRdb:16597617
Fgf14,Fgfr3,General Signaling,CellTalkDB:16597617;LRdb:16597617
Fgf14,Fgfr4,General Signaling,CellTalkDB:16597617;LRdb:16597617
Fgf14,Scn10a,General Signaling,SIGNOR:20679355
Fgf14,Scn11a,General Signaling,SIGNOR:20679355
Fgf14,Scn1a,General Signaling,SIGNOR:20679355
Fgf14,Scn2a,General Signaling,SIGNOR:20679355
Fgf14,Scn3a,General Signaling,SIGNOR:20679355
Fgf14,Scn4a,General Signaling,SIGNOR:20679355
Fgf14,Scn5a,General Signaling,SIGNOR:20679355
Fgf14,Scn8a,General Signaling,BioGRID:29359916;IntAct:22364545;IntAct:25659151;SIGNOR:20679355
Fgf14,Scn9a,General Signaling,SIGNOR:20679355
Fgf15,Klb,General Signaling,CellTalkDB:22442730;LRdb:22442730;Ramilowski2015:22442730;connectomeDB2020:22442730;talklr:22442730
Fgf2,Cd44,General Signaling,Baccin2019:7532176;CellTalkDB:7532176;Cellinker:7532176;HPRD:7532176;LRdb:7532176;connectomeDB2020:7532176
Fgf2,Fgfrl1,General Signaling,Baccin2019:11418238;CellTalkDB:11418238;Cellinker:11418238;HPRD:11418238;LRdb:11418238;connectomeDB2020:11418238
Fgf2,Gpc4,General Signaling,Baccin2019:11066092;CellTalkDB:11066092;Cellinker:11066092;HPRD:11066092;LRdb:11066092;connectomeDB2020:11066092
Fgf2,Nrp1,General Signaling,Baccin2019:15695515;CellTalkDB:15695515;Cellinker:15695515;HPRD:15695515;LRdb:15695515;connectomeDB2020:15695515
Fgf2,Sdc1,General Signaling,Baccin2019:16982797;BioGRID:19802384;CellTalkDB:16982797;Cellinker:16982797;Cellinker:1969657;HPRD:16982797;ICELLNET:8609172;ICELLNET:8621465;LRdb:16982797;connectomeDB2020:16982797
Fgf2,Sdc2,General Signaling,Baccin2019:1101561416982790;CellTalkDB:11015614;Cellinker:11015614;Cellinker:16982797;HPRD:16982797;ICELLNET:8609172;ICELLNET:8621465;LRdb:11015614;LRdb:17;Lit-BM-17:16982797;Lit-BM-17:20382221;MatrixDB:20382221;connectomeDB2020:11015614;connectomeDB2020:16982797
Fgf2,Sdc3,General Signaling,Baccin2019:16982797;Baccin2019:8344959;CellTalkDB:16982797;Cellinker:16982797;Cellinker:8344959;HPRD:16982797;HPRD:8344959;LRdb:16982797;LRdb:83;connectomeDB2020:8344959
Fgf2,Sdc4,General Signaling,Baccin2019:9012653;CellTalkDB:9012653;Cellinker:9012653;HPMR:9012653;HPMR:9556568;ICELLNET:8609172;ICELLNET:8621465;LRdb:9012653;Lit-BM-17:16982797;Lit-BM-17:20382221;MatrixDB:20382221;connectomeDB2020:9012653
Fgf21,Fgfr2,General Signaling,CellTalkDB:16597617;LRdb:16597617
Fgf21,Fgfr4,General Signaling,CellTalkDB:22442730;Cellinker:22442730;LRdb:16597617;LRdb:22;Ramilowski2015:22442730;connectomeDB2020:22442730;talklr:22442730
Fgf21,Klb,General Signaling,CellTalkDB:22442730;HPRD:19059246
Fgf22,Fgfr1,General Signaling,CellTalkDB:16597617;LRdb:16597617;connectomeDB2020:16597617
Fgf22,Fgfrl1,General Signaling,connectomeDB2020:19920134
Fgf23,Fgfr2,General Signaling,Baccin2019:1608163512032140;CellTalkDB:16597617;Cellinker:12032146;Cellinker:16081635;HPRD:12032146;LRdb:16597617;connectomeDB2020:12032146;connectomeDB2020:16081635
Fgf3,Fgfr3,General Signaling,Baccin2019:8663044;CellTalkDB:8663044;Cellinker:8663044;HPRD:8663044;LRdb:8663044;connectomeDB2020:8663044
Fgf3,Fgfr4,General Signaling,Baccin2019:8663044;CellTalkDB:8663044;Cellinker:8663044;HPRD:8663044;LRdb:8663044;connectomeDB2020:8663044
Fgf3,Fgfrl1,General Signaling,connectomeDB2020:19920134
Fgf4,Nrp1,General Signaling,Baccin2019:15695515;CellTalkDB:16597617;Cellinker:15695515;HPRD:15695515;LRdb:15695515;connectomeDB2020:15695515
Fgf6,Sdc4,General Signaling,CellTalkDB:32196115
Fgf7,Fgfr3,General Signaling,CellTalkDB:8663044;Cellinker:8663044;DIP:9045692;HPRD:8663044;LRdb:8663044;connectomeDB2020:8663044
Fgf7,Fgfr4,General Signaling,CellTalkDB:7680645;Cellinker:7680645;HPRD:7680645;LRdb:7680645
Fgf7,Nrp1,General Signaling,Baccin2019:15695515;CellTalkDB:16597617;Cellinker:15695515;HPRD:15695515;LRdb:15695515;connectomeDB2020:15695515
Fgf8,Fgfrl1,General Signaling,CellTalkDB:23112089;connectomeDB2020:19920134
Fgfrl1,Fgfr1,General Signaling,Cellinker:24026051;Cellinker:30217817
Fgfrl1,Gp6,General Signaling,Cellinker:32822567
Fgfrl1,Gpc4,General Signaling,
Fgfrl1,Nrxn2,General Signaling,
Fgfrl1,Nrxn3,General Signaling,
Fgfrl1,Plvap,General Signaling,Cellinker:32589946
Fgg,Itga2b,General Signaling,CellTalkDB:2018974;Cellinker:2018974;Cellinker:28277676;ELM:1864844;ELM:18710925;ELM:26631735;LRdb:2018974;Ramilowski2015:2018974;connectomeDB2020:2018974;talklr:2018974
Fgg,Itga5,General Signaling,LRdb:15031111;Ramilowski2015:15031111;connectomeDB2020:15031111;talklr:15031111
Fgg,Itgav,General Signaling,LRdb:15031111;Ramilowski2015:15031111;connectomeDB2020:15031111;talklr:15031111
Fgg,Itgb1,General Signaling,CellTalkDB:15031111;LRdb:15031111;Ramilowski2015:15031111;connectomeDB2020:15031111;talklr:15031111
Fgg,Itgb2,General Signaling,CellTalkDB:16601240;LRdb:16601240;Ramilowski2015:16601240;connectomeDB2020:16601240;talklr:16601240
Fgg,Itgb2l,General Signaling,
Fgg,Itgb3,General Signaling,CellTalkDB:32196115;Cellinker:2018974;Cellinker:28277676;ELM:1864844;ELM:18710925;ELM:26631735;HPRD:10747940
Fgg,Tlr4,General Signaling,CellTalkDB:32196115;connectomeDB2020:24661950
Fgl1,Egfr,General Signaling,CellTalkDB:24768768;Cellinker:24768768;LRdb:24768768;Ramilowski2015:24768768;connectomeDB2020:24768768;talklr:24768768
Fgl1,Lag3,General Signaling,ICELLNET:30580966;connectomeDB2020:30580966
Flrt2,Flt4,General Signaling,
Fn1,Col13a1,General Signaling,Baccin2019:11956183;CellTalkDB:11956183;Cellinker:11956183;HPRD:11956183;LRdb:11956183;connectomeDB2020:11956183
Fn1,Itga2,General Signaling,CellTalkDB:7688313;Cellinker:7688313;LRdb:7688313;connectomeDB2020:7688313
Fn1,Itga9,General Signaling,CellTalkDB:11839764;Cellinker:11839764;LRdb:11839764;Ramilowski2015:11839764;connectomeDB2020:11839764;talklr:11839764
Fn1,Mag,General Signaling,Baccin2019:11423128;CellTalkDB:11423128;Cellinker:11423128;HPRD:11423128;LRdb:11423128;connectomeDB2020:11423128
Fn1,Nt5e,General Signaling,Baccin2019:10470109;Baccin2019:9361795;CellTalkDB:9361795;Cellinker:10470109;Cellinker:9361795;HPRD:10470109;HPRD:9361795;LRdb:105;LRdb:9361795;connectomeDB2020:10470109;connectomeDB2020:9361795
Fn1,Plaur,General Signaling,CellTalkDB:2413022;Cellinker:2413022;LRdb:2413022;Ramilowski2015:2413022;connectomeDB2020:2413022;talklr:2413022
Fn1,Sdc2,General Signaling,Baccin2019:1077281610772810;CellTalkDB:10772816;Cellinker:10772816;HPMR:10772816;HPRD:10772816;LRdb:10772816;connectomeDB2020:10772816
Fn1,Tnfrsf11b,General Signaling,Baccin2019:15799029;CellTalkDB:15799029;Cellinker:15799029;HPRD:15799029;LRdb:15799029;connectomeDB2020:15799029
Fn1,Tshr,General Signaling,Baccin2019:11981027;CellTalkDB:11981027;Cellinker:11981027;HPRD:11981027;LRdb:11981027;connectomeDB2020:11981027
Fndc5,Itgav,General Signaling,connectomeDB2020:30550785
Fndc5,Itgb5,General Signaling,connectomeDB2020:30550785
Fshb,Adcyap1r1,General Signaling,CellTalkDB:32196115
Fshb,Adrb2,General Signaling,CellTalkDB:32196115
Fshb,Adrb3,General Signaling,CellTalkDB:32196115
Fshb,Gpr20,General Signaling,CellTalkDB:32196115
Fshb,Gpr84,General Signaling,CellTalkDB:32196115
Fshb,Pth1r,General Signaling,CellTalkDB:32196115
Fshb,Ramp2,General Signaling,CellTalkDB:32196115
Fshb,Ramp3,General Signaling,CellTalkDB:32196115
Fshb,Tshr,General Signaling,CellTalkDB:32196115
Fshb,Vipr1,General Signaling,CellTalkDB:32196115
Fst,Bmpr1b,General Signaling,CellTalkDB:32196115
Fst,Bmpr2,General Signaling,CellTalkDB:32196115
Fst,Hjv,General Signaling,
Fstl5,Cd33,General Signaling,
Fstl5,Cd86,General Signaling,Cellinker:32822567
Fstl5,Ceacam19,General Signaling,Cellinker:32822567
Fstl5,Chl1,General Signaling,Cellinker:32822567
Fstl5,Cntn5,General Signaling,Cellinker:32822567
Fstl5,Gp6,General Signaling,Cellinker:32822567
Fstl5,Il6ra,General Signaling,Cellinker:32822567
Fstl5,Sdk2,General Signaling,Cellinker:32822567
Fstl5,Siglecf,General Signaling,
Fstl5,Siglech,General Signaling,
Furin,Adam19,General Signaling,HPRD-phos:12006600;HPRD-phos:12058067;HPRD:12006600;HPRD:12058067
Furin,Adamts1,General Signaling,HPRD-phos:10373500;HPRD:10373500
Furin,Bace1,General Signaling,HPRD-phos:10887202;HPRD:10887202
Furin,Dsg3,General Signaling,HPRD-phos:12586364;HPRD:12586364
Furin,Insr,General Signaling,SIGNOR:25527501
Furin,Lrp1,General Signaling,HPRD-phos:2112085;HPRD-phos:8546712;HPRD:2112085;HPRD:8546712
Furin,Notch1,General Signaling,HPRD:9653148;SIGNOR:22479394;SPIKE:9653148;SPIKE_LC:9653148
Furin,Sorcs1,General Signaling,HPRD-phos:12482870;HPRD:12482870
Gad1,Grm4,General Signaling,CellTalkDB:32196115;HPMR:1780024
Gal,Gpr151,General Signaling,Baccin2019:15111018;CellTalkDB:15111018;Cellinker:15111018;HPRD:15111018;LRdb:15111018;connectomeDB2020:15111018
Gast,Cckar,General Signaling,
Gast,Cckbr,General Signaling,Baccin2019:7681836;CellTalkDB:7681836;Cellinker:7681836;DIP:8824290;ICELLNET:8349705;LRdb:7681836;SIGNOR:10368033;connectomeDB2020:7681836
Gc,Lrp2,General Signaling,CellTalkDB:18194670;HPRD:11717447;SPIKE_LC:16713569
Gcg,Dpp4,General Signaling,CellTalkDB:16517403;Cellinker:15655705;Cellinker:21314817
Gdf1,Acvr1,General Signaling,connectomeDB2020:28955827
Gdf1,Bmpr1a,General Signaling,connectomeDB2020:28955827
Gdf1,Bmpr2,General Signaling,connectomeDB2020:28955827
Gdf10,Acvr2b,General Signaling,Cellinker:27252362
Gdf10,Bmpr2,General Signaling,Cellinker:27252362
Gdf11,Acvr1c,General Signaling,Cellinker:16845371
Gdf11,Bmpr1a,General Signaling,CellTalkDB:32196115
Gdf11,Bmpr1b,General Signaling,CellTalkDB:32196115
Gdf11,Bmpr2,General Signaling,CellTalkDB:32196115
Gdf15,Erbb2,General Signaling,CA1:6328316
Gdf15,Gfral,General Signaling,CellTalkDB:28846098;Guide2Pharma:28846098;ICELLNET:28846097;ICELLNET:28953886;connectomeDB2020:28846097;connectomeDB2020:28846098;connectomeDB2020:28846099;connectomeDB2020:28953886;scConnect:28846098
Gdf15,Ret,General Signaling,CellTalkDB:28846099
Gdf2,Acvr1,General Signaling,CellTalkDB:19996292;Cellinker:27252362;LRdb:19996292;Ramilowski2015:19996292;connectomeDB2020:19996292;talklr:19996292
Gdf2,Acvr2b,General Signaling,Cellinker:26047946;Cellinker:27252362;LRdb:15851468;Ramilowski2015:15851468;connectomeDB2020:15851468;talklr:15851468
Gdf2,Eng,General Signaling,CellTalkDB:28564608;Cellinker:31540324;IntAct:28564608;LRdb:7068149;Ramilowski2015:7068149;connectomeDB2020:7068149;talklr:7068149
Gdf3,Tdgf1,General Signaling,connectomeDB2020:28126904
Gdf5,Acvr1,General Signaling,Baccin2019:8702914;CellTalkDB:8702914;HPRD:8702914;LRdb:8702914;connectomeDB2020:8702914
Gdf5,Ror2,General Signaling,Baccin2019:15569154;Cellinker:15569154;HPMR:15569154;LRdb:15569154;connectomeDB2020:15569154
Gdf9,Acvr2a,General Signaling,Baccin2019:12135884;CellTalkDB:12135884;Cellinker:12135884;HPRD:12135884;LRdb:12135884;connectomeDB2020:12135884
Gdf9,Bmpr1a,General Signaling,Baccin2019:10712517;Baccin2019:12135884;CellTalkDB:12135884;Cellinker:10712517;Cellinker:12135884;HPRD:10712517;HPRD:12135884;LRdb:11;LRdb:12135884;connectomeDB2020:12135884
Gdf9,Bmpr1b,General Signaling,Baccin2019:12135884;CellTalkDB:12135884;Cellinker:12135884;HPRD:12135884;LRdb:12135884;connectomeDB2020:12135884
Gdf9,Fxyd6,General Signaling,Baccin2019:16169070;Cellinker:16169070;HPRD:16169070;LRdb:16169070;SPIKE_LC:16169070
Gdf9,Orai2,General Signaling,Baccin2019:16169070;Cellinker:16169070;HPRD:16169070;LRdb:16169070;SPIKE_LC:17145710
Gdf9,Tgfbr1,General Signaling,Baccin2019:14684852;CellTalkDB:14514671;Cellinker:14684852;Cellinker:27252362;LRdb:14684852;connectomeDB2020:14684852
Gdnf,Gfra2,General Signaling,Baccin2019:91828039407096;CellTalkDB:9182803;Cellinker:9182803;Cellinker:9407096;HPRD:9407096;LRdb:9182803;LRdb:941;SIGNOR:9192898;connectomeDB2020:9182803;connectomeDB2020:9407096
Gdnf,Ncam1,General Signaling,HPRD:12837245;SIGNOR:15212950
Ggt1,Cd53,General Signaling,Cellinker:21428930;HPRD:9862348
Ggt1,Cd81,General Signaling,Cellinker:21428930
Ggt1,Cd82,General Signaling,Cellinker:21428930
Ghrh,Adcyap1r1,General Signaling,CellTalkDB:32196115
Ghrh,Adrb2,General Signaling,CellTalkDB:32196115
Ghrh,Adrb3,General Signaling,CellTalkDB:32196115
Ghrh,Dpp4,General Signaling,Cellinker:21314817
Ghrh,Gpr20,General Signaling,CellTalkDB:32196115
Ghrh,Gpr84,General Signaling,CellTalkDB:32196115
Ghrh,Pth1r,General Signaling,CellTalkDB:32196115
Ghrh,Ramp2,General Signaling,CellTalkDB:32196115
Ghrh,Ramp3,General Signaling,CellTalkDB:32196115
Ghrh,Tshr,General Signaling,CellTalkDB:32196115
Ghrl,Ghrhr,General Signaling,Baccin2019:10461027;CellTalkDB:10461027;Cellinker:10461027;HPRD:10461027;LRdb:10461027
Ghrl,Gpr39,General Signaling,Baccin2019:16284174;CellTalkDB:16284174;Cellinker:16284174;LRdb:16284174;connectomeDB2020:16284174
Ghrl,Ptger3,General Signaling,CellTalkDB:32103204;Lit-BM-17:18573679
Ghrl,Tbxa2r,General Signaling,CellTalkDB:32103204;Lit-BM-17:18573679
Gip,Dpp4,General Signaling,CellTalkDB:15655705;Cellinker:15655705;LRdb:15655705;Ramilowski2015:15655705;connectomeDB2020:15655705;talklr:15655705
Gjb2,Gjb6,General Signaling,HPRD:14595769;SPIKE:19047647;SPIKE_LC:19047647
Gjb6,Gjb2,General Signaling,HPRD:14595769;SPIKE:19047647;SPIKE_LC:19047647
Glg1,Mog,General Signaling,Cellinker:32589946
Glg1,Sele,General Signaling,HPRD:11404363;connectomeDB2020:11404363
Glg1,Unc5b,General Signaling,Cellinker:32589946
Glycam1,Sell,General Signaling,
Gm10334,F2r,General Signaling,
Gm10334,F2rl1,General Signaling,
Gm10334,F2rl2,General Signaling,
Gm10334,F2rl3,General Signaling,
Gm10499,Aplp2,General Signaling,
Gm10499,Erbb2,General Signaling,
Gm10499,Kir3dl1,General Signaling,
Gm10499,Kir3dl2,General Signaling,
Gm10499,Klrd1,General Signaling,
Gm10591,Ackr2,General Signaling,
Gm10591,Ackr4,General Signaling,
Gm10591,Ccr7,General Signaling,
Gm10591,Cxcr3,General Signaling,
Gm11127,Cd8a,General Signaling,
Gm11127,Clec2m,General Signaling,
Gm11127,Kir3dl1,General Signaling,
Gm11127,Kir3dl2,General Signaling,
Gm11127,Klrc1,General Signaling,
Gm11127,Klrc2,General Signaling,
Gm11127,Klrc3,General Signaling,
Gm11127,Klrd1,General Signaling,
Gm11127,Klre1,General Signaling,
Gm11127,Klrh1,General Signaling,
Gm11127,Klri1,General Signaling,
Gm11127,Klri2,General Signaling,
Gm11127,Klrk1,General Signaling,
Gm1123,Jaml,General Signaling,
Gm12169,Cd300lb,General Signaling,
Gm12169,Igsf21,General Signaling,
Gm12169,Siglec1,General Signaling,
Gm12169,Timd4,General Signaling,
Gm12407,Ackr2,General Signaling,
Gm12407,Ackr4,General Signaling,
Gm12407,Ccr10,General Signaling,
Gm12407,Ccr7,General Signaling,
Gm12407,Ccrl2,General Signaling,
Gm12407,Cxcr3,General Signaling,
Gm13304,Ackr2,General Signaling,
Gm13304,Ackr4,General Signaling,
Gm13304,Ccr7,General Signaling,
Gm13304,Cxcr3,General Signaling,
Gm13306,Ackr2,General Signaling,CellTalkDB:10725697;Cellinker:10725696;Cellinker:10725697;Cellinker:11821900;HPRD:10725696;HPRD:10725697;HPRD:11821900;LRdb:10725696;LRdb:10725697;LRdb:11821900;connectomeDB2020:10725696;connectomeDB2020:10725697;connectomeDB2020:11821900
Gm13306,Adra2a,General Signaling,CellTalkDB:32196115
Gm13306,Ccr10,General Signaling,CellTalkDB:11821900;Cellinker:10725697;Cellinker:11821900;Cellinker:12718728;DIP:10725697;DIP:10781587;Guide2Pharma:10725697;HPMR:11821900;HPMR:12718728;HPRD:10725697;HPRD:11821900;ICELLNET:22633458;LRdb:10725697;LRdb:11821900;LRdb:12718728;connectomeDB2020:10725697;connectomeDB2020:11821900;connectomeDB2020:12718728;scConnect:10725697
Gm13306,Grm7,General Signaling,CellTalkDB:32196115
Gm13306,Mtnr1a,General Signaling,CellTalkDB:32196115
Gm13309,Ackr2,General Signaling,
Gm13309,Ackr4,General Signaling,
Gm13309,Ccr10,General Signaling,
Gm13309,Ccr7,General Signaling,
Gm13309,Ccrl2,General Signaling,
Gm13309,Cxcr3,General Signaling,
Gm20605,Cadm3,General Signaling,
Gm21104,Ackr2,General Signaling,
Gm21104,Ackr4,General Signaling,
Gm21104,Ccr10,General Signaling,
Gm21104,Ccr7,General Signaling,
Gm21104,Ccrl2,General Signaling,
Gm21104,Cxcr3,General Signaling,
Gm2457,Ackr2,General Signaling,
Gm2457,Ackr4,General Signaling,
Gm2457,Ccr10,General Signaling,
Gm2457,Ccr7,General Signaling,
Gm2457,Ccrl2,General Signaling,
Gm2457,Cxcr3,General Signaling,
Gm2564,Ackr2,General Signaling,
Gm2564,Ackr4,General Signaling,
Gm2564,Ccr10,General Signaling,
Gm2564,Ccr7,General Signaling,
Gm2564,Ccrl2,General Signaling,
Gm2564,Cxcr3,General Signaling,
Gm37013,Itgb1,General Signaling,
Gm49368,Icam1,General Signaling,
Gm5150,Cd47,General Signaling,
Gm5150,Ptprd,General Signaling,
Gm5155,Lilra6,General Signaling,
Gm5771,F2r,General Signaling,
Gm5771,F2rl1,General Signaling,
Gm5771,F2rl2,General Signaling,
Gm5771,F2rl3,General Signaling,
Gm5849,Ager,General Signaling,
Gm5849,Alcam,General Signaling,
Gm5849,Cd36,General Signaling,
Gm5849,Cd68,General Signaling,
Gm5849,Itgb2,General Signaling,
Gm5849,Itgb2l,General Signaling,
Gm5849,Tlr4,General Signaling,
Gm7030,Cd8a,General Signaling,
Gm7030,Clec2m,General Signaling,
Gm7030,Kir3dl1,General Signaling,
Gm7030,Kir3dl2,General Signaling,
Gm7030,Klrc1,General Signaling,
Gm7030,Klrc2,General Signaling,
Gm7030,Klrc3,General Signaling,
Gm7030,Klrd1,General Signaling,
Gm7030,Klre1,General Signaling,
Gm7030,Klrh1,General Signaling,
Gm7030,Klri1,General Signaling,
Gm7030,Klri2,General Signaling,
Gm7030,Klrk1,General Signaling,
Gm7298,Mmp2,General Signaling,
Gm7298,Mmp9,General Signaling,
Gm7298,Sctr,General Signaling,
Gm8909,Aplp2,General Signaling,
Gm8909,Cd8a,General Signaling,
Gm8909,Clec2m,General Signaling,
Gm8909,Erbb2,General Signaling,
Gm8909,Kir3dl1,General Signaling,
Gm8909,Kir3dl2,General Signaling,
Gm8909,Klrc1,General Signaling,
Gm8909,Klrc2,General Signaling,
Gm8909,Klrc3,General Signaling,
Gm8909,Klrd1,General Signaling,
Gm8909,Klre1,General Signaling,
Gm8909,Klrh1,General Signaling,
Gm8909,Klri1,General Signaling,
Gm8909,Klri2,General Signaling,
Gm8909,Klrk1,General Signaling,
Gm9733,Cd47,General Signaling,
Gm9733,Ptprd,General Signaling,
Gnas,Adcy1,General Signaling,ACSN:21406690;ACSN:9228084;CA1:2022671;CA1:210183;CA1:6935665;CellTalkDB:32196115;SIGNOR:17652154
Gnas,Adcy2,General Signaling,ACSN:21406690;ACSN:9228084;CA1:1719547;CA1:9395396;HPRD:9268375
Gnas,Adcy5,General Signaling,ACSN:21406690;ACSN:9228084;CA1:9748257;HPRD:9268375
Gnas,Adcy6,General Signaling,ACSN:21406690;ACSN:9228084;HPRD:9228084
Gnas,Adcy8,General Signaling,ACSN:21406690;ACSN:9228084;CellTalkDB:32196115
Gnas,Adcy9,General Signaling,ACSN:21406690;ACSN:9228084;CellTalkDB:32196115
Gnas,Adora1,General Signaling,CellTalkDB:10521440;HPRD:10521440;LRdb:10521440
Gnas,Adrb2,General Signaling,BioGRID:12036966;Lit-BM-17:12036966;Lit-BM-17:15782186;Lit-BM-17:23798571;connectomeDB2020:19144685
Gnas,Adrb3,General Signaling,Baccin2019:8011597;CellTalkDB:8011597;HPRD:8011597;LRdb:8011597
Gnas,Avpr2,General Signaling,Baccin2019:8621513;CellTalkDB:8621513;HPRD:8621513;LRdb:8621513;connectomeDB2020:8621513
Gnas,Crhr1,General Signaling,Baccin2019:10598591;CellTalkDB:10598591;HPRD:10598591;LRdb:10598591;connectomeDB2020:10598591
Gnas,Gcgr,General Signaling,Baccin2019:1908089;CellTalkDB:1908089;Cellinker:1908089;HPRD:1908089;LRdb:1908089;connectomeDB2020:1908089
Gnas,Htr6,General Signaling,Baccin2019:11916537;CellTalkDB:11916537;Cellinker:11916537;HPRD:11916537;LRdb:11916537
Gnas,Lhcgr,General Signaling,CellTalkDB:10493819;Cellinker:10493819;HPRD:10493819;LRdb:10493819;connectomeDB2020:10493819
Gnas,Ptgdr,General Signaling,Baccin2019:12672054;Cellinker:12672054;HPRD:12672054;LRdb:12672054;connectomeDB2020:12672054
Gnas,Ptgir,General Signaling,Baccin2019:12488443;BioGRID:11895442;BioGRID:16114876;BioGRID:16352729;BioGRID:16460020;Cellinker:12488443;HPRD:12488443;LRdb:12488443;Lit-BM-17:11895442;Lit-BM-17:16114876;Lit-BM-17:16352729;Lit-BM-17:16460020
Gnas,Tshr,General Signaling,Baccin2019:9525885;CellTalkDB:9525885;Cellinker:9525885;HPRD:9525885;LRdb:9525885;NetPath:17891229;connectomeDB2020:9525885
Gnas,Vipr1,General Signaling,Baccin2019:11812005;CellTalkDB:11812005;Cellinker:11812005;HPRD:11812005;LRdb:11812005;connectomeDB2020:11812005
Gnrh1,Camk2a,General Signaling,SPIKE:12810529;SPIKE_LC:12810529
Gp1ba,Gm49368,General Signaling,
Gp1ba,Itgb2l,General Signaling,
Gp1ba,Selp,General Signaling,Cellinker:19286885;HPRD:10499919;InnateDB:10499919
Gp5,Gm49368,General Signaling,
Gp5,Itgam,General Signaling,Cellinker:19286885
Gp5,Itgb2,General Signaling,Cellinker:19286885
Gp5,Itgb2l,General Signaling,
Gp5,Layn,General Signaling,Cellinker:32589946
Gp5,Selp,General Signaling,Cellinker:19286885
Gpc3,Cd81,General Signaling,Baccin2019:28098909;CellTalkDB:19574424;Cellinker:23665349;LRdb:23665349;Ramilowski2015:23665349;connectomeDB2020:23665349;talklr:23665349
Gpc3,Dpp4,General Signaling,SIGNOR:17549790
Gpc3,Fgfr4,General Signaling,Cellinker:32589946
Gpc3,Flt1,General Signaling,Cellinker:32589946
Gpc3,Igf1r,General Signaling,Baccin2019:18413366;CellTalkDB:18413366;Cellinker:18413366;LRdb:18413366;Ramilowski2015:18413366;connectomeDB2020:18413366;talklr:18413366
Gpc3,Lrp1,General Signaling,CellTalkDB:32196115
Gpc3,Lrp2,General Signaling,CellTalkDB:32196115
Gpc3,Tnfrsf11b,General Signaling,Cellinker:32589946
Gpc3,Unc5c,General Signaling,Cellinker:32589946
Gpc3,Unc5d,General Signaling,Cellinker:32589946
Gpc3,Vsig10l,General Signaling,Cellinker:32589946
Gpc6,Fgfr4,General Signaling,
Gpc6,Fgfrl1,General Signaling,Cellinker:32589946
Gpc6,Lrp1,General Signaling,
Gpc6,Lrp2,General Signaling,
Gpc6,Ptch1,General Signaling,SIGNOR:31756413
Gpc6,Tnfrsf11b,General Signaling,
Gpha2,Epha6,General Signaling,CellTalkDB:32103204
Gpi1,Amfr,General Signaling,Baccin2019:1252736016563430;CellTalkDB:12527360;Cellinker:12527360;Cellinker:16563432;HPMR:12527360;HPRD:16563432;LRdb:12527360;LRdb:17;SIGNOR:12527360;connectomeDB2020:12527360;connectomeDB2020:16563432
Grem1,Kdr,General Signaling,Baccin2019:27174917;CellTalkDB:20660291;IntAct:20660291;connectomeDB2020:20660291;connectomeDB2020:25810250;connectomeDB2020:27174917;connectomeDB2020:27894090
Grn,Cd209a,General Signaling,CellTalkDB:32103204
Grn,Cd209f,General Signaling,
Grn,Cd209g,General Signaling,
Grn,Egfr,General Signaling,CellTalkDB:32103204
Grn,Tnfrsf1a,General Signaling,CellTalkDB:24070898;IntAct:24070898;Lit-BM-17:24070898;SIGNOR:21393509;connectomeDB2020:21393509
Grn,Tnfrsf1b,General Signaling,CellTalkDB:29740434;IntAct:24070898;Lit-BM-17:24070898;connectomeDB2020:21393509
Grp,Brs3,General Signaling,CellTalkDB:11112777;ICELLNET:11112777;LRdb:11112777;Ramilowski2015:11112777;connectomeDB2020:11112777;talklr:11112777
Grp,Fap,General Signaling,Cellinker:21314817
Gstp-ps,Traf2,General Signaling,
Gstp1,Traf2,General Signaling,
Gstp2,Traf2,General Signaling,CellTalkDB:16636664;HPRD:16636664;IntAct:16636664;IntAct:25241761;LRdb:16636664;Lit-BM-17:16636664;Lit-BM-17:24457959;Lit-BM-17:25241761;SPIKE_LC:16636664;SPIKE_LC:17145710
Guca2b,Gucy2e,General Signaling,Baccin2019:9698373;CellTalkDB:9698373;Cellinker:9698373;HPRD:9698373;LRdb:9698373;connectomeDB2020:9698373
Gucy2e,Nectin3,General Signaling,Cellinker:32589946
Gucy2e,Nectin4,General Signaling,Cellinker:32589946
Gzmb,Chrm3,General Signaling,CellTalkDB:11665980;HPRD:11665980;LRdb:11665980;connectomeDB2020:11665980
Gzmb,Igf2r,General Signaling,CellTalkDB:11081635;HPRD:11081635;LRdb:11081635;SIGNOR:11081635;connectomeDB2020:11081635
Gzmb,Mcl1,General Signaling,ACSN:15637055;ACSN:15713684;InnateDB:15014070
Gzmc,Chrm3,General Signaling,
Gzmc,Igf2r,General Signaling,
Gzmc,Mcl1,General Signaling,
Gzmn,Chrm3,General Signaling,
Gzmn,Igf2r,General Signaling,
Gzmn,Mcl1,General Signaling,
H2-Aa,Lag3,General Signaling,
H2-Ab1,Lag3,General Signaling,
H2-Bl,Aplp2,General Signaling,CellTalkDB:19184004;Cellinker:19184004;HPRD:19184004;LRdb:19184004;connectomeDB2020:19184004
H2-Bl,Erbb2,General Signaling,Baccin2019:10593938;CellTalkDB:10593938;HPRD:10593938;LRdb:10593938;connectomeDB2020:10593938
H2-Bl,Kir3dl1,General Signaling,
H2-Bl,Kir3dl2,General Signaling,
H2-Bl,Klrd1,General Signaling,Baccin2019:9295021;Baccin2019:9405670
H2-D1,Aplp2,General Signaling,
H2-D1,Clec2m,General Signaling,
H2-D1,Erbb2,General Signaling,
H2-D1,Kir3dl2,General Signaling,
H2-D1,Klrc1,General Signaling,
H2-D1,Klrc2,General Signaling,
H2-D1,Klrc3,General Signaling,
H2-D1,Klrd1,General Signaling,
H2-D1,Klre1,General Signaling,
H2-D1,Klrh1,General Signaling,
H2-D1,Klri1,General Signaling,
H2-D1,Klri2,General Signaling,
H2-D1,Klrk1,General Signaling,
H2-DMa,Cd74,General Signaling,HPRD:8574855;Macrophage:2391366
H2-DMb1,Cd74,General Signaling,HPRD:8574855;Macrophage:2391366
H2-DMb2,Cd74,General Signaling,
H2-Ea,Cd19,General Signaling,
H2-Ea,Cd37,General Signaling,
H2-Ea,Cd53,General Signaling,
H2-Ea,Cd63,General Signaling,
H2-Ea,Cd81,General Signaling,
H2-Ea,Cd82,General Signaling,
H2-Ea,Cd9,General Signaling,
H2-Ea,Cr2,General Signaling,
H2-Ea,Lag3,General Signaling,
H2-Ea-ps,Cd19,General Signaling,Cellinker:8119731
H2-Ea-ps,Cd37,General Signaling,Cellinker:8119731
H2-Ea-ps,Cd4,General Signaling,
H2-Ea-ps,Cd53,General Signaling,Cellinker:21428930;Cellinker:8119731
H2-Ea-ps,Cd63,General Signaling,Cellinker:21428930;HPRD:9759843
H2-Ea-ps,Cd81,General Signaling,Cellinker:8119731
H2-Ea-ps,Cd82,General Signaling,Cellinker:21428930;Cellinker:8119731;HPRD:9759843;SPIKE_LC:16189514
H2-Ea-ps,Cd9,General Signaling,Cellinker:21428930
H2-Ea-ps,Cr2,General Signaling,Cellinker:8119731
H2-Ea-ps,Lag3,General Signaling,ICELLNET:22437870;ICELLNET:26927206
H2-Eb1,Lag3,General Signaling,ICELLNET:22437870;ICELLNET:26927206
H2-Eb2,Cd19,General Signaling,
H2-Eb2,Cd37,General Signaling,
H2-Eb2,Cd4,General Signaling,
H2-Eb2,Cd53,General Signaling,
H2-Eb2,Cd81,General Signaling,
H2-Eb2,Cd82,General Signaling,
H2-Eb2,Cr2,General Signaling,
H2-Eb2,Lag3,General Signaling,
H2-K1,Aplp2,General Signaling,
H2-K1,Clec2m,General Signaling,
H2-K1,Erbb2,General Signaling,
H2-K1,Kir3dl2,General Signaling,
H2-K1,Klrc1,General Signaling,
H2-K1,Klrc2,General Signaling,
H2-K1,Klrc3,General Signaling,
H2-K1,Klrd1,General Signaling,
H2-K1,Klre1,General Signaling,
H2-K1,Klrh1,General Signaling,
H2-K1,Klri1,General Signaling,
H2-K1,Klri2,General Signaling,
H2-K1,Klrk1,General Signaling,
H2-M1,Clec2m,General Signaling,
H2-M1,Klrc1,General Signaling,
H2-M1,Klrc2,General Signaling,
H2-M1,Klrc3,General Signaling,
H2-M1,Klrd1,General Signaling,
H2-M1,Klre1,General Signaling,
H2-M1,Klrh1,General Signaling,
H2-M1,Klri1,General Signaling,
H2-M1,Klri2,General Signaling,
H2-M1,Klrk1,General Signaling,
H2-M10.1,Clec2m,General Signaling,
H2-M10.1,Klrc1,General Signaling,
H2-M10.1,Klrc2,General Signaling,
H2-M10.1,Klrc3,General Signaling,
H2-M10.1,Klrd1,General Signaling,
H2-M10.1,Klre1,General Signaling,
H2-M10.1,Klrh1,General Signaling,
H2-M10.1,Klri1,General Signaling,
H2-M10.1,Klri2,General Signaling,
H2-M10.1,Klrk1,General Signaling,
H2-M10.2,Clec2m,General Signaling,
H2-M10.2,Klrc1,General Signaling,
H2-M10.2,Klrc2,General Signaling,
H2-M10.2,Klrc3,General Signaling,
H2-M10.2,Klrd1,General Signaling,
H2-M10.2,Klre1,General Signaling,
H2-M10.2,Klrh1,General Signaling,
H2-M10.2,Klri1,General Signaling,
H2-M10.2,Klri2,General Signaling,
H2-M10.2,Klrk1,General Signaling,
H2-M10.3,Clec2m,General Signaling,
H2-M10.3,Klrc1,General Signaling,
H2-M10.3,Klrc2,General Signaling,
H2-M10.3,Klrc3,General Signaling,
H2-M10.3,Klrd1,General Signaling,
H2-M10.3,Klre1,General Signaling,
H2-M10.3,Klrh1,General Signaling,
H2-M10.3,Klri1,General Signaling,
H2-M10.3,Klri2,General Signaling,
H2-M10.3,Klrk1,General Signaling,
H2-M10.4,Clec2m,General Signaling,
H2-M10.4,Klrc1,General Signaling,
H2-M10.4,Klrc2,General Signaling,
H2-M10.4,Klrc3,General Signaling,
H2-M10.4,Klrd1,General Signaling,
H2-M10.4,Klre1,General Signaling,
H2-M10.4,Klrh1,General Signaling,
H2-M10.4,Klri1,General Signaling,
H2-M10.4,Klri2,General Signaling,
H2-M10.4,Klrk1,General Signaling,
H2-M10.5,Clec2m,General Signaling,
H2-M10.5,Klrc1,General Signaling,
H2-M10.5,Klrc2,General Signaling,
H2-M10.5,Klrc3,General Signaling,
H2-M10.5,Klrd1,General Signaling,
H2-M10.5,Klre1,General Signaling,
H2-M10.5,Klrh1,General Signaling,
H2-M10.5,Klri1,General Signaling,
H2-M10.5,Klri2,General Signaling,
H2-M10.5,Klrk1,General Signaling,
H2-M10.6,Clec2m,General Signaling,
H2-M10.6,Klrc1,General Signaling,
H2-M10.6,Klrc2,General Signaling,
H2-M10.6,Klrc3,General Signaling,
H2-M10.6,Klrd1,General Signaling,
H2-M10.6,Klre1,General Signaling,
H2-M10.6,Klrh1,General Signaling,
H2-M10.6,Klri1,General Signaling,
H2-M10.6,Klri2,General Signaling,
H2-M10.6,Klrk1,General Signaling,
H2-M11,Clec2m,General Signaling,
H2-M11,Klrc1,General Signaling,
H2-M11,Klrc2,General Signaling,
H2-M11,Klrc3,General Signaling,
H2-M11,Klrd1,General Signaling,
H2-M11,Klre1,General Signaling,
H2-M11,Klrh1,General Signaling,
H2-M11,Klri1,General Signaling,
H2-M11,Klri2,General Signaling,
H2-M11,Klrk1,General Signaling,
H2-M2,Clec2m,General Signaling,
H2-M2,Klrc1,General Signaling,
H2-M2,Klrc2,General Signaling,
H2-M2,Klrc3,General Signaling,
H2-M2,Klrd1,General Signaling,
H2-M2,Klre1,General Signaling,
H2-M2,Klrh1,General Signaling,
H2-M2,Klri1,General Signaling,
H2-M2,Klri2,General Signaling,
H2-M2,Klrk1,General Signaling,
H2-M3,Clec2m,General Signaling,
H2-M3,Kir3dl1,General Signaling,
H2-M3,Kir3dl2,General Signaling,
H2-M3,Klrc1,General Signaling,CellTalkDB:9295021;Cellinker:9295021;LRdb:9295021;SIGNOR:9560253;connectomeDB2020:9295021
H2-M3,Klrc2,General Signaling,
H2-M3,Klrc3,General Signaling,
H2-M3,Klrd1,General Signaling,Cellinker:9295021;Cellinker:9405670;HPRD:9405670;LRdb:93;LRdb:9405670;SPIKE_LC:16189514;connectomeDB2020:9295021;connectomeDB2020:9405670
H2-M3,Klre1,General Signaling,
H2-M3,Klrh1,General Signaling,
H2-M3,Klri1,General Signaling,
H2-M3,Klri2,General Signaling,
H2-M3,Klrk1,General Signaling,
H2-M5,Clec2m,General Signaling,
H2-M5,Klrc1,General Signaling,
H2-M5,Klrc2,General Signaling,
H2-M5,Klrc3,General Signaling,
H2-M5,Klrd1,General Signaling,
H2-M5,Klre1,General Signaling,
H2-M5,Klrh1,General Signaling,
H2-M5,Klri1,General Signaling,
H2-M5,Klri2,General Signaling,
H2-M5,Klrk1,General Signaling,
H2-M9,Clec2m,General Signaling,
H2-M9,Klrc1,General Signaling,
H2-M9,Klrc2,General Signaling,
H2-M9,Klrc3,General Signaling,
H2-M9,Klrd1,General Signaling,
H2-M9,Klre1,General Signaling,
H2-M9,Klrh1,General Signaling,
H2-M9,Klri1,General Signaling,
H2-M9,Klri2,General Signaling,
H2-M9,Klrk1,General Signaling,
H2-Q1,Aplp2,General Signaling,
H2-Q1,Clec2m,General Signaling,
H2-Q1,Erbb2,General Signaling,
H2-Q1,Kir3dl2,General Signaling,
H2-Q1,Klrc1,General Signaling,
H2-Q1,Klrc2,General Signaling,
H2-Q1,Klrc3,General Signaling,
H2-Q1,Klrd1,General Signaling,
H2-Q1,Klre1,General Signaling,
H2-Q1,Klrh1,General Signaling,
H2-Q1,Klri1,General Signaling,
H2-Q1,Klri2,General Signaling,
H2-Q1,Klrk1,General Signaling,
H2-Q10,Aplp2,General Signaling,
H2-Q10,Clec2m,General Signaling,
H2-Q10,Erbb2,General Signaling,
H2-Q10,Kir3dl2,General Signaling,
H2-Q10,Klrc1,General Signaling,
H2-Q10,Klrc2,General Signaling,
H2-Q10,Klrc3,General Signaling,
H2-Q10,Klrd1,General Signaling,
H2-Q10,Klre1,General Signaling,
H2-Q10,Klrh1,General Signaling,
H2-Q10,Klri1,General Signaling,
H2-Q10,Klri2,General Signaling,
H2-Q10,Klrk1,General Signaling,
H2-Q2,Aplp2,General Signaling,
H2-Q2,Clec2m,General Signaling,
H2-Q2,Erbb2,General Signaling,
H2-Q2,Kir3dl2,General Signaling,
H2-Q2,Klrc1,General Signaling,
H2-Q2,Klrc2,General Signaling,
H2-Q2,Klrc3,General Signaling,
H2-Q2,Klrd1,General Signaling,
H2-Q2,Klre1,General Signaling,
H2-Q2,Klrh1,General Signaling,
H2-Q2,Klri1,General Signaling,
H2-Q2,Klri2,General Signaling,
H2-Q2,Klrk1,General Signaling,
H2-Q4,Aplp2,General Signaling,
H2-Q4,Clec2m,General Signaling,
H2-Q4,Erbb2,General Signaling,
H2-Q4,Kir3dl2,General Signaling,
H2-Q4,Klrc1,General Signaling,
H2-Q4,Klrc2,General Signaling,
H2-Q4,Klrc3,General Signaling,
H2-Q4,Klrd1,General Signaling,
H2-Q4,Klre1,General Signaling,
H2-Q4,Klrh1,General Signaling,
H2-Q4,Klri1,General Signaling,
H2-Q4,Klri2,General Signaling,
H2-Q4,Klrk1,General Signaling,
H2-Q6,Aplp2,General Signaling,
H2-Q6,Clec2m,General Signaling,
H2-Q6,Erbb2,General Signaling,
H2-Q6,Kir3dl2,General Signaling,
H2-Q6,Klrc1,General Signaling,
H2-Q6,Klrc2,General Signaling,
H2-Q6,Klrc3,General Signaling,
H2-Q6,Klrd1,General Signaling,
H2-Q6,Klre1,General Signaling,
H2-Q6,Klrh1,General Signaling,
H2-Q6,Klri1,General Signaling,
H2-Q6,Klri2,General Signaling,
H2-Q6,Klrk1,General Signaling,
H2-Q7,Aplp2,General Signaling,
H2-Q7,Clec2m,General Signaling,
H2-Q7,Erbb2,General Signaling,
H2-Q7,Kir3dl2,General Signaling,
H2-Q7,Klrc1,General Signaling,
H2-Q7,Klrc2,General Signaling,
H2-Q7,Klrc3,General Signaling,
H2-Q7,Klrd1,General Signaling,
H2-Q7,Klre1,General Signaling,
H2-Q7,Klrh1,General Signaling,
H2-Q7,Klri1,General Signaling,
H2-Q7,Klri2,General Signaling,
H2-Q7,Klrk1,General Signaling,
H2-T-ps,Clec2m,General Signaling,
H2-T-ps,Klrc1,General Signaling,
H2-T-ps,Klrc2,General Signaling,
H2-T-ps,Klrc3,General Signaling,
H2-T-ps,Klrd1,General Signaling,
H2-T-ps,Klre1,General Signaling,
H2-T-ps,Klrh1,General Signaling,
H2-T-ps,Klri1,General Signaling,
H2-T-ps,Klri2,General Signaling,
H2-T-ps,Klrk1,General Signaling,
H2-T10,Clec2m,General Signaling,
H2-T10,Klrc1,General Signaling,
H2-T10,Klrc2,General Signaling,
H2-T10,Klrc3,General Signaling,
H2-T10,Klrd1,General Signaling,
H2-T10,Klre1,General Signaling,
H2-T10,Klrh1,General Signaling,
H2-T10,Klri1,General Signaling,
H2-T10,Klri2,General Signaling,
H2-T10,Klrk1,General Signaling,
H2-T22,Clec2m,General Signaling,
H2-T22,Klrc1,General Signaling,
H2-T22,Klrc2,General Signaling,
H2-T22,Klrc3,General Signaling,
H2-T22,Klrd1,General Signaling,
H2-T22,Klre1,General Signaling,
H2-T22,Klrh1,General Signaling,
H2-T22,Klri1,General Signaling,
H2-T22,Klri2,General Signaling,
H2-T22,Klrk1,General Signaling,
H2-T23,Clec2m,General Signaling,
H2-T23,Klrc3,General Signaling,
H2-T23,Klre1,General Signaling,
H2-T23,Klrh1,General Signaling,
H2-T23,Klri1,General Signaling,
H2-T23,Klri2,General Signaling,
H2-T23,Klrk1,General Signaling,CellChatDB:28484462;Cellinker:14734748;Cellinker:24223577;Cellinker:9486650;Cellinker:9815261;Cellinker:9886400;LRdb:24223577;connectomeDB2020:24223577
H2-T24,Clec2m,General Signaling,
H2-T24,Klrc1,General Signaling,
H2-T24,Klrc2,General Signaling,
H2-T24,Klrc3,General Signaling,
H2-T24,Klrd1,General Signaling,
H2-T24,Klre1,General Signaling,
H2-T24,Klrh1,General Signaling,
H2-T24,Klri1,General Signaling,
H2-T24,Klri2,General Signaling,
H2-T24,Klrk1,General Signaling,
H2-T3,Clec2m,General Signaling,
H2-T3,Klrc1,General Signaling,
H2-T3,Klrc2,General Signaling,
H2-T3,Klrc3,General Signaling,
H2-T3,Klrd1,General Signaling,
H2-T3,Klre1,General Signaling,
H2-T3,Klrh1,General Signaling,
H2-T3,Klri1,General Signaling,
H2-T3,Klri2,General Signaling,
H2-T3,Klrk1,General Signaling,
Hapln1,Adgra2,General Signaling,Cellinker:32822567
Hapln1,Ager,General Signaling,Cellinker:32822567
Hapln1,Igdcc4,General Signaling,Cellinker:32822567
Hapln1,Il1rl1,General Signaling,Cellinker:32822567
Hapln1,Mpig6b,General Signaling,Cellinker:32822567
Hapln1,Prtg,General Signaling,Cellinker:32822567
Hapln1,Tnfrsf11b,General Signaling,Cellinker:32822567
Hapln1,Treml2,General Signaling,Cellinker:32822567
Has1,Cd44,General Signaling,Cellinker:27746219
Has2,Cd44,General Signaling,Baccin2019:1694723;CellTalkDB:1694723;HPMR:1694723;LRdb:1694723;connectomeDB2020:1694723
Has2,Erbb2,General Signaling,
Has2,Ezr,General Signaling,
Has2,Hmmr,General Signaling,Baccin2019:1376732;CellTalkDB:1376732;Cellinker:1376732;HPMR:1376732;LRdb:1376732;connectomeDB2020:1376732
Havcr1,Cd300lb,General Signaling,Cellinker:20566714;connectomeDB2020:20566714
Havcr1,Igsf21,General Signaling,Cellinker:32589946
Havcr1,Siglec1,General Signaling,Cellinker:32822567
Havcr1,Timd4,General Signaling,Cellinker:32822567;SPIKE:15793576;SPIKE_LC:15793576
Hbegf,Cd44,General Signaling,Baccin2019:7532176;BioGRID:7532176;CellTalkDB:7532176;Cellinker:7532176;HPRD:7532176;LRdb:7532176;connectomeDB2020:7532176
Hbegf,Cd6,General Signaling,
Hbegf,Cd82,General Signaling,CellTalkDB:10749879;Cellinker:10749879;HPRD:10749879;LRdb:10749879;connectomeDB2020:10749879
Hbegf,Cd9,General Signaling,Cellinker:11735113;Cellinker:11846885;Cellinker:1939101;Cellinker:8194524;HPRD:11735113;HPRD:11846885;HPRD:1939101;HPRD:8194524;LRdb:11735113;LRdb:11846885;LRdb:1939101;LRdb:8194524;connectomeDB2020:11735113;connectomeDB2020:11846885;connectomeDB2020:1939101;connectomeDB2020:8194524
Hbegf,Mog,General Signaling,Cellinker:32589946
Hc,C5ar2,General Signaling,Baccin2019:11773063;Baccin2019:12899627;CellTalkDB:11773063;Guide2Pharma:11773063;Guide2Pharma:12899627;HPMR:11773063;LRdb:11773063;LRdb:13;SIGNOR:11773063;connectomeDB2020:11773063;connectomeDB2020:12899627;scConnect:11773063;scConnect:12899627
Hcrt,Npffr2,General Signaling,Baccin2019:12609745;CellTalkDB:12609745;Cellinker:12609745;HPRD:12609745;LRdb:12609745;connectomeDB2020:12609745
Hebp1,Fpr2,General Signaling,
Hebp1,Fpr3,General Signaling,
Hgf,Cd44,General Signaling,CellTalkDB:10037743;Cellinker:10037743;Cellinker:26181364;LRdb:10037743;Ramilowski2015:10037743;connectomeDB2020:10037743;talklr:10037743
Hgf,Sdc1,General Signaling,Baccin2019:11830493;CellTalkDB:11830493;Cellinker:11830493;HPRD:11830493;ICELLNET:11830493;LRdb:11830493;connectomeDB2020:11830493
Hgf,Sdc2,General Signaling,Baccin2019:8157651;CellTalkDB:8157651;Cellinker:8157651;HPRD:8157651;LRdb:8157651;connectomeDB2020:8157651
Hgf,St14,General Signaling,Baccin2019:10962009;Baccin2019:12372819;Cellinker:10962009;Cellinker:12372819;HPRD:10962009;HPRD:12372819;LRdb:11;LRdb:12372819;connectomeDB2020:10962009
Hhipl2,Cachd1,General Signaling,
Hjv,Neo1,General Signaling,
Hmgb1,Ager,General Signaling,CellTalkDB:32296583;Cellinker:20192808;HPRD:9812979;InnateDB:19727205;SIGNOR:25014009
Hmgb1,Cd163,General Signaling,CellTalkDB:28464519
Hmgb1,Cxcr4,General Signaling,CellTalkDB:22370717;Cellinker:23519706
Hmgb1,Havcr2,General Signaling,Cellinker:23519706;ICELLNET:22842346;ICELLNET:27192565;connectomeDB2020:22842346
Hmgb1,Sdc1,General Signaling,LRdb:1369684;Ramilowski2015:1369684;connectomeDB2020:1369684;talklr:1369684
Hmgb1,Thbd,General Signaling,CellTalkDB:15841214;Cellinker:15841214;LRdb:15841214;Ramilowski2015:15841214;connectomeDB2020:15841214;talklr:15841214
Hmgb1,Tlr2,General Signaling,CellTalkDB:20192808;Cellinker:23519706;HPRD:16267105
Hmgb1,Tlr4,General Signaling,CellTalkDB:20348922;Cellinker:23519706;HPRD:16267105;SIGNOR:20547845
Hmgb1,Tlr9,General Signaling,CellTalkDB:24267232;InnateDB:17417641
Hp,Apoa1,General Signaling,BioGRID:15533931;Lit-BM-17:19758344;SIGNOR:17824618;SPIKE_LC:19758344
Hp,Asgr1,General Signaling,CellTalkDB:32196115
Hp,Asgr2,General Signaling,CellTalkDB:32196115
Hp,Cd163,General Signaling,CellTalkDB:25389409;HPRD:11854028;connectomeDB2020:27294203
Hp,Cd22,General Signaling,CellTalkDB:9127741;HPRD:11967116
Hp,Gm49368,General Signaling,
Hp,Itgam,General Signaling,CellTalkDB:11967116;Cellinker:11967116;HPRD:11967116;LRdb:11967116;connectomeDB2020:8786317
Hp,Itgb2,General Signaling,CellTalkDB:11967116;Cellinker:11967116;HPRD:11967116;LRdb:11967116;connectomeDB2020:8786317
Hp,Itgb2l,General Signaling,
Hp,Tlr4,General Signaling,CellTalkDB:31076532
Hpx,Lrp1,General Signaling,CellTalkDB:31078524
Hrg,Erbb2,General Signaling,CellTalkDB:10559227
Hrg,Erbb3,General Signaling,CellTalkDB:10995872;ProtMapper:24036211;ProtMapper:26148232
Hrg,Fcgr1,General Signaling,
Hsp90b1,Lrp1,General Signaling,CellTalkDB:11290339;HPRD:11861214
Hspg2,Col13a1,General Signaling,Baccin2019:11956183;CellTalkDB:11956183;Cellinker:11956183;HPRD:11956183;LRdb:11956183;SPIKE_LC:16713569;connectomeDB2020:11956183
Hspg2,Fgfr1,General Signaling,CellTalkDB:19591432;Cellinker:15096041;MatrixDB:24509440
Hspg2,Itga2,General Signaling,CellTalkDB:15240572;Cellinker:15240572;HPRD:15240572;LRdb:15240572;connectomeDB2020:15240572
Hspg2,Itgb1,General Signaling,Cellinker:9431988;HPRD:9431988;LRdb:9431988;SPIKE_LC:16713569;connectomeDB2020:9431988
Hspg2,Lrp1,General Signaling,CellTalkDB:7526899
Hspg2,Lrp2,General Signaling,CellTalkDB:32196115
Hspg2,Ptprs,General Signaling,Baccin2019:11865065;CellTalkDB:11865065;Cellinker:11865065;HPMR:11865065;LRdb:11865065;SIGNOR:11865065;connectomeDB2020:11865065
Hspg2,Sdc1,General Signaling,Baccin2019:939660;CellTalkDB:32196115
Icam1,Cdh5,General Signaling,ProtMapper:18783313;ProtMapper:26556953
Icam1,Egfr,General Signaling,CellTalkDB:16799092;Cellinker:16799092;HPRD:16799092;InnateDB:16799092;LRdb:16799092;SPIKE_LC:17145710
Icam1,Ezr,General Signaling,Cellinker:12082081;HPRD:9705328;InnateDB:16546130;MPPI:9705328;SPIKE_LC:16189514
Icam1,Gm49368,General Signaling,
Icam1,Il2ra,General Signaling,CellTalkDB:1976256;Cellinker:1976256;HPRD:1976256;LRdb:1976256;connectomeDB2020:1976256
Icam1,Il2rg,General Signaling,CellTalkDB:1976256;Cellinker:1976256;HPRD:1976256;LRdb:1976256;SPIKE_LC:16189514
Icam1,Msn,General Signaling,Cellinker:12082081;HPRD:12082081
Icam2,Gm49368,General Signaling,
Icam4,Gm49368,General Signaling,
Icam4,Itga2b,General Signaling,Cellinker:15355350;LRdb:15355350;connectomeDB2020:15355350
Icam4,Itga4,General Signaling,CellTalkDB:11435317;Cellinker:11435317;HPRD:11435317;LRdb:11435317;connectomeDB2020:11435317
Icam4,Itgal,General Signaling,CellTalkDB:10846180;Cellinker:15355350;LRdb:15355350;connectomeDB2020:15355350
Icam4,Itgam,General Signaling,CellTalkDB:10846180;Cellinker:10846180;Cellinker:15355350;HPRD:10846180;LRdb:11;LRdb:15355350;connectomeDB2020:10846180;connectomeDB2020:15355350
Icam4,Itgav,General Signaling,CellTalkDB:15355350;Cellinker:11435317;Cellinker:15355350;HPRD:11435317;LRdb:11;LRdb:15355350;connectomeDB2020:11435317;connectomeDB2020:15355350
Icam4,Itgb1,General Signaling,CellTalkDB:11435317;Cellinker:11435317;HPRD:11435317;LRdb:11435317;SPIKE_LC:16189514;connectomeDB2020:11435317
Icam4,Itgb2,General Signaling,Cellinker:10846180;Cellinker:15355350;HPRD:10846180;InnateDB:16985175;LRdb:11;LRdb:15355350;SPIKE_LC:16189514;connectomeDB2020:10846180;connectomeDB2020:15355350
Icam4,Itgb2l,General Signaling,
Icam4,Itgb3,General Signaling,CellTalkDB:15355350;Cellinker:15355350;LRdb:15355350;connectomeDB2020:15355350
Icam4,Rhag,General Signaling,Baccin2019:8563755;CellTalkDB:8563755;Cellinker:8563755;HPRD:8563755;LRdb:8563755;SPIKE_LC:16189514
Icam5,Cd209b,General Signaling,
Icam5,Cd209c,General Signaling,
Icam5,Cd209d,General Signaling,
Icam5,Cd209e,General Signaling,CellChatDB:15795245
Icam5,Igdcc4,General Signaling,Cellinker:32822567
Icam5,Itgal,General Signaling,CellTalkDB:10741396;Cellinker:10741396;Cellinker:8995416;HPRD:8995416;LRdb:10741396;LRdb:9;connectomeDB2020:10741396;connectomeDB2020:8995416
Icam5,Itgb2,General Signaling,CellTalkDB:10741396;Cellinker:10741396;Cellinker:8995416;HPRD:8995416;LRdb:10741396;LRdb:9;connectomeDB2020:10741396;connectomeDB2020:8995416
Icam5,Itgb2l,General Signaling,
Icam5,Prtg,General Signaling,Cellinker:32822567
Icosl,Ntm,General Signaling,Cellinker:32589946
Ifitm6,Cd81,General Signaling,
Ifna13,Cr2,General Signaling,
Ifna16,Ifnar1,General Signaling,
Ifna16,Ifnar2,General Signaling,
Ifna2,Cr2,General Signaling,
Ifne,Adgrv1,General Signaling,CellTalkDB:32103204
Igf1,Insr,General Signaling,Baccin2019:23518924;CellTalkDB:32196115
Igf1,Trpv2,General Signaling,
Igf2,Insr,General Signaling,Baccin2019:9281335;Baccin2019:9722981;CellTalkDB:9281335;Cellinker:9281335;Cellinker:9722981;HPRD:9722981;LRdb:9281335;LRdb:972;SIGNOR:9281335;connectomeDB2020:9281335;connectomeDB2020:9722981
Igfbp3,Egfr,General Signaling,Lit-BM-17:23178489
Igfbp4,Fzd8,General Signaling,CellTalkDB:18528331;Cellinker:18528331;LRdb:18528331;Ramilowski2015:18528331;connectomeDB2020:18528331;talklr:18528331
Igfbp4,Lrp6,General Signaling,Baccin2019:18528331;CellTalkDB:18528331;Cellinker:18528331;LRdb:18528331;Ramilowski2015:18528331;connectomeDB2020:18528331;talklr:18528331
Igfbp7,Mpig6b,General Signaling,Cellinker:32822567
Igfbpl1,Dcc,General Signaling,Cellinker:32822567
Igsf10,Cd200r1,General Signaling,
Igsf10,Cd200r2,General Signaling,
Igsf10,Cd200r3,General Signaling,
Igsf10,Cd200r4,General Signaling,Cellinker:32822567
Igsf10,Igsf11,General Signaling,Cellinker:32822567
Igsf10,Mag,General Signaling,Cellinker:32822567
Igsf10,Milr1,General Signaling,Cellinker:32822567
Igsf10,Slamf9,General Signaling,Cellinker:32822567
Igsf11,Clec2l,General Signaling,Cellinker:32589946
Igsf11,Tmem190,General Signaling,
Igsf11,Vsir,General Signaling,connectomeDB2020:30220083
Igsf21,BC053393,General Signaling,
Igsf21,Cd22,General Signaling,
Igsf21,Cd79b,General Signaling,
Igsf21,Csf3r,General Signaling,
Igsf21,Gm12169,General Signaling,
Igsf21,Havcr1,General Signaling,
Igsf21,Ildr2,General Signaling,Cellinker:32589946
Igsf21,Iyd,General Signaling,Cellinker:32589946
Igsf21,Muc15,General Signaling,Cellinker:32589946
Igsf21,Nrxn2,General Signaling,
Igsf21,Timd2,General Signaling,
Igsf3,Ptgfrn,General Signaling,Cellinker:32589946
Ihh,Boc,General Signaling,CellTalkDB:20519495;Cellinker:20519495;LRdb:20519495;Ramilowski2015:20519495;connectomeDB2020:20519495;talklr:20519495
Ihh,Cdon,General Signaling,CellTalkDB:20519495;Cellinker:20519495;LRdb:20519495;Ramilowski2015:20519495;connectomeDB2020:20519495;talklr:20519495
Ihh,Hhip,General Signaling,Baccin2019:10050855;Baccin2019:11435703;CancerCellMap:10050855;CancerCellMap:11435703;CellTalkDB:10050855;Cellinker:10050855;Cellinker:11435703;HPMR:10050855;HPRD:10050855;HPRD:11435703;LRdb:10050855;LRdb:11;NetPath:10050855;connectomeDB2020:10050855;connectomeDB2020:11435703
Il11,Gm13305,General Signaling,
Il11,Il6ra,General Signaling,Cellinker:26551279
Il12a,Cd28,General Signaling,CellTalkDB:7516408;Cellinker:7516408;HPRD:7516408;LRdb:7516408
Il12b,Boc,General Signaling,Cellinker:32822567
Il13,Il2rg,General Signaling,CellTalkDB:8920992;Ramilowski2015:8920992;connectomeDB2020:8920992;talklr:8920992
Il15,Il2ra,General Signaling,CellTalkDB:8734356;LRdb:8734356;Ramilowski2015:8734356;connectomeDB2020:8734356;talklr:8734356
Il16,Cd9,General Signaling,ICELLNET:16144798;ICELLNET:29884309;InnateDB:16144798
Il16,Grin2a,General Signaling,CellTalkDB:32103204;HPRD:10479680
Il16,Grin2b,General Signaling,CellTalkDB:32103204;HPRD:10479680
Il16,Grin2c,General Signaling,Baccin2019:10479680;Cellinker:10479680;HPRD:10479680;LRdb:10479680
Il16,Grin2d,General Signaling,Baccin2019:10479680;Cellinker:10479680;HPRD:10479680;LRdb:10479680;connectomeDB2020:10479680
Il16,Kcna3,General Signaling,Baccin2019:10479680;Cellinker:10479680;HPRD:10479680;LRdb:10479680
Il16,Kcnd1,General Signaling,Baccin2019:10479680;Cellinker:10479680;HPRD:10479680;LRdb:10479680
Il16,Kcnd2,General Signaling,Baccin2019:10479680;Cellinker:10479680;HPRD:10479680;LRdb:10479680
Il16,Kcnj10,General Signaling,Baccin2019:10479680;CellTalkDB:32196115;Cellinker:10479680;HPRD:10479680;LRdb:10479680;SPIKE_LC:16189514;connectomeDB2020:10479680
Il16,Kcnj15,General Signaling,Baccin2019:10479680;Cellinker:10479680;HPRD:10479680;LRdb:10479680;SPIKE_LC:16189514;connectomeDB2020:10479680
Il16,Kcnj4,General Signaling,Baccin2019:10479680;CellTalkDB:10479680;Cellinker:10479680;HPRD:10479680;LRdb:10479680
Il18,Il1rapl1,General Signaling,Baccin2019:9325300;CellTalkDB:9325300;Cellinker:9325300;HPMR:11046021;HPMR:9325300;LRdb:9325300;connectomeDB2020:9325300
Il18,Il1rl2,General Signaling,Baccin2019:9325300;CellTalkDB:9325300;Cellinker:9325300;HPRD:9325300;LRdb:9325300
Il18bp,Il6ra,General Signaling,Cellinker:32822567
Il18bp,Kir3dl1,General Signaling,
Il18bp,Kir3dl2,General Signaling,Cellinker:32822567
Il18bp,Mag,General Signaling,Cellinker:32822567
Il1a,Il1r2,General Signaling,Baccin2019:78780467878046;CellTalkDB:7878046;Cellinker:7878046;HPRD:7878046;InnateDB:1833184;InnateDB:23395675;IntAct:16971486;IntAct:25241761;LRdb:7878046;NetPath:7878046;NetPath:9862719;SPIKE:7878046;SPIKE_LC:7878046;connectomeDB2020:7878046
Il1b,Adrb2,General Signaling,CellTalkDB:11238007;HPRD:11238007;LRdb:11238007
Il1b,Il12rb2,General Signaling,ProtMapper:10198225;ProtMapper:7528775;ProtMapper:7594594;ProtMapper:8943050;ProtMapper:9038232;ProtMapper:9454765
Il1b,Il1r2,General Signaling,Baccin2019:7878046;Baccin2019:8332913;CellTalkDB:8332913;Cellinker:7878046;Cellinker:8332913;HPMR:8332913;HPRD:7878046;InnateDB:1833184;InnateDB:20802483;InnateDB:7878046;LRdb:788;LRdb:8332913;NetPath:7878046;SIGNOR:8332913;SPIKE:7878046;SPIKE_LC:7878046;connectomeDB2020:7878046;connectomeDB2020:8332913
Il1f10,Il1r1,General Signaling,Baccin2019:11278614;CellTalkDB:11278614;Cellinker:11278614;HPRD:11278614;LRdb:11278614;connectomeDB2020:11278614
Il1f10,Il1rapl1,General Signaling,ICELLNET:22315422;ICELLNET:31387327
Il1f10,Il1rapl2,General Signaling,ICELLNET:22315422;ICELLNET:31387327
Il1f10,Sigirr,General Signaling,ICELLNET:22315422;ICELLNET:31387327
Il1f5,Il1rap,General Signaling,
Il1f5,Il1rl2,General Signaling,ICELLNET:20959797;ICELLNET:24332029;connectomeDB2020:20081871
Il1f6,Il1rap,General Signaling,
Il1f6,Il1rl2,General Signaling,CellTalkDB:11466363;connectomeDB2020:30452921
Il1f8,Il1rap,General Signaling,
Il1f8,Il1rl2,General Signaling,CellTalkDB:21965679
Il1f9,Ifnar1,General Signaling,SignaLink3:17208301;SignaLink3:23331499
Il1f9,Ifnar2,General Signaling,SignaLink3:17208301;SignaLink3:23331499
Il1f9,Il1rap,General Signaling,
Il1f9,Il1rl2,General Signaling,CellTalkDB:25673295
Il1rn,Il1r1,General Signaling,Baccin2019:11641511;Baccin2019:9062194;BioGRID:9062194;CellTalkDB:11641511;Cellinker:11641511;Cellinker:9062194;HPRD:11641511;HPRD:9062194;ICELLNET:20959797;ICELLNET:24332029;InnateDB:8142597;LRdb:11641511;LRdb:91;NetPath:7589429;SIGNOR:2876877;SPIKE:17145710;SPIKE:7589429;SPIKE:9062194;SPIKE_LC:17145710;SPIKE_LC:7589429;SPIKE_LC:9062194;connectomeDB2020:9062194
Il1rn,Il1r2,General Signaling,Baccin2019:1834644;CellTalkDB:1834644;Cellinker:1834644;HPRD:1834644;ICELLNET:20959797;ICELLNET:24332029;InnateDB:1833184;LRdb:1834644;NetPath:7878046;SPIKE:7878046;SPIKE_LC:7878046;connectomeDB2020:1834644
Il1rn,Il1rl2,General Signaling,CellTalkDB:22047735
Il2,Cd53,General Signaling,CellTalkDB:7963560;Cellinker:7963560;HPRD:7963560;LRdb:7963560;connectomeDB2020:7963560
Il2,Ngfr,General Signaling,Baccin2019:1316918;CellTalkDB:1316918;Cellinker:1316918;HPRD:1316918;LRdb:1316918
Il21,Il4ra,General Signaling,Cellinker:21058223
Il22,Il10ra,General Signaling,Baccin2019:58985;CellTalkDB:10875937;LRdb:58985;connectomeDB2020:58985
Il22,Il20ra,General Signaling,SignaLink3:17208301;SignaLink3:23331499
Il22,Il20rb,General Signaling,
Il22,Il22ra2,General Signaling,Baccin2019:1139045311390450;CellTalkDB:11390453;Cellinker:11390453;HPMR:11390453;HPRD:11390453;ICELLNET:15032600;InnateDB:19193995;InnateDB:19285080;LRdb:11390453;Lit-BM-17:11390453;Lit-BM-17:15120653;Lit-BM-17:18599299;Lit-BM-17:19285080;SIGNOR:11390453;SPIKE_LC:19285080;connectomeDB2020:11390453
Il22b,Il10ra,General Signaling,
Il22b,Il10rb,General Signaling,
Il22b,Il20ra,General Signaling,
Il22b,Il20rb,General Signaling,
Il22b,Il22ra1,General Signaling,
Il22b,Il22ra2,General Signaling,
Il23a,Cd33,General Signaling,
Il23a,Gp6,General Signaling,Cellinker:32822567
Il23a,Il12rb2,General Signaling,CellTalkDB:32196115
Il23a,Siglecf,General Signaling,
Il23a,Siglech,General Signaling,
Il24,Il10rb,General Signaling,CellTalkDB:20061404
Il3,Bcl2,General Signaling,
Il3,Csf2ra,General Signaling,
Il3,Csf2rb2,General Signaling,
Il34,Ptprz1,General Signaling,connectomeDB2020:23744080
Il36g,Ifnar1,General Signaling,
Il36g,Ifnar2,General Signaling,
Il36rn,Il1rap,General Signaling,
Il36rn,Il1rl2,General Signaling,
Il4,Cd53,General Signaling,Baccin2019:7963560;CellTalkDB:7963560;Cellinker:7963560;HPRD:7963560;LRdb:7963560;connectomeDB2020:7963560
Il5,Csf2rb2,General Signaling,
Ildr2,Clec12b,General Signaling,Cellinker:32589946
Ildr2,Csf2rb,General Signaling,
Ildr2,Csf2rb2,General Signaling,
Ildr2,Flt4,General Signaling,
Ildr2,Igsf21,General Signaling,
Impg2,Cadm3,General Signaling,Cellinker:32589946
Impg2,Prlr,General Signaling,Cellinker:32589946
Inha,Acvr1,General Signaling,CellTalkDB:32196115;LRdb:29747587
Inha,Acvr1b,General Signaling,
Inha,Tgfbr3,General Signaling,Baccin2019:1249374210746730;CellTalkDB:12493742;Cellinker:10746731;Cellinker:12493742;HPRD:10746731;LRdb:11;LRdb:12493742;SIGNOR:10746731;connectomeDB2020:10746731;connectomeDB2020:12493742
Inhba,Acvr1,General Signaling,CellTalkDB:11266516;HPRD:11266516;LRdb:11266516;SPIKE_LC:16189514;connectomeDB2020:11266516
Inhba,Bambi,General Signaling,CellTalkDB:10918299;HPMR:10918299;LRdb:10918299;connectomeDB2020:10918299
Inhba,Eng,General Signaling,Baccin2019:9872992;CellTalkDB:9872992;HPRD:9872992;LRdb:9872992;SPIKE_LC:16189514;connectomeDB2020:9872992
Inhba,Tgfbr3,General Signaling,Baccin2019:10746731;CellTalkDB:10746731;Cellinker:10746731;HPRD:10746731;LRdb:10746731;connectomeDB2020:10746731
Inhbb,Acvr1,General Signaling,Baccin2019:11266516;CellTalkDB:11266516;HPRD:11266516;LRdb:11266516;connectomeDB2020:11266516
Inhbb,Bambi,General Signaling,HPMR:10918299
Inhbb,Cfc1,General Signaling,connectomeDB2020:28126904
Inhbc,Acvr1,General Signaling,Baccin2019:12651901;HPRD:12651901;LRdb:12651901
Inhbe,Acvr1,General Signaling,
Ins1,Igf1r,General Signaling,
Ins1,Lrp2,General Signaling,
Ins2,Igf1r,General Signaling,Baccin2019:1851182;CellTalkDB:1851182;Cellinker:1851182;HPRD:1851182;ICELLNET:1851182;LRdb:1851182;SIGNOR:1851182;SignaLink3:1851182;SignaLink3:18988627;SignaLink3:23331499;connectomeDB2020:1851182
Ins2,Lrp2,General Signaling,Baccin2019:9773776;CellTalkDB:9773776;Cellinker:9773776;HPRD:9773776;LRdb:9773776;SPIKE_LC:16713569;connectomeDB2020:9773776
Insl3,Adcyap1r1,General Signaling,CellTalkDB:32196115
Insl3,Adrb2,General Signaling,CellTalkDB:32196115
Insl3,Adrb3,General Signaling,CellTalkDB:32196115
Insl3,Gpr20,General Signaling,CellTalkDB:32196115
Insl3,Gpr84,General Signaling,CellTalkDB:32196115
Insl3,Pth1r,General Signaling,CellTalkDB:32196115
Insl3,Ramp2,General Signaling,CellTalkDB:32196115
Insl3,Ramp3,General Signaling,CellTalkDB:32196115
Insl3,Tshr,General Signaling,CellTalkDB:32196115
Insl3,Vipr1,General Signaling,CellTalkDB:32196115
Insl5,Adra2a,General Signaling,CellTalkDB:32196115
Insl5,Grm7,General Signaling,CellTalkDB:32196115
Insl5,Mtnr1a,General Signaling,CellTalkDB:32196115
Itgal,Cd226,General Signaling,
Itgal,Icam1,General Signaling,BioGRID:11786177;BioGRID:12526797;DIP:16595626;IntAct:12526797;IntAct:16595626;Lit-BM-17:11279101;Lit-BM-17:11786177;Lit-BM-17:12526797;SIGNOR:23994464;SPIKE_LC:16189514
Itgam,Icam1,General Signaling,HPRD:11073102;HPRD:9488691;SIGNOR:23994464
Itgb2,Cd226,General Signaling,HPRD:10591186
Itgb2,Cd82,General Signaling,HPRD:10602019;SPIKE_LC:16189514
Itgb2,Icam1,General Signaling,BioGRID:10352278;BioGRID:20187292;BioGRID:7642561;HPRD:11279101;HPRD:7642561;InnateDB:12208882;SPIKE_LC:16189514
Itgb2,Thy1,General Signaling,LRdb:27765629;connectomeDB2020:18346467
Itgb2l,Cd226,General Signaling,
Itgb2l,Cd82,General Signaling,
Itgb2l,Icam1,General Signaling,
Itgb2l,Thy1,General Signaling,
Itih2,Fcer1a,General Signaling,Baccin2019:10917520;CellTalkDB:10917520;Cellinker:10917520;HPRD:10917520;LRdb:10917520
Itm2b,Ror2,General Signaling,Cellinker:15569154
Izumo1,Cd9,General Signaling,CellTalkDB:30517645;HPMR:15759005
Izumo1,Izumo1r,General Signaling,CellTalkDB:27416963;DIP:27309808;DIP:27309818;IntAct:27309808;IntAct:27309818
Izumo1,Lilra5,General Signaling,
Jag1,Cd46,General Signaling,CellTalkDB:23086448;IntAct:23086448;LRdb:23086448;connectomeDB2020:23086448
Jam2,Itga4,General Signaling,
Jam3,Gm49368,General Signaling,
Jam3,Itgb1,General Signaling,CellTalkDB:32196115
Jam3,Jam2,General Signaling,Baccin2019:24357068;HPRD:11823489;Lit-BM-17:21982860;connectomeDB2020:24357068
Jaml,Cd320,General Signaling,
Jaml,Cxadr,General Signaling,Baccin2019:15800062;ICELLNET:15800062;Lit-BM-17:21982860;connectomeDB2020:15800062
Jaml,Gm1123,General Signaling,
Kcna1,Cntn1,General Signaling,
Kcna1,Cntnap1,General Signaling,
Kcna1,Rtn4,General Signaling,Cellinker:14592966
Kirrel,Kirrel,General Signaling,
Kirrel3,Cd33,General Signaling,
Kirrel3,Siglech,General Signaling,
Kitl,Epor,General Signaling,CellTalkDB:11124255;Cellinker:11124255;HPRD:11124255;LRdb:11124255
Kitl,Lrrn3,General Signaling,Cellinker:32589946
Kl,Fgfr1,General Signaling,
Kl,Fgfr3,General Signaling,
Kl,Fgfr4,General Signaling,
Kl,Igf1r,General Signaling,HPRD:18762812;SPIKE:17684529;SPIKE_LC:17684529
Kl,Insr,General Signaling,SPIKE:17684529;SPIKE_LC:17684529
Kl,Trpv5,General Signaling,TRIP:16239475;TRIP:18495742;TRIP:18606998
Kl,Trpv6,General Signaling,TRIP:16239475;TRIP:18495742
Klk1,Epor,General Signaling,
Klk1,Ntrk1,General Signaling,
Klk1b1,Epor,General Signaling,
Klk1b1,Ntrk1,General Signaling,
Klk1b11,Epor,General Signaling,
Klk1b11,Ntrk1,General Signaling,
Klk1b16,Epor,General Signaling,
Klk1b16,Ntrk1,General Signaling,
Klk1b21,Epor,General Signaling,
Klk1b21,Ntrk1,General Signaling,
Klk1b22,Epor,General Signaling,CellTalkDB:10374881;HPRD:10374881;LRdb:10374881
Klk1b22,Ntrk1,General Signaling,CellChatDB:27908981;Cellinker:27908981
Klk1b24,Epor,General Signaling,
Klk1b24,Ntrk1,General Signaling,
Klk1b26,Epor,General Signaling,
Klk1b26,Ntrk1,General Signaling,
Klk1b27,Epor,General Signaling,
Klk1b27,Ntrk1,General Signaling,
Klk1b3,Epor,General Signaling,
Klk1b3,Ntrk1,General Signaling,
Klk1b4,Epor,General Signaling,
Klk1b5,Epor,General Signaling,
Klk1b5,Ntrk1,General Signaling,
Klk1b8,Epor,General Signaling,
Klk1b8,Ntrk1,General Signaling,
Klk1b9,Epor,General Signaling,
Klk1b9,Ntrk1,General Signaling,
Klkb1,F12,General Signaling,HPRD:3521732;SIGNOR:28966616
Kng1,Cd93,General Signaling,CellTalkDB:12213329;Cellinker:12213329;Cellinker:8710908;HPRD:12213329;HPRD:8710908;LRdb:12213329;LRdb:87
Kng1,Gp1ba,General Signaling,CellTalkDB:9269768;HPRD:9269768;LRdb:9269768;connectomeDB2020:9269768
Kng1,Gpr135,General Signaling,Cellinker:1374385;Cellinker:14530218;HPMR:1374385;LRdb:14;LRdb:14530218;connectomeDB2020:1374385;connectomeDB2020:14530218
Kng1,Itgb2,General Signaling,CellTalkDB:10845911;Cellinker:10845911;HPRD:10845911;LRdb:10845911;connectomeDB2020:10845911
Kng1,Itgb2l,General Signaling,
Kng1,Plaur,General Signaling,CellTalkDB:14764580;Cellinker:14764580;HPRD:14764580;LRdb:14764580;connectomeDB2020:14764580
Kng1,Rxfp4,General Signaling,CellTalkDB:14530218;Cellinker:14530218;HPRD:14530218;LRdb:14530218;connectomeDB2020:14530218
Kng1,Sdc2,General Signaling,Baccin2019:10843988;CellTalkDB:32196115
Kng2,Cd93,General Signaling,
Kng2,Gp1ba,General Signaling,
Kng2,Gpr135,General Signaling,
Kng2,Itgb2,General Signaling,
Kng2,Itgb2l,General Signaling,
Kng2,Plaur,General Signaling,
Kng2,Rxfp4,General Signaling,
Kng2,Sdc2,General Signaling,
L1cam,Alcam,General Signaling,Baccin2019:22983139;connectomeDB2020:22983139
L1cam,Cd9,General Signaling,Baccin2019:8838570;connectomeDB2020:8838570
L1cam,Chl1,General Signaling,Cellinker:32822567
L1cam,Cntn1,General Signaling,Baccin2019:7595520;CellTalkDB:7595520;Cellinker:7595520;HPRD:7595520;LRdb:7595520;connectomeDB2020:7595520
L1cam,Egfr,General Signaling,CellTalkDB:14718570;Cellinker:14718570;LRdb:14718570;Ramilowski2015:14718570;connectomeDB2020:14718570;talklr:14718570
L1cam,Ephb2,General Signaling,CellTalkDB:32196115;connectomeDB2020:22579729
L1cam,Erbb2,General Signaling,CellTalkDB:22815787;LRdb:22815787;Ramilowski2015:22815787;connectomeDB2020:22815787;talklr:22815787
L1cam,Erbb3,General Signaling,CellTalkDB:22815787;ICELLNET:22815787;LRdb:22815787;Ramilowski2015:22815787;connectomeDB2020:22815787;talklr:22815787
L1cam,Ezr,General Signaling,BioGRID:12070130;BioGRID:22846990;CA1:12070130;HPRD:12070130
L1cam,Fgfr1,General Signaling,BioGRID:18222703;BioGRID:23212305;Cellinker:23212305
L1cam,Itga5,General Signaling,CellTalkDB:10871287;Cellinker:10871287;HPRD:10871287;LRdb:10871287;connectomeDB2020:10871287
L1cam,Lvrn,General Signaling,Cellinker:32589946
L1cam,Ncam1,General Signaling,HPRD:10611478;HPRD:8509458
L1cam,Nrp1,General Signaling,BioGRID:16377081;HPMR:10520994;HPMR:15121181
L1cam,Plxna1,General Signaling,HPMR:10520994;HPMR:15121181
L1cam,Ptprz1,General Signaling,Baccin2019:9117260;connectomeDB2020:9117260
Lama1,Nt5e,General Signaling,Baccin2019:10470109;CellTalkDB:10470109;Cellinker:10470109;HPRD:10470109;LRdb:10470109
Lama1,Rpsa,General Signaling,Baccin2019:2970671;CellTalkDB:2970671;Cellinker:2970671;LRdb:2970671;connectomeDB2020:2970671
Lama1,Tmprss6,General Signaling,Baccin2019:12149247;Cellinker:12149247;HPRD:12149247
Lama2,Rpsa,General Signaling,Baccin2019:11054877;Baccin2019:2970671;CellTalkDB:2970671;Cellinker:11054877;Cellinker:2970671;HPRD:11054877;LRdb:111;LRdb:2970671;connectomeDB2020:11054877;connectomeDB2020:2970671
Lama3,Sdc2,General Signaling,Baccin2019:11373281;CellTalkDB:11373281;Cellinker:11373281;HPRD:11373281;LRdb:11373281;MatrixDB:11373281;connectomeDB2020:11373281
Lama5,Bcam,General Signaling,Baccin2019:11133776;Baccin2019:12244066;BioGRID:11133776;BioGRID:12244066;CellTalkDB:12244066;Cellinker:11133776;Cellinker:12244066;HPRD:11133776;HPRD:12244066;LRdb:11;LRdb:12244066;connectomeDB2020:11133776;connectomeDB2020:12244066
Lama5,Cd151,General Signaling,HPMR:10842354;HPMR:15677332
Lama5,Sdc1,General Signaling,CellTalkDB:32196115
Lamb1,Cd151,General Signaling,HPMR:10842354;HPMR:15677332
Lamb2,Rpsa,General Signaling,Baccin2019:2970671;CellTalkDB:2970671;LRdb:2970671;connectomeDB2020:2970671
Lamb3,Cd151,General Signaling,CellTalkDB:32196115
Lamc2,Cd151,General Signaling,CellTalkDB:32196115
Layn,Gp5,General Signaling,
Layn,Ly6g6f,General Signaling,Cellinker:32589946
Lcn11,Ptprc,General Signaling,
Lcn2,Fcgr2b,General Signaling,
Lcn2,Fcgr3,General Signaling,Cellinker:32822567
Lcn2,Lrp2,General Signaling,Baccin2019:15670845;CellTalkDB:15670845;Cellinker:15670845;HPRD:15670845;InnateDB:15670845;LRdb:15670845;connectomeDB2020:15670845
Leap2,Ghsr,General Signaling,Cellinker:29233536;connectomeDB2020:29233536;scConnect:29233536
Lefty1,Acvr1b,General Signaling,CellTalkDB:32196115
Lefty1,Acvr2a,General Signaling,CellTalkDB:32196115
Lefty1,Acvr2b,General Signaling,CellTalkDB:32196115
Lefty2,Acvr1b,General Signaling,CellTalkDB:32196115
Lefty2,Acvr2a,General Signaling,CellTalkDB:32196115;Cellinker:11952836
Lefty2,Acvr2b,General Signaling,Baccin2019:11952836;CellTalkDB:11952836;Cellinker:11952836;LRdb:11952836;connectomeDB2020:11952836
Lep,Islr2,General Signaling,Cellinker:32822567
Lep,Lrp2,General Signaling,CellTalkDB:32196115
Lfng,Notch1,General Signaling,HPRD:10935626;HPRD:12486116;SIGNOR:12486116;SPIKE_LC:16713569
Lfng,Notch2,General Signaling,HPRD:11346656;SIGNOR:11346656;SPIKE:11346656;SPIKE_LC:11346656
Lgals1,Cd69,General Signaling,ICELLNET:21427408;connectomeDB2020:24752896
Lgals1,Itgb1,General Signaling,CellTalkDB:14550305;Cellinker:14550305;HPRD:14550305;InnateDB:14550305;LRdb:14550305;connectomeDB2020:14550305
Lgals1,Ptprc,General Signaling,CellTalkDB:10369126;Cellinker:10369126;HPRD:10490978;LRdb:10369126;connectomeDB2020:10369126
Lgals3,Anxa2,General Signaling,Cellinker:26438086
Lgals3,Eng,General Signaling,Cellinker:31540324;IntAct:31540324
Lgals3,Lag3,General Signaling,ICELLNET:25691328;connectomeDB2020:25691328
Lgals3,Mcam,General Signaling,Cellinker:28364041
Lgals3,Ptprk,General Signaling,Baccin2019:21094132
Lgals3bp,Cd33,General Signaling,
Lgals3bp,Itgb1,General Signaling,CellTalkDB:9501082;Cellinker:9501082;HPRD:9501082;LRdb:9501082;SPIKE_LC:16189514;connectomeDB2020:9501082
Lgals3bp,Siglech,General Signaling,CellTalkDB:25320078
Lgals9,Cd47,General Signaling,CellTalkDB:32103204
Lgals9,Mrc2,General Signaling,CellTalkDB:32103204
Lgals9,Slc1a5,General Signaling,CellTalkDB:32103204;SPIKE_LC:17353931
Lgi1,Adam23,General Signaling,connectomeDB2020:18974846
Lgi1,Rtn4r,General Signaling,connectomeDB2020:20463223
Lgi2,Adam23,General Signaling,connectomeDB2020:21829378
Lgi3,Adam23,General Signaling,connectomeDB2020:20220021;connectomeDB2020:22405860
Lgi3,Stx1a,General Signaling,connectomeDB2020:18760330
Lgi4,Adam23,General Signaling,connectomeDB2020:18974846;connectomeDB2020:20220021
Lhb,Adcyap1r1,General Signaling,CellTalkDB:32196115
Lhb,Adrb2,General Signaling,CellTalkDB:32196115
Lhb,Adrb3,General Signaling,CellTalkDB:32196115
Lhb,Gpr20,General Signaling,CellTalkDB:32196115
Lhb,Gpr84,General Signaling,CellTalkDB:32196115
Lhb,Pth1r,General Signaling,CellTalkDB:32196115
Lhb,Ramp2,General Signaling,CellTalkDB:32196115
Lhb,Ramp3,General Signaling,CellTalkDB:32196115
Lhb,Tshr,General Signaling,CellTalkDB:32196115
Lhb,Vipr1,General Signaling,CellTalkDB:32196115
Lilr4b,Cntfr,General Signaling,
Lilr4b,Fgfr4,General Signaling,
Lilr4b,Lair1,General Signaling,Cellinker:19283782;LRdb:19283782;connectomeDB2020:19283782
Lilra5,Cntfr,General Signaling,
Lilra5,Lair1,General Signaling,
Lilra6,Cd300e,General Signaling,
Lilra6,Cntfr,General Signaling,
Lilra6,Lair1,General Signaling,
Lilra6,Lctl,General Signaling,
Lilra6,Ly6g6f,General Signaling,
Lilrb4a,Cntfr,General Signaling,
Lilrb4a,Fgfr4,General Signaling,
Lilrb4a,Lair1,General Signaling,
Lin7a,Slc6a12,General Signaling,HPRD:10228153
Lin7b,Aqp1,General Signaling,Cellinker:19584911
Lin7b,Kcnj4,General Signaling,DOMINO:11742811;HPRD:11742811;Lit-BM-17:11742811;SPIKE_LC:11742811
Lin7c,Abca1,General Signaling,CellTalkDB:16192275;Cellinker:16192275;HPRD:16192275;LRdb:16192275
Lin7c,Htr2c,General Signaling,Baccin2019:12006486;BioGRID:12006486;Cellinker:12006486;HPRD:12006486;LRdb:12006486;connectomeDB2020:12006486
Lin7c,Kcnj4,General Signaling,CellTalkDB:32196115
Lingo4,Nfasc,General Signaling,Cellinker:32589946
Lipc,Lrp1,General Signaling,Baccin2019:7721852;CellTalkDB:9716487;Cellinker:7721852;HPRD:7721852;LRdb:127;LRdb:9716487;connectomeDB2020:7721852
Liph,Lpar1,General Signaling,Baccin2019:10908309;CellTalkDB:9716487;Cellinker:10908309;HPMR:10908309;LRdb:12601009;LRdb:16051226;LRdb:9716487;connectomeDB2020:10908309
Liph,Lpar2,General Signaling,Baccin2019:9525886;CellTalkDB:16192275;Cellinker:9525886;HPMR:9525886;LRdb:16192275;SIGNOR:9525886;connectomeDB2020:9525886
Liph,Lpar4,General Signaling,Baccin2019:12724320;CellTalkDB:12006486;Cellinker:12724320;HPMR:12724320;LRdb:12006486;connectomeDB2020:12724320
Lpl,Gpihbp1,General Signaling,CellTalkDB:17403372;Cellinker:17403372;IntAct:20124439;IntAct:30559189;LRdb:17403372;Ramilowski2015:17403372;connectomeDB2020:17403372;talklr:17403372
Lpl,Lrp1,General Signaling,Baccin2019:1281473;Baccin2019:7510694;Baccin2019:7989348;BioGRID:1281473;BioGRID:7510694;BioGRID:7989348;CellTalkDB:7510694;Cellinker:1281473;Cellinker:7510694;Cellinker:7989348;HPRD:1281473;HPRD:7510694;HPRD:7989348;LRdb:1281473;LRdb:7510694;LRdb:7989348;connectomeDB2020:1281473;connectomeDB2020:7510694;connectomeDB2020:7989348
Lpl,Lrp2,General Signaling,Baccin2019:7686151;CellTalkDB:7686151;Cellinker:7686151;HPRD:7686151;LRdb:7686151;SPIKE_LC:16713569;connectomeDB2020:7686151
Lpl,Sdc1,General Signaling,CellTalkDB:9294130;Cellinker:31543446;LRdb:9294130;Ramilowski2015:9294130;connectomeDB2020:9294130;talklr:9294130
Lpl,Vldlr,General Signaling,Baccin2019:7592875;CellTalkDB:7592875;Cellinker:7592875;HPRD:7592875;LRdb:7592875;connectomeDB2020:7592875
Lrch4,Cadm3,General Signaling,
Lrfn1,Ptprs,General Signaling,
Lrfn3,Fcrl1,General Signaling,Cellinker:32589946
Lrfn5,Tie1,General Signaling,
Lrfn5,Tnfrsf14,General Signaling,
Lrig1,Egfr,General Signaling,BioGRID:18542056;IntAct:15282549;IntAct:15345710;IntAct:18542056;SIGNOR:15282549
Lrig1,Erbb2,General Signaling,IntAct:15282549;IntAct:15345710;IntAct:23723069;SIGNOR:16123311;SignaLink3:16123311;SignaLink3:23331499
Lrig1,Erbb3,General Signaling,SIGNOR:16123311;SignaLink3:16123311;SignaLink3:23331499
Lrig1,Erbb4,General Signaling,SIGNOR:16123311;SignaLink3:16123311;SignaLink3:23331499
Lrig1,Met,General Signaling,BioGRID:17178829;CellTalkDB:17178829
Lrig1,Mog,General Signaling,
Lrig2,Egfr,General Signaling,CellTalkDB:25353163
Lrit1,Cd33,General Signaling,
Lrit1,Fcrl1,General Signaling,Cellinker:32589946
Lrit1,Siglecf,General Signaling,
Lrit1,Siglech,General Signaling,
Lrit2,Ptprd,General Signaling,
Lrit2,Siglecg,General Signaling,
Lrp1b,Plaur,General Signaling,Baccin2019:11384978;Baccin2019:12194987;Cellinker:11384978;Cellinker:12194987;HPRD:11384978;HPRD:12194987;LRdb:11384978;LRdb:12
Lrpap1,Cd320,General Signaling,Cellinker:32589946
Lrpap1,Lrp1,General Signaling,BioGRID:1374383;CellTalkDB:14596620;Cellinker:10747918;Cellinker:1374383;Cellinker:14596620;Cellinker:1718973;HPRD:10747918;HPRD:1374383;HPRD:1718973;IntAct:20030366;LRdb:10747918;LRdb:1374383;LRdb:14596620;LRdb:1718973;connectomeDB2020:10747918;connectomeDB2020:1374383;connectomeDB2020:14596620;connectomeDB2020:1718973
Lrpap1,Sirpa,General Signaling,Cellinker:32589946
Lrrc4,Neto2,General Signaling,Cellinker:32589946
Lrrc4,Prss55,General Signaling,Cellinker:32589946
Lrrc4b,Gm36028,General Signaling,
Lrrc4b,Unc5d,General Signaling,Cellinker:32589946
Lrrc4c,Gm36028,General Signaling,
Lrrc4c,Ldlr,General Signaling,
Lrrc4c,Lrrtm4,General Signaling,Cellinker:32589946
Lrrc4c,Ntm,General Signaling,
Lrrc4c,Siglec15,General Signaling,
Lrrc4c,Siglece,General Signaling,
Lrrc4c,Siglecf,General Signaling,
Lrrc4c,Tmem53,General Signaling,Cellinker:32589946
Lrrc4c,Unc5a,General Signaling,Cellinker:32589946
Lrrc52,Cd300lb,General Signaling,
Lrrc52,Trem2,General Signaling,
Lrrn1,Lrrc4,General Signaling,Cellinker:32589946
Lrrn1,Lrrc4c,General Signaling,Cellinker:32822567
Lrrn1,Unc5a,General Signaling,Cellinker:32822567
Lrrn2,Tmem123,General Signaling,Cellinker:32589946
Lrrtm2,Fgfr3,General Signaling,
Lrrtm2,Fgfr4,General Signaling,Cellinker:32822567
Lrrtm2,Igdcc4,General Signaling,Cellinker:32822567
Lrrtm2,Mog,General Signaling,
Lrrtm2,Oscar,General Signaling,Cellinker:32822567
Lrrtm2,Prtg,General Signaling,Cellinker:32822567
Lrrtm2,Treml2,General Signaling,Cellinker:32822567
Lrrtm2,Unc5a,General Signaling,Cellinker:32822567
Lrrtm3,Mog,General Signaling,
Lrrtm3,Ngfr,General Signaling,
Lrtm2,Il6ra,General Signaling,
Lsamp,Negr1,General Signaling,Cellinker:32589946;Lit-BM-17:21982860
Lsamp,Opcml,General Signaling,Cellinker:32589946
Ltb,Cd40,General Signaling,CellTalkDB:7916655;LRdb:7916655;connectomeDB2020:7916655
Ltb,Tnfrsf1a,General Signaling,Baccin2019:7995952;CellTalkDB:7995952;Cellinker:7995952;HPRD:7995952;LRdb:7995952;connectomeDB2020:7995952
Ltbp1,Itgb5,General Signaling,CellTalkDB:12358597;Cellinker:12358597;HPRD:12358597;LRdb:12358597;SPIKE_LC:16713569;connectomeDB2020:12358597
Ltbp3,Itgb5,General Signaling,CellTalkDB:12358597;Cellinker:12358597;HPRD:12358597;LRdb:12358597;connectomeDB2020:12358597
Ltf,Ager,General Signaling,Cellinker:32822567
Ltf,Boc,General Signaling,Cellinker:32822567
Ltf,Igdcc4,General Signaling,Cellinker:32822567
Ltf,Il1rl1,General Signaling,Cellinker:32822567
Ltf,Lrp1,General Signaling,Baccin2019:1464627;Baccin2019:15178744;CellTalkDB:15178744;HPRD:1464627;LRdb:15;LRdb:15178744;connectomeDB2020:1464627;connectomeDB2020:15178744
Ltf,Lrp11,General Signaling,Baccin2019:1464627;HPMR:14596620;HPMR:1464627;LRdb:1464627;connectomeDB2020:1464627
Ltf,Tfrc,General Signaling,CellTalkDB:32196115
Ltf,Tnfrsf11b,General Signaling,Cellinker:32822567
Ltf,Treml2,General Signaling,Cellinker:32822567
Lum,Itgb1,General Signaling,CellTalkDB:32196115
Lvrn,Vsig8,General Signaling,Cellinker:32589946
Ly6g5c,Pgap6,General Signaling,
Ly6g6f,Csf1r,General Signaling,
Ly6g6f,Ddr1,General Signaling,
Ly6g6f,Gm14548,General Signaling,
Ly6g6f,Gm15448,General Signaling,
Ly6g6f,Layn,General Signaling,
Ly6g6f,Lilra5,General Signaling,Cellinker:32589946
Ly6g6f,Lilra6,General Signaling,
Ly6g6f,Pira1,General Signaling,
Ly6g6f,Pira12,General Signaling,
Ly6g6f,Pira13,General Signaling,
Ly6g6f,Pira2,General Signaling,
Ly6g6f,Pira6,General Signaling,
Ly6g6f,Pirb,General Signaling,
Ly6g6f,Robo3,General Signaling,
Ly86,Cd180,General Signaling,BioGRID:9686597;BioGRID:9763566;DIP:21857663;HPRD:9686597;HPRD:9763566;InnateDB:21959264;LRdb:969;LRdb:9763566;connectomeDB2020:9686597;connectomeDB2020:9763566
Ly9,Tnfrsf17,General Signaling,
Lypd6,Il20ra,General Signaling,
Lyz1,Itgal,General Signaling,
Lyz2,Itgal,General Signaling,CellTalkDB:32196115
Madcam1,Cd44,General Signaling,CellTalkDB:2474557;HPRD:2474557;LRdb:2474557;connectomeDB2020:2474557
Madcam1,Siglece,General Signaling,
Mansc1,Gpr55,General Signaling,scConnect:31675498
Matn1,Itga1,General Signaling,CellTalkDB:10196235;Cellinker:10196235;HPRD:10196235;LRdb:10196235;connectomeDB2020:10196235
Matn1,Itgb1,General Signaling,Cellinker:10196235;LRdb:10196235;Ramilowski2015:10196235;connectomeDB2020:10196235;talklr:10196235
Mbl2,C1qb,General Signaling,Cellinker:11560994
Mbl2,Calcr,General Signaling,Baccin2019:11560994;CellTalkDB:11560994;HPRD:11560994;LRdb:11560994
Mbl2,Cd93,General Signaling,Baccin2019:9476117;CellTalkDB:9476117;Cellinker:9476117;HPRD:9476117;LRdb:9476117;connectomeDB2020:9476117
Mbl2,Lrp1,General Signaling,Cellinker:21054788;Lit-BM-17:21054788
Mcam,Cd226,General Signaling,Cellinker:32589946
Mcam,Cntn1,General Signaling,Cellinker:32822567
Mcam,Fgfr4,General Signaling,
Mcam,Tmem132a,General Signaling,Cellinker:32589946
Mdk,Lrp2,General Signaling,Baccin2019:10772929;CellTalkDB:10772929;Cellinker:10772929;HPRD:10772929;LRdb:10772929;SPIKE_LC:16713569
Mdk,Notch2,General Signaling,SIGNOR:18469519;SignaLink3:18469519;SignaLink3:23331499;connectomeDB2020:18469519
Mdk,Ptprb,General Signaling,SPIKE_LC:16713569
Mdk,Sdc3,General Signaling,Baccin2019:9089390;CellTalkDB:9089390;HPRD:9089390;LRdb:9089390;SPIKE_LC:16713569;connectomeDB2020:9089390
Mdk,Tspan1,General Signaling,Baccin2019:18851943;CellTalkDB:18851943;Cellinker:18851943;HPRD:18851943;LRdb:18851943;connectomeDB2020:18851943
Megf10,Abca1,General Signaling,CellTalkDB:17205124;SIGNOR:17205124
Meltf,Tfrc,General Signaling,CellTalkDB:12688510
Mfap2,Notch1,General Signaling,Baccin2019:18417156;CellTalkDB:16492672;Cellinker:16492672;LRdb:16492672;Ramilowski2015:16492672;SignaLink3:16492672;SignaLink3:23331499;talklr:16492672
Mfap3l,Ceacam1,General Signaling,Cellinker:32822567
Mfap3l,Ceacam2,General Signaling,
Mfap3l,Mpzl2,General Signaling,Cellinker:32822567
Mfap5,Notch1,General Signaling,CellTalkDB:16492672;Cellinker:16492672;LRdb:16492672;Ramilowski2015:16492672;SignaLink3:16492672;SignaLink3:23331499;talklr:16492672
Mfge8,Itgav,General Signaling,Cellinker:24441829;LRdb:24441829;Ramilowski2015:24441829;connectomeDB2020:24441829;talklr:24441829
Mfge8,Itgb3,General Signaling,CellTalkDB:24441829;Cellinker:24441829;LRdb:24441829;Ramilowski2015:24441829;connectomeDB2020:24441829;talklr:24441829
Mfge8,Itgb5,General Signaling,Cellinker:24441829
Mfge8,Pdgfrb,General Signaling,CellTalkDB:21868707;Cellinker:21868707;LRdb:21868707;Ramilowski2015:21868707;connectomeDB2020:21868707;talklr:21868707
Mfng,Notch1,General Signaling,CellTalkDB:10935626;HPRD:10935626;HPRD:12486116;LRdb:10935626;LRdb:12;SIGNOR:10935626;SPIKE_LC:16713569;connectomeDB2020:10935626;connectomeDB2020:12486116
Mfng,Notch2,General Signaling,CancerCellMap:11346656;HPRD:11346656;LRdb:11346656;SIGNOR:11346656;SPIKE:11346656;SPIKE_LC:11346656;connectomeDB2020:11346656
Mia,Cdh7,General Signaling,CellTalkDB:19200257;Cellinker:19200257;LRdb:19200257;Ramilowski2015:19200257;connectomeDB2020:19200257;talklr:19200257
Mia,Itga4,General Signaling,Cellinker:19200257
Mia,Itga5,General Signaling,Cellinker:19200257
Mia,Itgb1,General Signaling,Cellinker:19200257
Mif,Egfr,General Signaling,CellTalkDB:26280537;Cellinker:26280537
Mill1,Hcst,General Signaling,
Mill1,Klrk1,General Signaling,
Mill1,Pcdhac1,General Signaling,
Mill2,Hcst,General Signaling,Cellinker:11513139
Mill2,Klrk1,General Signaling,CellTalkDB:11491531;HPRD:12902493;ICELLNET:11955595;LRdb:11491531;connectomeDB2020:19329438;connectomeDB2020:26041808
Mill2,Pcdhac1,General Signaling,
Mmp12,F12,General Signaling,HPRD-phos:10930399;HPRD:10930399;SIGNOR:10930399
Mmp12,Plaur,General Signaling,Baccin2019:12195704;CellTalkDB:12195704;Cellinker:12195704;HPRD-phos:12195704;HPRD:12195704;LRdb:12195704;connectomeDB2020:12195704
Mmp13,F12,General Signaling,HPRD:10930399;SIGNOR:10930399
Mmp13,Lrp1,General Signaling,Baccin2019:10514490;Baccin2019:10514495;CellTalkDB:10514495;Cellinker:10514495;HPRD:10514495;LRdb:10514495;connectomeDB2020:10514495
Mmp14,Adam9,General Signaling,SIGNOR:22632802
Mmp14,Cd44,General Signaling,Cellinker:11381077;NetPath:21385940
Mmp14,Ddr1,General Signaling,Cellinker:23519472
Mmp14,F12,General Signaling,HPRD:10930399;SIGNOR:10930399
Mmp14,Mmp13,General Signaling,HPRD-phos:8663255;HPRD:8663255
Mmp14,Mmp2,General Signaling,ACSN:23691193;ACSN:24376839;HPRD:14583471;HPRD:8663332;SPIKE:11857380;SPIKE_LC:11857380
Mmp14,Sdc1,General Signaling,HPRD:12464176;HPRD:12904296
Mmp15,Ddr1,General Signaling,Cellinker:23519472
Mmp16,Ddr1,General Signaling,Cellinker:23519472
Mmp16,Mmp2,General Signaling,ACSN:23691193;ACSN:24376839
Mmp1a,Cd44,General Signaling,Baccin2019:11381077;CellTalkDB:11381077;HPRD:11381077;LRdb:11381077
Mmp1a,F2r,General Signaling,
Mmp1a,Itga2,General Signaling,BioGRID:11359774;BioGRID:11359786;CellTalkDB:11359774;Cellinker:11359774;Cellinker:11359786;HPRD:11359774;HPRD:11359786;LRdb:11;LRdb:11359774;connectomeDB2020:11359774;connectomeDB2020:11359786
Mmp1b,Cd44,General Signaling,
Mmp1b,F2r,General Signaling,
Mmp1b,Itga2,General Signaling,
Mmp2,Ccr2,General Signaling,CellTalkDB:30132565
Mmp2,Ddr1,General Signaling,Cellinker:19262089
Mmp2,Egfr,General Signaling,SPIKE:15313914;SPIKE_LC:15313914
Mmp2,F2r,General Signaling,Cellinker:28034890
Mmp2,Fgfr1,General Signaling,CellTalkDB:8692946;HPRD-phos:8692946;HPRD:8692946
Mmp2,Lrp2,General Signaling,SIGNOR:28659595
Mmp2,Pecam1,General Signaling,CellTalkDB:30793207
Mmp2,Sdc2,General Signaling,Baccin2019:17623663;CellTalkDB:17623663;Cellinker:17623663;LRdb:17623663;Ramilowski2015:17623663;connectomeDB2020:17623663;talklr:17623663
Mmp25,Mmp2,General Signaling,HPRD:14583471;HPRD:8663332;SIGNOR:14583471
Mmp7,Cd151,General Signaling,Baccin2019:16200075;CellTalkDB:16200075;Cellinker:16200075;HPRD:16200075;LRdb:16200075;connectomeDB2020:16200075
Mmp7,Cd44,General Signaling,Baccin2019:11825873;CellTalkDB:11825873;Cellinker:11825873;HPRD:11825873;LRdb:11825873;SPIKE_LC:16189514;connectomeDB2020:11825873
Mmp7,Erbb4,General Signaling,CellTalkDB:17638887;Cellinker:17638887;LRdb:17638887;Ramilowski2015:17638887;connectomeDB2020:17638887;talklr:17638887
Mmp7,Itgb4,General Signaling,CancerCellMap:9344615
Mmp7,Mmp1a,General Signaling,HPRD:7896811;SPIKE_LC:16189514
Mmp7,Mmp1b,General Signaling,
Mmp7,Sdc1,General Signaling,CellTalkDB:26934670
Mmp9,Cd44,General Signaling,Baccin2019:10652271;Baccin2019:17912438;CellTalkDB:10652271;Cellinker:10652271;Cellinker:17912438;HPRD:10652271;HPRD:17912438;LRdb:10652271;LRdb:18;SPIKE_LC:16189514;connectomeDB2020:10652271;connectomeDB2020:17912438
Mmp9,Ddr1,General Signaling,Cellinker:19262089
Mmp9,Ephb2,General Signaling,Baccin2019:18713744;Cellinker:18713744;HPRD:18713744;LRdb:18713744;connectomeDB2020:18713744
Mmp9,Gm49368,General Signaling,
Mmp9,Ifnar1,General Signaling,CellTalkDB:28122987
Mmp9,Itgam,General Signaling,CellTalkDB:32196115
Mmp9,Itgb2,General Signaling,CellTalkDB:32196115
Mmp9,Itgb2l,General Signaling,
Mmp9,Lrp1,General Signaling,Baccin2019:11279011;CellTalkDB:11279011;Cellinker:11279011;LRdb:11279011;connectomeDB2020:11279011
Mmp9,Reck,General Signaling,CellTalkDB:29874120;HPRD:9789069
Mmp9,Tlr9,General Signaling,CellTalkDB:23827939
Mmrn2,Cd248,General Signaling,connectomeDB2020:28671670
Mmrn2,Cd93,General Signaling,connectomeDB2020:28671670
Mmrn2,Clec14a,General Signaling,connectomeDB2020:28671670
Mpdz,Cldn1,General Signaling,Cellinker:11689568;HPRD:11689568
Mpdz,Cldn13,General Signaling,
Mpdz,Cldn4,General Signaling,Cellinker:24665401
Mpdz,Cldn5,General Signaling,Cellinker:12403818;HPRD:12403818
Mpdz,Cldn8,General Signaling,Cellinker:12839333
Mpdz,F11r,General Signaling,Cellinker:11689568;HPRD:11689568
Mpig6b,Ager,General Signaling,Cellinker:32822567
Mpig6b,Boc,General Signaling,Cellinker:32822567
Mpig6b,Il1rl1,General Signaling,Cellinker:32822567
Mpig6b,Oscar,General Signaling,Cellinker:32822567
Mpig6b,Robo1,General Signaling,Cellinker:32822567
Mpig6b,Tnfrsf21,General Signaling,Cellinker:32822567
Mpig6b,Unc5a,General Signaling,Cellinker:32822567
Mpig6b,Unc5d,General Signaling,Cellinker:32822567
Mpz,Cd33,General Signaling,
Mpz,Gm14548,General Signaling,
Mpz,Gm15448,General Signaling,
Mpz,Il6ra,General Signaling,Cellinker:32822567
Mpz,Islr2,General Signaling,Cellinker:32822567
Mpz,Lilra5,General Signaling,Cellinker:32822567
Mpz,Lilra6,General Signaling,
Mpz,Pira1,General Signaling,Cellinker:32822567
Mpz,Pira12,General Signaling,
Mpz,Pira13,General Signaling,
Mpz,Pira2,General Signaling,
Mpz,Pira6,General Signaling,
Mpz,Pirb,General Signaling,
Mpz,Siglecf,General Signaling,
Mpz,Siglech,General Signaling,
Mpzl3,AU040320,General Signaling,
Mpzl3,Mpzl2,General Signaling,Cellinker:32822567;Lit-BM-17:21982860
Msmb,Gpr55,General Signaling,scConnect:31675498
Msmp,Ccr2,General Signaling,connectomeDB2020:28698550
Msn,Slc9a1,General Signaling,Adhesome:10592173;Adhesome:11163215
Mst1,Mst1r,General Signaling,Baccin2019:8062829;Baccin2019:9045873;CellTalkDB:8062829;Cellinker:8062829;Cellinker:9045873;DIP:9374547;HPMR:8062829;HPRD:9045873;ICELLNET:8062829;ICELLNET:9045873;IntAct:22087277;IntAct:25193665;LRdb:8062829;LRdb:905;Lit-BM-17:22087277;Lit-BM-17:25193665;Lit-BM-17:9374547;SIGNOR:8062829;SignaLink3:12764615;SignaLink3:23331499;connectomeDB2020:8062829;connectomeDB2020:9045873
Muc1,Siglece,General Signaling,connectomeDB2020:27595232
Muc4,Erbb2,General Signaling,HPRD:11598901;HPRD:11687512;HPRD:12434309;ProtMapper:20348949
Mug1,Mmp2,General Signaling,
Mug1,Mmp9,General Signaling,
Mug1,Sctr,General Signaling,
Mug2,Mmp2,General Signaling,
Mug2,Mmp9,General Signaling,
Mug2,Sctr,General Signaling,
Mxra8,Jam3,General Signaling,Cellinker:32589946
Myoc,Fzd1,General Signaling,Baccin2019:19188438;Cellinker:19188438;LRdb:19188438;Ramilowski2015:19188438;connectomeDB2020:19188438;talklr:19188438
Myoc,Fzd10,General Signaling,Baccin2019:19188438;Cellinker:19188438;LRdb:19188438;Ramilowski2015:19188438;connectomeDB2020:19188438;talklr:19188438
Myoc,Fzd3,General Signaling,Baccin2019:19188438;Cellinker:19188438;LRdb:19188438;Ramilowski2015:19188438;connectomeDB2020:19188438;talklr:19188438
Myoc,Fzd4,General Signaling,Baccin2019:19188438;Cellinker:19188438;LRdb:19188438;Ramilowski2015:19188438;connectomeDB2020:19188438;talklr:19188438
Myoc,Fzd7,General Signaling,Baccin2019:19188438;Cellinker:19188438;LRdb:19188438;Ramilowski2015:19188438;connectomeDB2020:19188438;talklr:19188438
Naaladl1,Cd96,General Signaling,Cellinker:32589946
Nampt,Adora2a,General Signaling,CellTalkDB:32103204;SPIKE_LC:18486613
Nampt,Insr,General Signaling,CellChatDB:28490838;Cellinker:28490838;LRdb:15604363;connectomeDB2020:15604363
Ncam1,Cacna1c,General Signaling,CellTalkDB:32196115
Ncam1,Clec14a,General Signaling,Cellinker:32589946
Ncam1,Clec2l,General Signaling,Cellinker:32589946
Ncam1,Cntn1,General Signaling,Cellinker:7595520
Ncam1,Fgfr2,General Signaling,Baccin2019:21710437;CellTalkDB:12121226
Ncam1,Gfra1,General Signaling,CellTalkDB:12837245;Cellinker:12837245;HPRD:12837245;LRdb:12837245;connectomeDB2020:12837245
Ncam1,Islr2,General Signaling,Cellinker:32589946
Ncam1,Nptn,General Signaling,
Ncam1,Ptprs,General Signaling,Cellinker:32589946
Ncam1,Ptprz1,General Signaling,Baccin2019:9117260;connectomeDB2020:9117260
Ncam1,Robo1,General Signaling,Baccin2019:16226035;CellTalkDB:16226035;Cellinker:16226035;LRdb:16226035;connectomeDB2020:16226035
Ncam1,Robo3,General Signaling,Baccin2019:16226035;Cellinker:16226035;HPMR:16226035;LRdb:16226035;connectomeDB2020:16226035
Ncan,Cdh2,General Signaling,CellTalkDB:32196115
Ncan,Sdc3,General Signaling,CellTalkDB:32196115
Ndp,Fzd4,General Signaling,Baccin2019:15035989;BioGRID:17955262;CellTalkDB:15035989;Cellinker:15035989;InnateDB:21856951;LRdb:15035989;SPIKE:20427659;SPIKE_LC:20427659;SignaLink3:21856951;SignaLink3:23180781;SignaLink3:24186977;connectomeDB2020:15035989
Ndp,Lgr4,General Signaling,Baccin2019:23444378;CellTalkDB:23444378;Cellinker:23444378;LRdb:23444378;connectomeDB2020:23444378
Ndp,Lrp5,General Signaling,SignaLink3:24186977
Nectin1,Fgfr1,General Signaling,Cellinker:22955284
Nectin1,Nectin1,General Signaling,
Nectin2,Cd96,General Signaling,Baccin2019:17971293;ICELLNET:27192565;connectomeDB2020:30888046
Nectin2,Nectin2,General Signaling,
Nectin2,Nectin3,General Signaling,Baccin2019:17823505;DIP:22902367;HPRD:12011057;IntAct:21982860;IntAct:23758976;LRdb:19011627;Lit-BM-17:21982860;Lit-BM-17:26186194;connectomeDB2020:11544254;connectomeDB2020:12011057
Nectin2,Nectin4,General Signaling,Cellinker:32589946;Lit-BM-17:21982860
Nectin2,Pvr,General Signaling,Cellinker:30759143
Nectin2,Pvrig,General Signaling,ICELLNET:26755705;connectomeDB2020:26755705;connectomeDB2020:30659054
Nectin3,Cadm1,General Signaling,Baccin2019:17823505;connectomeDB2020:22703826
Nectin3,Cadm3,General Signaling,Baccin2019:17823505;connectomeDB2020:15741237
Nectin3,Gucy2e,General Signaling,
Nectin3,Nectin1,General Signaling,CellChatDB:23027581;Cellinker:11544254;Cellinker:23027581;Cellinker:30759143;DIP:22902367;HPRD:12011057;Lit-BM-17:12011057;Lit-BM-17:21982860;Lit-BM-17:26186194;SPIKE_LC:12011057
Nectin4,Gucy2e,General Signaling,
Nectin4,Nectin1,General Signaling,
Nectin4,Nectin2,General Signaling,
Nectin4,Pvr,General Signaling,
Nectin4,Tigit,General Signaling,Cellinker:32589946;Lit-BM-17:21982860;connectomeDB2020:32503945
Negr1,Igsf9b,General Signaling,Cellinker:32822567
Negr1,Ntm,General Signaling,
Negr1,Opcml,General Signaling,
Negr1,Tnfrsf17,General Signaling,
Nell2,Robo3,General Signaling,DIP:26586761;connectomeDB2020:26586761
Neo1,Hjv,General Signaling,
Neo1,Rgmb,General Signaling,Baccin2019:23744777
Neto2,Fcrl1,General Signaling,Cellinker:32589946
Neto2,Il18r1,General Signaling,
Neto2,Lrrc4,General Signaling,
Nfasc,Nrcam,General Signaling,Cellinker:32822567;HPRD:11724816
Nfasc,Nrp2,General Signaling,
Ngf,Sort1,General Signaling,CellTalkDB:14985763;Cellinker:14985763;DIP:19122660;HPMR:14985763;HPRD:14985763;IntAct:14985763;IntAct:19122660;LRdb:14985763;Lit-BM-17:14985763;Lit-BM-17:19122660;connectomeDB2020:14985763
Nid1,Col13a1,General Signaling,Baccin2019:11956183;CellTalkDB:11956183;HPRD:11956183;LRdb:11956183;connectomeDB2020:11956183
Nid1,Itga3,General Signaling,CellTalkDB:32196115
Nid1,Itgav,General Signaling,CellTalkDB:9686320;Cellinker:9686320;HPRD:9686320;LRdb:9686320;connectomeDB2020:9686320
Nid1,Itgb1,General Signaling,CellTalkDB:32196115
Nid1,Itgb3,General Signaling,CellTalkDB:8831898;Cellinker:8831898;Cellinker:9686320;HPRD:8831898;HPRD:9686320;LRdb:8831898;LRdb:969;connectomeDB2020:8831898;connectomeDB2020:9686320
Nid1,Ptprf,General Signaling,Baccin2019:9647658;CellTalkDB:9647658;Cellinker:9647658;LRdb:9647658;connectomeDB2020:9647658
Nid2,Col13a1,General Signaling,Baccin2019:11956183;CellTalkDB:11956183;Cellinker:11956183;HPRD:11956183;LRdb:11956183;connectomeDB2020:11956183
Nlgn1,Nrxn1,General Signaling,Baccin2019:14522992;Baccin2019:8576240;BioGRID:12796785;BioGRID:14522992;BioGRID:8576240;CellTalkDB:8576240;Cellinker:14522992;Cellinker:8576240;HPRD:14522992;HPRD:8576240;LRdb:145;LRdb:8576240;SIGNOR:18923512;connectomeDB2020:14522992;connectomeDB2020:8576240
Nlgn1,Nrxn2,General Signaling,CellTalkDB:7736595;LRdb:7736595;Ramilowski2015:7736595;SIGNOR:18923512;connectomeDB2020:7736595;talklr:7736595
Nlgn1,Nrxn3,General Signaling,CellTalkDB:8576240;Cellinker:8576240;LRdb:8576240;SIGNOR:18923512;connectomeDB2020:8576240
Nlgn2,Mdga1,General Signaling,CellTalkDB:28641112
Nlgn2,Nrxn1,General Signaling,Baccin2019:85762408576240;CellTalkDB:8576240;Cellinker:8576240;HPRD:8576240;LRdb:8576240;SIGNOR:18923512;connectomeDB2020:8576240
Nlgn2,Nrxn2,General Signaling,CellTalkDB:8576240;Cellinker:8576240;LRdb:8576240;SIGNOR:18923512;connectomeDB2020:8576240
Nlgn2,Nrxn3,General Signaling,CellTalkDB:8576240;Cellinker:8576240;LRdb:8576240;SIGNOR:18923512;connectomeDB2020:8576240
Nlgn3,Cd2,General Signaling,
Nlgn3,Mdga1,General Signaling,Cellinker:32589946
Nlgn3,Nrxn1,General Signaling,Baccin2019:8576240;Baccin2019:9325340;CellTalkDB:8576240;Cellinker:8576240;Cellinker:9325340;HPRD:8576240;HPRD:9325340;LRdb:8576240;LRdb:933;SIGNOR:18923512;connectomeDB2020:8576240;connectomeDB2020:9325340
Nlgn3,Nrxn2,General Signaling,Baccin2019:85762408576240;CellTalkDB:8576240;Cellinker:8576240;HPRD:8576240;LRdb:8576240;SIGNOR:18923512;connectomeDB2020:8576240
Nlgn3,Nrxn3,General Signaling,CellTalkDB:8576240;HPRD:8576240;LRdb:8576240;SIGNOR:18923512;connectomeDB2020:8576240
Nmb,Brs3,General Signaling,ICELLNET:8383682;LRdb:9920658;Ramilowski2015:9920658;connectomeDB2020:9920658;talklr:9920658
Nmb,Grpr,General Signaling,Baccin2019:10454496;Baccin2019:1720612;Baccin2019:19463875;Baccin2019:21729729;Baccin2019:7838118;CellTalkDB:10454496;Cellinker:10454496;Cellinker:1720612;Cellinker:19463875;Cellinker:21729729;Cellinker:7838118;Guide2Pharma:10454496;Guide2Pharma:7838118;ICELLNET:1655761;LRdb:10454496;LRdb:1720612;LRdb:19463875;LRdb:21729729;LRdb:7838118;connectomeDB2020:10454496;connectomeDB2020:1720612;connectomeDB2020:19463875;connectomeDB2020:21729729;connectomeDB2020:7838118;scConnect:10454496;scConnect:19463875;scConnect:21729729;scConnect:7838118
Nms,Adra2a,General Signaling,CellTalkDB:32196115
Nms,Grm7,General Signaling,CellTalkDB:32196115
Nms,Mtnr1a,General Signaling,CellTalkDB:32196115
Nodal,Tdgf1,General Signaling,connectomeDB2020:28126904
Nog,Bmpr1a,General Signaling,SIGNOR:12478285;SIGNOR:22298955
Nog,Bmpr1b,General Signaling,SIGNOR:22298955
Nog,Bmpr2,General Signaling,SIGNOR:12478285;SIGNOR:22298955
Npb,Adra2a,General Signaling,CellTalkDB:32196115
Npb,Grm7,General Signaling,CellTalkDB:32196115
Npb,Mtnr1a,General Signaling,CellTalkDB:32196115
Npff,Mas1,General Signaling,
Nphs1,Trpc6,General Signaling,TRIP:15924139;TRIP:22155451
Nppa,Npr2,General Signaling,CellTalkDB:32103204;connectomeDB2020:1309330;connectomeDB2020:1660465;connectomeDB2020:1672777
Nppa,Npr3,General Signaling,Baccin2019:21697332169733;CellTalkDB:2169733;Cellinker:12488235;Cellinker:2169733;HPMR:2169733;HPRD:2169733;LRdb:2169733;Lit-BM-17:1309330;Lit-BM-17:1660465;Lit-BM-17:1672777;Lit-BM-17:16870210;SPIKE_LC:16713569;connectomeDB2020:2169733
Nppb,Dpp4,General Signaling,CellTalkDB:16254193;Cellinker:21314817
Nppb,Fap,General Signaling,Cellinker:21314817
Nppb,Npr2,General Signaling,Cellinker:2570358;HPMR:2570358;LRdb:2570358;connectomeDB2020:2570358
Nppb,Npr3,General Signaling,CellTalkDB:1309330;Cellinker:1309330;Cellinker:7901875;HPRD:1309330;HPRD:7901875;LRdb:1309330;LRdb:79;Lit-BM-17:1309330;Lit-BM-17:1660465;Lit-BM-17:1672777;Lit-BM-17:16870210;connectomeDB2020:1309330;connectomeDB2020:7901875
Nppc,Npr1,General Signaling,CellTalkDB:32103204
Nppc,Npr3,General Signaling,Baccin2019:11533490;Baccin2019:1309330;CellTalkDB:11533490;Cellinker:11533490;Cellinker:1309330;HPRD:11533490;HPRD:1309330;LRdb:11533490;LRdb:13;connectomeDB2020:11533490;connectomeDB2020:1309330
Nps,Adcyap1r1,General Signaling,CellTalkDB:32196115
Nps,Adrb2,General Signaling,CellTalkDB:32196115
Nps,Adrb3,General Signaling,CellTalkDB:32196115
Nps,Gpr20,General Signaling,CellTalkDB:32196115
Nps,Gpr84,General Signaling,CellTalkDB:32196115
Nps,Pth1r,General Signaling,CellTalkDB:32196115
Nps,Ramp2,General Signaling,CellTalkDB:32196115
Nps,Ramp3,General Signaling,CellTalkDB:32196115
Nps,Tshr,General Signaling,CellTalkDB:32196115
Nps,Vipr1,General Signaling,CellTalkDB:32196115
Nptx2,Nptxr,General Signaling,CellTalkDB:31969807;HPRD:10748068
Npw,Adra2a,General Signaling,CellTalkDB:32196115
Npw,Grm7,General Signaling,CellTalkDB:32196115
Npw,Mtnr1a,General Signaling,CellTalkDB:32196115
Npy,Fap,General Signaling,Baccin2019:26621486;CellTalkDB:21314817;Cellinker:21314817;LRdb:21314817;Ramilowski2015:21314817;connectomeDB2020:21314817;talklr:21314817
Npy,Mc4r,General Signaling,Baccin2019:12015205;Cellinker:12015205;HPRD:12015205;LRdb:12015205
Npy,Npffr2,General Signaling,Baccin2019:12609745;CellTalkDB:11325787;Cellinker:12609745;HPRD:12609745;LRdb:12609745;connectomeDB2020:12609745
Npy,Prlhr,General Signaling,Baccin2019:15885496;CellTalkDB:15885496;Cellinker:15885496;Guide2Pharma:15885496;LRdb:15885496;connectomeDB2020:15885496;scConnect:15885496
Nrg1,Egfr,General Signaling,BioGRID:7730382;CellTalkDB:32251632;Cellinker:30813222;Lit-BM-17:24658140;Lit-BM-17:25402006;Lit-BM-17:7730382
Nrg2,Lrrtm2,General Signaling,Cellinker:32822567
Nrg2,Mog,General Signaling,Cellinker:32589946
Nrg2,Mpig6b,General Signaling,Cellinker:32822567
Nrg2,Nrp2,General Signaling,Cellinker:32589946
Nrg3,Egfr,General Signaling,SignaLink3:23331499;SignaLink3:9772300
Nrg3,Erbb3,General Signaling,CellTalkDB:9772300
Nrg4,Egfr,General Signaling,CellTalkDB:32196115
Nrp1,Flt1,General Signaling,
Nrp1,Kdr,General Signaling,BioGRID:11948691;BioGRID:19857463;BioGRID:26037503;HPRD:11333271;HPRD:16763549;HPRD:17222790;SPIKE_LC:16763549;SPIKE_LC:17145710
Nrp1,Pdgfra,General Signaling,Cellinker:25744030
Nrp1,Pdgfrb,General Signaling,Cellinker:25744030
Nrp1,Plxna1,General Signaling,HPMR:10520994;HPMR:15121181;HPRD:10520994
Nrp1,Tnfrsf11b,General Signaling,
Nrtn,Gfra1,General Signaling,Baccin2019:91828039407096;CellTalkDB:9182803;Cellinker:9182803;Cellinker:9407096;HPRD:9407096;LRdb:9182803;LRdb:941;SIGNOR:9182803;connectomeDB2020:9182803;connectomeDB2020:9407096
Nrtn,Gfra3,General Signaling,CellTalkDB:32196115
Nrxn1,Vstm2b,General Signaling,Cellinker:32589946
Nrxn2,Fgfr4,General Signaling,
Nrxn2,Fgfrl1,General Signaling,Cellinker:32589946
Nrxn2,Igsf21,General Signaling,Cellinker:32589946
Nrxn2,Siglece,General Signaling,
Nrxn2,Siglecf,General Signaling,Cellinker:32589946
Nrxn2,Tnfrsf11b,General Signaling,
Nrxn2,Vstm2b,General Signaling,Cellinker:32589946
Nrxn3,Dag1,General Signaling,SIGNOR:22626542
Nrxn3,Fgfr4,General Signaling,
Nrxn3,Fgfrl1,General Signaling,Cellinker:32589946
Nrxn3,Tnfrsf11b,General Signaling,
Nt5e,Fcrl1,General Signaling,Cellinker:32589946
Ntf5,Ntrk1,General Signaling,Baccin2019:11114882;CellTalkDB:11114882;Cellinker:11114882;LRdb:11114882;SIGNOR:11114882;connectomeDB2020:11114882
Ntf5,Ntrk3,General Signaling,
Ntm,Amigo2,General Signaling,Cellinker:32589946
Ntm,Cd79b,General Signaling,
Ntm,Lrrc4c,General Signaling,Cellinker:32589946
Ntm,Lrrn3,General Signaling,Cellinker:32589946
Ntm,Negr1,General Signaling,Cellinker:32589946;Lit-BM-17:21982860
Ntm,Opcml,General Signaling,
Ntm,Stab1,General Signaling,
Ntm,Thsd7a,General Signaling,Cellinker:32589946
Ntm,Tnfrsf17,General Signaling,
Ntm,Vsig8,General Signaling,Cellinker:32589946
Ntn1,Adora2b,General Signaling,Baccin2019:11048721;CellTalkDB:11048721;HPRD:11048721;LRdb:11048721;connectomeDB2020:11048721
Ntn1,Neo1,General Signaling,Baccin2019:12636918;Baccin2019:8861902;CellTalkDB:8861902;Cellinker:12636918;Cellinker:8861902;HPRD:12636918;HPRD:8861902;LRdb:126;LRdb:8861902;SIGNOR:28245592;connectomeDB2020:12636918;connectomeDB2020:8861902
Ntn1,Unc5d,General Signaling,CellTalkDB:9126742;LRdb:9126742;Ramilowski2015:9126742;connectomeDB2020:9126742;talklr:9126742
Ntn3,Cdon,General Signaling,CellTalkDB:15520228;Cellinker:15520228;HPMR:15520228;LRdb:15520228;connectomeDB2020:15520228
Ntn3,Neo1,General Signaling,CellTalkDB:15520228;Cellinker:10366627;Cellinker:15520228;HPRD:10366627;LRdb:1;LRdb:15520228;SIGNOR:28245592;connectomeDB2020:10366627;connectomeDB2020:15520228
Ntn4,Dcc,General Signaling,Baccin2019:17174565;CellTalkDB:17174565;Cellinker:17174565;DIP:19721007;LRdb:17174565;connectomeDB2020:17174565
Ntn4,Unc5a,General Signaling,Baccin2019:17174565;CellTalkDB:17174565;Cellinker:17174565;LRdb:17174565;SIGNOR:12598531;connectomeDB2020:17174565
Ntng1,Cd300c,General Signaling,
Ntng1,Cd300c2,General Signaling,
Ntng1,Lrrc4c,General Signaling,Baccin2019:1459544314595440;BioGRID:21946559;CellTalkDB:14595443;HPMR:14595443;HPRD:14595443;IntAct:21946559;LRdb:14595443;Lit-BM-17:14595443;Lit-BM-17:21946559;SIGNOR:19467332;connectomeDB2020:14595443
Ntng1,Siglece,General Signaling,
Ntng1,Siglecf,General Signaling,Cellinker:32589946
Ntng2,Lrrc4,General Signaling,CellTalkDB:17973922;Cellinker:25411505;IntAct:21946559;LRdb:17973922;Lit-BM-17:21946559;Ramilowski2015:17973922;SIGNOR:19467332;connectomeDB2020:17973922;talklr:17973922
Ntng2,Lrrc4c,General Signaling,CellTalkDB:32196115
Nucb2,Erap1,General Signaling,CellTalkDB:32196115;InnateDB:16407280
Nxph1,Nrxn1,General Signaling,Baccin2019:8699246;Baccin2019:9856994;Cellinker:8699246;Cellinker:9856994;HPMR:9856994;HPRD:8699246;HPRD:9856994;LRdb:8699246;LRdb:9856994;SIGNOR:9856994;connectomeDB2020:8699246;connectomeDB2020:9856994
Nxph1,Nrxn2,General Signaling,Baccin2019:9856994;Cellinker:9856994;LRdb:9856994;connectomeDB2020:9856994
Nxph1,Nrxn3,General Signaling,Cellinker:9856994;LRdb:9856994;SIGNOR:9856994;connectomeDB2020:9856994
Nxph2,Nrxn1,General Signaling,Baccin2019:8699246;CellTalkDB:8699246;Cellinker:8699246;HPRD:8699246;LRdb:8699246;connectomeDB2020:8699246
Nxph3,Nrxn1,General Signaling,Baccin2019:98569949856994;Cellinker:9856994;HPRD:9856994;LRdb:9856994;connectomeDB2020:9856994
Nxph3,Nrxn2,General Signaling,Baccin2019:9856994;Cellinker:9856994;LRdb:9856994;connectomeDB2020:9856994
Nxph3,Nrxn3,General Signaling,Cellinker:9856994;LRdb:9856994;connectomeDB2020:9856994
Nyx,Trpm1,General Signaling,TRIP:21734298
Ocln,Cldn2,General Signaling,Cellinker:21098027
Ocln,Tgfbr1,General Signaling,Cellinker:17916321;HPRD:15761153
Ocln,Tgfbr2,General Signaling,Cellinker:17916321
Ogn,H2-Eb2,General Signaling,
Oit1,Fpr1,General Signaling,connectomeDB2020:29853563
Oit1,Fpr2,General Signaling,connectomeDB2020:29853563
Olfm2,Robo2,General Signaling,Cellinker:16169070;HPRD:16169070;LRdb:16169070;SPIKE_LC:16169070;SPIKE_LC:16713569
Omg,Lingo1,General Signaling,Baccin2019:14966521;CellTalkDB:14966521;Cellinker:14966521;HPMR:14966521;LRdb:14966521;SIGNOR:15694321;connectomeDB2020:14966521
Omg,Ngfr,General Signaling,CellTalkDB:32196115
Omg,Rtn4r,General Signaling,CellTalkDB:12068310;LRdb:12068310;Ramilowski2015:12068310;connectomeDB2020:12068310;talklr:12068310
Omg,Tnfrsf1b,General Signaling,Cellinker:14966521;LRdb:14966521;connectomeDB2020:14966521
Opcml,Negr1,General Signaling,Cellinker:32822567
Opcml,Ntm,General Signaling,Cellinker:32589946
Opcml,Opcml,General Signaling,
Orm1,Ccr5,General Signaling,
Orm3,Ccr5,General Signaling,
Oxt,Avpr1a,General Signaling,Baccin2019:10519430;Baccin2019:12660315;Baccin2019:8106369;Baccin2019:9264324;Baccin2019:9322919;Baccin2019:9334232;Baccin2019:9459574;Baccin2019:9884074;CellTalkDB:8106369;Cellinker:10519430;Cellinker:12660315;Cellinker:8106369;Cellinker:9264324;Cellinker:9322919;Cellinker:9334232;Cellinker:9459574;Cellinker:9884074;Guide2Pharma:10519430;Guide2Pharma:12660315;Guide2Pharma:8106369;Guide2Pharma:9264324;Guide2Pharma:9322919;Guide2Pharma:9334232;Guide2Pharma:9459574;Guide2Pharma:9884074;LRdb:10519430;LRdb:12660315;LRdb:8106369;LRdb:9264324;LRdb:9322919;LRdb:9334232;LRdb:9459574;LRdb:9884074;connectomeDB2020:10519430;connectomeDB2020:12660315;connectomeDB2020:8106369;connectomeDB2020:9264324;connectomeDB2020:9322919;connectomeDB2020:9334232;connectomeDB2020:9459574;connectomeDB2020:9884074;scConnect:10519430;scConnect:12660315;scConnect:8106369;scConnect:9264324;scConnect:9322919;scConnect:9334232;scConnect:9459574;scConnect:9884074
Oxt,Avpr1b,General Signaling,Baccin2019:16158071;Baccin2019:9264324;Baccin2019:9322919;Baccin2019:9459574;Baccin2019:9884074;CellTalkDB:16158071;Guide2Pharma:16158071;Guide2Pharma:9264324;Guide2Pharma:9322919;Guide2Pharma:9459574;Guide2Pharma:9884074;LRdb:16158071;LRdb:9264324;LRdb:9322919;LRdb:9459574;LRdb:9884074;connectomeDB2020:16158071;connectomeDB2020:9264324;connectomeDB2020:9322919;connectomeDB2020:9459574;connectomeDB2020:9884074;scConnect:16158071;scConnect:9264324;scConnect:9322919;scConnect:9459574;scConnect:9884074
Oxt,Avpr2,General Signaling,Baccin2019:12660315;Baccin2019:7774575;Baccin2019:9264324;Baccin2019:9322919;Baccin2019:9459574;Baccin2019:9884074;CellTalkDB:9884074;Guide2Pharma:12660315;Guide2Pharma:7774575;Guide2Pharma:9264324;Guide2Pharma:9322919;Guide2Pharma:9459574;Guide2Pharma:9884074;LRdb:12660315;LRdb:7774575;LRdb:9264324;LRdb:9322919;LRdb:9459574;LRdb:9884074;connectomeDB2020:12660315;connectomeDB2020:7774575;connectomeDB2020:9264324;connectomeDB2020:9322919;connectomeDB2020:9459574;connectomeDB2020:9884074;scConnect:12660315;scConnect:7774575;scConnect:9264324;scConnect:9322919;scConnect:9459574;scConnect:9884074
Pam,Dpp4,General Signaling,Cellinker:21314817
Pam,Fap,General Signaling,Cellinker:21314817
Pam,Fxyd1,General Signaling,HPRD-phos:18052119;HPRD:18052119
Papln,Cd200,General Signaling,Cellinker:32822567
Papln,Nectin4,General Signaling,
Papln,Sirpa,General Signaling,
Patj,Cldn1,General Signaling,Cellinker:12403818;DOMINO:12021270;HPRD:12021270;SPIKE_LC:12021270
Pcdh15,Tmc1,General Signaling,SIGNOR:25114259
Pcdh15,Tmc2,General Signaling,SIGNOR:25114259
Pcdha1,Itgb1,General Signaling,SIGNOR:16697637
Pcdha10,Itgb1,General Signaling,SIGNOR:16697637
Pcdha11,Itgb1,General Signaling,SIGNOR:16697637
Pcdha12,Itgb1,General Signaling,SIGNOR:16697637
Pcdha2,Itgb1,General Signaling,SIGNOR:16697637
Pcdha2,Pcdhga1,General Signaling,SIGNOR:16697637
Pcdha2,Pcdhga10,General Signaling,SIGNOR:16697637
Pcdha2,Pcdhga11,General Signaling,SIGNOR:16697637
Pcdha2,Pcdhga12,General Signaling,SIGNOR:16697637
Pcdha2,Pcdhga2,General Signaling,SIGNOR:16697637
Pcdha2,Pcdhga3,General Signaling,SIGNOR:16697637
Pcdha2,Pcdhga4,General Signaling,SIGNOR:16697637
Pcdha2,Pcdhga5,General Signaling,SIGNOR:16697637
Pcdha2,Pcdhga6,General Signaling,SIGNOR:16697637
Pcdha2,Pcdhga7,General Signaling,SIGNOR:16697637
Pcdha2,Pcdhga8,General Signaling,SIGNOR:16697637
Pcdha2,Pcdhga9,General Signaling,SIGNOR:16697637
Pcdha2,Pcdhgb1,General Signaling,SIGNOR:16697637
Pcdha2,Pcdhgb2,General Signaling,SIGNOR:16697637
Pcdha2,Pcdhgb4,General Signaling,SIGNOR:16697637
Pcdha2,Pcdhgb5,General Signaling,SIGNOR:16697637
Pcdha2,Pcdhgb6,General Signaling,SIGNOR:16697637
Pcdha2,Pcdhgb7,General Signaling,SIGNOR:16697637
Pcdha2,Pcdhgb8,General Signaling,SIGNOR:16697637
Pcdha2,Pcdhgc3,General Signaling,SIGNOR:16697637
Pcdha2,Pcdhgc4,General Signaling,SIGNOR:16697637
Pcdha2,Pcdhgc5,General Signaling,SIGNOR:16697637
Pcdha3,Itgb1,General Signaling,SIGNOR:16697637
Pcdha4,Itgb1,General Signaling,SIGNOR:16697637
Pcdha5,Itgb1,General Signaling,SIGNOR:16697637
Pcdha6,Itgb1,General Signaling,SIGNOR:16697637
Pcdha7,Itgb1,General Signaling,SIGNOR:16697637
Pcdha8,Itgb1,General Signaling,SIGNOR:16697637
Pcdha9,Itgb1,General Signaling,SIGNOR:16697637
Pcdha9,Pcdhga1,General Signaling,SIGNOR:16697637
Pcdha9,Pcdhga10,General Signaling,SIGNOR:16697637
Pcdha9,Pcdhga11,General Signaling,SIGNOR:16697637
Pcdha9,Pcdhga12,General Signaling,SIGNOR:16697637
Pcdha9,Pcdhga2,General Signaling,SIGNOR:16697637
Pcdha9,Pcdhga3,General Signaling,SIGNOR:16697637
Pcdha9,Pcdhga4,General Signaling,SIGNOR:16697637
Pcdha9,Pcdhga5,General Signaling,SIGNOR:16697637
Pcdha9,Pcdhga6,General Signaling,SIGNOR:16697637
Pcdha9,Pcdhga7,General Signaling,SIGNOR:16697637
Pcdha9,Pcdhga8,General Signaling,SIGNOR:16697637
Pcdha9,Pcdhga9,General Signaling,SIGNOR:16697637
Pcdha9,Pcdhgb1,General Signaling,SIGNOR:16697637
Pcdha9,Pcdhgb2,General Signaling,SIGNOR:16697637
Pcdha9,Pcdhgb4,General Signaling,SIGNOR:16697637
Pcdha9,Pcdhgb5,General Signaling,SIGNOR:16697637
Pcdha9,Pcdhgb6,General Signaling,SIGNOR:16697637
Pcdha9,Pcdhgb7,General Signaling,SIGNOR:16697637
Pcdha9,Pcdhgb8,General Signaling,SIGNOR:16697637
Pcdha9,Pcdhgc3,General Signaling,SIGNOR:16697637
Pcdha9,Pcdhgc4,General Signaling,SIGNOR:16697637
Pcdha9,Pcdhgc5,General Signaling,SIGNOR:16697637
Pcdhb3,Igsf11,General Signaling,Cellinker:32589946
Pcdhgb6,Il4ra,General Signaling,
Pcdhgb6,Plxdc1,General Signaling,Cellinker:32589946
Pcsk9,Aplp2,General Signaling,CellTalkDB:28495363
Pcsk9,Cd36,General Signaling,Cellinker:29209441
Pcsk9,Cd81,General Signaling,Cellinker:29209441
Pcsk9,Ldlr,General Signaling,CellTalkDB:18250299;Cellinker:29209441;DIP:18250299;DIP:18753623;HPRD:17435765;IntAct:18250299;IntAct:18753623;IntAct:22081141;Lit-BM-17:18250299;Lit-BM-17:18753623;Lit-BM-17:22081141;Lit-BM-17:23085658;Lit-BM-17:25613181
Pcsk9,Lrp1,General Signaling,CellTalkDB:28495363
Pcsk9,Lrp8,General Signaling,Cellinker:29209441
Pcsk9,Sort1,General Signaling,CellTalkDB:24506872
Pcsk9,Vldlr,General Signaling,CellTalkDB:17452316;Cellinker:29209441;LRdb:17452316;Ramilowski2015:17452316;connectomeDB2020:17452316;talklr:17452316
Pdcd1lg2,Rgmb,General Signaling,connectomeDB2020:24752301
Pdcd1lg2,Tnfrsf11a,General Signaling,
Pdgfa,Furin,General Signaling,HPRD-phos:12670890;HPRD:12670890
Pdgfb,Lrp1,General Signaling,CellTalkDB:11854294;Cellinker:11854294;HPRD:11854294;LRdb:11854294;connectomeDB2020:11854294
Pdgfc,Flt1,General Signaling,CellTalkDB:32196115
Pdgfc,Flt4,General Signaling,
Pdgfc,Kdr,General Signaling,
Pdgfc,Pdgfrb,General Signaling,Baccin2019:19795151;CellTalkDB:32196115;SignaLink3:11297552;SignaLink3:23331499;connectomeDB2020:19795151
Pdgfd,Pdgfra,General Signaling,CellTalkDB:32196115
Pdpn,Clec1b,General Signaling,DIP:25458834;connectomeDB2020:29853539
Pecam1,Itgav,General Signaling,
Pecam1,Itgb3,General Signaling,
Penk,Adra2a,General Signaling,CellTalkDB:32196115
Penk,Grm7,General Signaling,CellTalkDB:32196115
Penk,Mrgpra1,General Signaling,
Penk,Mrgpra2a,General Signaling,
Penk,Mrgpra2b,General Signaling,
Penk,Mrgpra3,General Signaling,
Penk,Mrgpra4,General Signaling,
Penk,Mrgpra6,General Signaling,
Penk,Mrgpra9,General Signaling,
Penk,Mrgprb1,General Signaling,
Penk,Mrgprb2,General Signaling,CellTalkDB:15163697;Cellinker:11850634;Cellinker:15163697;Cellinker:23396314;Guide2Pharma:11850634;Guide2Pharma:15163697;Guide2Pharma:23396314;LRdb:11850634;LRdb:15163697;LRdb:23396314;connectomeDB2020:11850634;connectomeDB2020:15163697;connectomeDB2020:23396314;scConnect:11850634;scConnect:15163697;scConnect:23396314
Penk,Mrgprb3,General Signaling,
Penk,Mrgprb4,General Signaling,
Penk,Mrgprb5,General Signaling,
Penk,Mrgprb8,General Signaling,
Penk,Mrgprx1,General Signaling,Baccin2019:11850634;Baccin2019:15163697;Baccin2019:23396314
Penk,Mrgprx2,General Signaling,
Penk,Mtnr1a,General Signaling,CellTalkDB:32196115
Penk,Ogfr,General Signaling,Baccin2019:16820893;CellTalkDB:16820893;Cellinker:16820893;HPMR:16820893;LRdb:16820893;connectomeDB2020:16820893
Pf4,Ackr1,General Signaling,CellTalkDB:32103204;InnateDB:8132497
Pf4,Fgfr2,General Signaling,Baccin2019:9558385;CellTalkDB:9558385;Cellinker:9558385;LRdb:9558385;connectomeDB2020:9558385
Pf4,Ldlr,General Signaling,Baccin2019:1198621511986210;CellTalkDB:11986215;Cellinker:11986215;HPRD:11986215;LRdb:11986215;connectomeDB2020:11986215
Pf4,Procr,General Signaling,Baccin2019:9395524;CellTalkDB:9395524;Cellinker:9395524;LRdb:9395524;connectomeDB2020:9395524
Pf4,Sdc2,General Signaling,Baccin2019:7524669;CellTalkDB:7524669;Cellinker:7524669;HPRD:7524669;LRdb:7524669;connectomeDB2020:7524669
Pf4,Thbd,General Signaling,Baccin2019:93955249395524;CellTalkDB:9395524;Cellinker:9395524;HPMR:9395524;HPRD:9395524;LRdb:9395524;connectomeDB2020:9395524
Pgf,Kdr,General Signaling,
Pgf,Nrp1,General Signaling,Baccin2019:1198631111986310;CellTalkDB:11986311;Cellinker:11986311;HPRD:11986311;ICELLNET:9712843;LRdb:11986311;SPIKE_LC:16189514;connectomeDB2020:11986311
Pgf,Nrp2,General Signaling,CellTalkDB:10748121;Cellinker:10748121;HPRD:10748121;ICELLNET:12613545;LRdb:10748121;SPIKE_LC:16189514;connectomeDB2020:10748121
Pglyrp1,Trem1,General Signaling,InnateDB:25595774;connectomeDB2020:25595774
Pi16,Mfap3l,General Signaling,Cellinker:32589946
Pi16,Tnfrsf21,General Signaling,Cellinker:32589946
Piga,Pigr,General Signaling,CellTalkDB:17237408
Pip,Aqp5,General Signaling,CellTalkDB:18696337
Pip,Cd4,General Signaling,Baccin2019:10820003;CellTalkDB:10820003;Cellinker:10820003;HPRD:10820003;InnateDB:10820003;LRdb:10820003;SPIKE_LC:16189514;connectomeDB2020:10820003
Pip,Nptn,General Signaling,CellTalkDB:32196115
Pira1,Cntfr,General Signaling,
Pira1,Lair1,General Signaling,
Pira12,Cntfr,General Signaling,
Pira12,Lair1,General Signaling,
Pira13,Cntfr,General Signaling,
Pira13,Lair1,General Signaling,
Pira2,Cntfr,General Signaling,
Pira2,Lair1,General Signaling,
Pirb,Cntfr,General Signaling,
Pirb,Lair1,General Signaling,
Pla2g10,Pla2r1,General Signaling,Baccin2019:10922494;Baccin2019:11019817;Cellinker:10922494;Cellinker:11019817;HPRD:10922494;HPRD:11019817;LRdb:11;LRdb:11019817;connectomeDB2020:10922494;connectomeDB2020:11019817
Pla2g2a,Egfr,General Signaling,Cellinker:28440478
Pla2g2a,Erbb3,General Signaling,Cellinker:28440478
Pla2g2a,Itga4,General Signaling,connectomeDB2020:25398877
Pla2g2a,Itga5,General Signaling,connectomeDB2020:25398877
Pla2g2a,Itgav,General Signaling,connectomeDB2020:25398877
Pla2g2a,Itgb1,General Signaling,connectomeDB2020:25398877
Pla2g2a,Itgb3,General Signaling,connectomeDB2020:25398877
Plat,Gm49368,General Signaling,
Plat,Itgam,General Signaling,CellTalkDB:22677557
Plat,Itgb2,General Signaling,CellTalkDB:32196115
Plat,Itgb2l,General Signaling,
Plat,Lrp1,General Signaling,BioGRID:10632583;BioGRID:1502153;CellTalkDB:10632583;Cellinker:10632583;Cellinker:11560943;Cellinker:1502153;HPRD:10632583;HPRD:1502153;LRdb:10632583;LRdb:11560943;LRdb:1502153;ProtMapper:25879083;connectomeDB2020:10632583;connectomeDB2020:11560943;connectomeDB2020:1502153
Plau,Igf2r,General Signaling,CellTalkDB:9566979;Cellinker:9566979;HPRD:9566979;LRdb:9566979;connectomeDB2020:9566979
Plau,Lrp1,General Signaling,CellTalkDB:11560943;Cellinker:11560943;LRdb:11560943;connectomeDB2020:11560943
Plau,Lrp2,General Signaling,Baccin2019:8344937;CellTalkDB:8344937;Cellinker:8344937;HPRD:8344937;LRdb:8344937;SPIKE_LC:16713569;connectomeDB2020:8344937
Plau,St14,General Signaling,Baccin2019:10962009;Cellinker:10962009;HPRD:10962009;LRdb:10962009;connectomeDB2020:10962009
Plb1,Igdcc4,General Signaling,
Plekho2,Pdgfrb,General Signaling,
Plg,F2r,General Signaling,Baccin2019:10978167;CellTalkDB:10978167;HPRD:10978167;LRdb:10978167;SIGNOR:10978167;connectomeDB2020:10978167
Plg,F2rl1,General Signaling,Baccin2019:10978167;Baccin2019:12604689;Baccin2019:9020112;CellTalkDB:12604689;Cellinker:10978167;Cellinker:12604689;Cellinker:9020112;HPRD-phos:10978167;HPRD-phos:12604689;HPRD-phos:9020112;HPRD:10978167;HPRD:12604689;HPRD:9020112;LRdb:10978167;LRdb:12604689;LRdb:9020112;connectomeDB2020:10978167;connectomeDB2020:12604689;connectomeDB2020:9020112
Plg,F3,General Signaling,Baccin2019:9490681;Cellinker:9490681;HPRD:9490681;LRdb:9490681;connectomeDB2020:9490681
Plg,Itga9,General Signaling,CellTalkDB:15247268;Cellinker:15247268;HPMR:15247268;LRdb:15247268;connectomeDB2020:15247268
Plg,Itgb1,General Signaling,CellTalkDB:15247268;Cellinker:15247268;LRdb:15247268;connectomeDB2020:15247268
Plg,Plat,General Signaling,HPRD:11928826;SIGNOR:1447176
Plg,Plau,General Signaling,HPRD:2829380;HPRD:3920216;HPRD:4226004
Plg,Plgrkt,General Signaling,CellTalkDB:19897580;Cellinker:19897580;LRdb:19897580;Ramilowski2015:19897580;connectomeDB2020:19897580;talklr:19897580
Pltp,Abca1,General Signaling,CellTalkDB:14559902;Cellinker:14559902;HPRD:14559902;ICELLNET:14559902;LRdb:14559902;connectomeDB2020:14559902
Pltp,Apoa1,General Signaling,HPRD:11854286
Plxna1,Notch1,General Signaling,HPRD:12050162;LRdb:12;LRdb:15906253;SPIKE:12050162;SPIKE:16713569;SPIKE_LC:12050162;SPIKE_LC:16713569
Plxna1,Trem2,General Signaling,Cellinker:28432014
Plxna1,Tyrobp,General Signaling,Cellinker:16715077
Plxna2,Sema6a,General Signaling,Baccin2019:24917502
Podxl,Sell,General Signaling,CellTalkDB:9625756;HPRD:9625756;LRdb:9625756;connectomeDB2020:9625756
Podxl2,Sell,General Signaling,Baccin2019:1288947812889470;Cellinker:12889478;HPRD:12889478;LRdb:12889478;connectomeDB2020:12889478
Postn,Ptk7,General Signaling,connectomeDB2020:30348980
Ppbp,Ackr1,General Signaling,CellTalkDB:10699158;ICELLNET:22633458;LRdb:10699158
Ppbp,Adra2a,General Signaling,CellTalkDB:32196115
Ppbp,Cxcr1,General Signaling,CellTalkDB:1427896;Cellinker:1427896;Cellinker:8137938;Cellinker:8195702;DIP:8702798;HPRD:1427896;HPRD:8195702;ICELLNET:22633458;ICELLNET:24335961;LRdb:1427896;LRdb:8137938;LRdb:8195702;SPIKE_LC:16189514;connectomeDB2020:1427896;connectomeDB2020:8137938;connectomeDB2020:8195702
Ppbp,Grm7,General Signaling,CellTalkDB:32196115
Ppbp,Mtnr1a,General Signaling,CellTalkDB:32196115
Ppbp,Oprd1,General Signaling,SIGNOR:9686407
Ppbp,Oprm1,General Signaling,SIGNOR:9686407
Ppy,Adra2a,General Signaling,CellTalkDB:32196115
Ppy,Grm7,General Signaling,CellTalkDB:32196115
Ppy,Mtnr1a,General Signaling,CellTalkDB:32196115
Ppy,Npffr1,General Signaling,
Ppy,Npffr2,General Signaling,
Prg4,Cd44,General Signaling,CellTalkDB:30157934
Prg4,Tlr2,General Signaling,connectomeDB2020:26643105
Prg4,Tlr4,General Signaling,connectomeDB2020:26643105
Prl,Erbb2,General Signaling,Cellinker:22270933
Prl2a1,Erbb2,General Signaling,
Prl2a1,Prlr,General Signaling,
Prl2b1,Erbb2,General Signaling,
Prl2b1,Prlr,General Signaling,
Prl2c1,Erbb2,General Signaling,
Prl2c1,Prlr,General Signaling,
Prl2c2,Erbb2,General Signaling,
Prl2c2,Prlr,General Signaling,
Prl2c3,Erbb2,General Signaling,
Prl2c3,Prlr,General Signaling,
Prl2c5,Erbb2,General Signaling,
Prl2c5,Prlr,General Signaling,
Prl3a1,Erbb2,General Signaling,
Prl3a1,Prlr,General Signaling,
Prl3b1,Erbb2,General Signaling,
Prl3b1,Prlr,General Signaling,
Prl3c1,Erbb2,General Signaling,
Prl3c1,Prlr,General Signaling,
Prl3d1,Erbb2,General Signaling,
Prl3d1,Prlr,General Signaling,
Prl3d2,Erbb2,General Signaling,
Prl3d2,Prlr,General Signaling,
Prl3d3,Erbb2,General Signaling,
Prl3d3,Prlr,General Signaling,
Prl4a1,Erbb2,General Signaling,
Prl4a1,Prlr,General Signaling,
Prl5a1,Erbb2,General Signaling,
Prl5a1,Prlr,General Signaling,
Prl6a1,Erbb2,General Signaling,
Prl6a1,Prlr,General Signaling,
Prl7a1,Erbb2,General Signaling,
Prl7a1,Prlr,General Signaling,
Prl7a2,Erbb2,General Signaling,
Prl7a2,Prlr,General Signaling,
Prl7b1,Erbb2,General Signaling,
Prl7b1,Prlr,General Signaling,
Prl7c1,Erbb2,General Signaling,
Prl7c1,Prlr,General Signaling,
Prl7d1,Erbb2,General Signaling,
Prl7d1,Prlr,General Signaling,
Prl8a1,Erbb2,General Signaling,
Prl8a1,Prlr,General Signaling,
Prl8a2,Erbb2,General Signaling,
Prl8a2,Prlr,General Signaling,
Prl8a6,Erbb2,General Signaling,
Prl8a6,Prlr,General Signaling,
Prl8a8,Erbb2,General Signaling,
Prl8a8,Prlr,General Signaling,
Prl8a9,Erbb2,General Signaling,
Prl8a9,Prlr,General Signaling,
Prn,Rpsa,General Signaling,
Prnd,Rpsa,General Signaling,Baccin2019:1524687315246870;Cellinker:15246873;HPRD:15246873;LRdb:15246873;connectomeDB2020:15246873
Prnp,Ncam1,General Signaling,HPRD:15146195;SPIKE_LC:16713569
Prnp,Tnfrsf25,General Signaling,Cellinker:32589946
Proc,F5,General Signaling,HPRD:10026263;HPRD:1615482;HPRD:7989361;SIGNOR:29880919;SIGNOR:7989361
Proc,F7,General Signaling,SIGNOR:29880919
Proc,F8,General Signaling,HPRD:1761551;HPRD:1939075;SPIKE_LC:16189514
Proc,Gm49368,General Signaling,
Proc,Itgam,General Signaling,CellTalkDB:28408624
Proc,Itgb2,General Signaling,CellTalkDB:28408624
Proc,Itgb2l,General Signaling,
Proc,Tek,General Signaling,connectomeDB2020:28005151
Proc,Thbd,General Signaling,Baccin2019:11106601;Baccin2019:12588872;CellTalkDB:11106601;Cellinker:11106601;Cellinker:12588872;HPRD:11106601;HPRD:12588872;LRdb:11106601;LRdb:13;connectomeDB2020:11106601;connectomeDB2020:12588872
Pros1,F5,General Signaling,BioGRID:10593904;BioGRID:8428962;HPRD:10593904;HPRD:8428962
Pros1,F8,General Signaling,HPRD:7620160;SPIKE_LC:16189514
Pros1,Proc,General Signaling,HPRD:1615482;HPRD:2461936;SPIKE_LC:16189514
Prrg4,Cadm4,General Signaling,Cellinker:32589946
Prss1,F2r,General Signaling,
Prss1,F2rl1,General Signaling,
Prss1,F2rl2,General Signaling,
Prss1,F2rl3,General Signaling,
Prss3,F2r,General Signaling,
Prss3,F2rl1,General Signaling,
Prss3,F2rl2,General Signaling,
Prss3,F2rl3,General Signaling,
Prss55,Lrrc4,General Signaling,
Psap,Celsr1,General Signaling,Baccin2019:16169070;Cellinker:16169070;HPRD:16169070;LRdb:16169070;SPIKE_LC:16169070;SPIKE_LC:16713569
Psap,Lrp1,General Signaling,Baccin2019:9707421;CellTalkDB:9707421;Cellinker:9707421;LRdb:9707421;connectomeDB2020:9707421
Psap,Sort1,General Signaling,CellTalkDB:32196115
Psen1,Cdh1,General Signaling,BioGRID:10635315;HPRD:10635315;HPRD:11226248;HPRD:11953314;InnateDB:16126725;SPIKE:11226248;SPIKE:11953314;SPIKE_LC:11226248;SPIKE_LC:11953314
Psen1,Ncstn,General Signaling,CellTalkDB:10993067;Cellinker:10993067;Cellinker:12603837;HPMR:10993067;HPRD:10993067;HPRD:12603837;IntAct:18201567;LRdb:10993067;LRdb:13;SPIKE_LC:17145710;SPIKE_LC:18201567;connectomeDB2020:10993067;connectomeDB2020:12603837
Psen1,Notch1,General Signaling,BioGRID:10077672;CellTalkDB:10077672;Cellinker:10077672;Cellinker:10206645;Cellinker:12374741;HPRD:10077672;HPRD:10206645;HPRD:12374741;LRdb:10077672;LRdb:10206645;LRdb:12374741;NetPath:10077672;SIGNOR:10593990;SPIKE:10077672;SPIKE:16713569;SPIKE_LC:10077672;SPIKE_LC:16713569;connectomeDB2020:10077672;connectomeDB2020:10206645;connectomeDB2020:12374741
Psen1,Notch2,General Signaling,Cellinker:11518718;HPRD:11518718;LRdb:11518718;NetPath:11518718;SPIKE:11518718;SPIKE_LC:11518718;connectomeDB2020:11518718
Psen1,Notch3,General Signaling,HPRD:11518718;LRdb:11518718;NetPath:11518718;SPIKE:11518718;SPIKE_LC:11518718;connectomeDB2020:11518718
Psen1,Notch4,General Signaling,Cellinker:11518718;HPRD:11518718;LRdb:11518718;NetPath:11518718;SPIKE:11518718;SPIKE_LC:11518718;connectomeDB2020:11518718
Psen1,Psen1,General Signaling,
Psg16,Lilra6,General Signaling,
Psg17,Lilra6,General Signaling,
Psg18,Lilra6,General Signaling,
Psg19,Lilra6,General Signaling,
Psg20,Lilra6,General Signaling,
Psg21,Lilra6,General Signaling,
Psg22,Lilra6,General Signaling,
Psg23,Lilra6,General Signaling,
Psg25,Lilra6,General Signaling,
Psg26,Lilra6,General Signaling,
Psg27,Lilra6,General Signaling,
Psg28,Lilra6,General Signaling,
Psg29,Lilra6,General Signaling,
Pspn,Gfra1,General Signaling,CellTalkDB:20350599;Cellinker:20350599;LRdb:20350599;Ramilowski2015:20350599;connectomeDB2020:20350599;talklr:20350599
Pspn,Gfra2,General Signaling,CellTalkDB:32196115
Pspn,Gfra3,General Signaling,CellTalkDB:32196115
Pspn,Sdc3,General Signaling,CellTalkDB:32196115
Ptdss1,Jmjd6,General Signaling,Baccin2019:10811223;HPMR:10811223;LRdb:10811223;connectomeDB2020:10811223
Ptdss1,Scarb1,General Signaling,Baccin2019:8999945;HPMR:12016218;HPMR:8999945;LRdb:8999945;connectomeDB2020:8999945
Ptgfrn,Sgcg,General Signaling,Cellinker:32589946
Ptgfrn,Tmem59l,General Signaling,Cellinker:32589946
Ptgs2,Ptgdr2,General Signaling,Baccin2019:11208866;CellTalkDB:11208866;LRdb:11208866;connectomeDB2020:11208866
Pth,Adcyap1r1,General Signaling,CellTalkDB:32196115
Pth,Adrb2,General Signaling,CellTalkDB:32196115
Pth,Adrb3,General Signaling,CellTalkDB:32196115
Pth,Gpr20,General Signaling,CellTalkDB:32196115
Pth,Gpr84,General Signaling,CellTalkDB:32196115
Pth,Lrp6,General Signaling,CellTalkDB:22589223;ProtMapper:19884009
Pth,Ramp2,General Signaling,CellTalkDB:32196115
Pth,Ramp3,General Signaling,CellTalkDB:32196115
Pth,Tshr,General Signaling,CellTalkDB:32196115
Pth,Vipr1,General Signaling,CellTalkDB:32196115
Pth2,Adcyap1r1,General Signaling,CellTalkDB:32196115
Pth2,Adrb2,General Signaling,CellTalkDB:32196115
Pth2,Adrb3,General Signaling,CellTalkDB:32196115
Pth2,Gpr20,General Signaling,CellTalkDB:32196115
Pth2,Gpr84,General Signaling,CellTalkDB:32196115
Pth2,Ramp2,General Signaling,CellTalkDB:32196115
Pth2,Ramp3,General Signaling,CellTalkDB:12446722
Pth2,Tshr,General Signaling,CellTalkDB:32196115
Pth2,Vipr1,General Signaling,CellTalkDB:32196115
Pthlh,Adcyap1r1,General Signaling,CellTalkDB:32196115
Pthlh,Adrb2,General Signaling,CellTalkDB:32196115
Pthlh,Adrb3,General Signaling,CellTalkDB:32196115
Pthlh,Gpr20,General Signaling,CellTalkDB:32196115
Pthlh,Gpr84,General Signaling,CellTalkDB:32196115
Pthlh,Prlhr,General Signaling,
Pthlh,Pth2r,General Signaling,Baccin2019:8702701;CellTalkDB:8702701;Cellinker:8702701;Guide2Pharma:8702701;ICELLNET:8702701;LRdb:8702701;connectomeDB2020:8702701;scConnect:8702701
Pthlh,Ramp2,General Signaling,CellTalkDB:32196115
Pthlh,Ramp3,General Signaling,CellTalkDB:32196115
Pthlh,Tshr,General Signaling,CellTalkDB:32196115
Pthlh,Vipr1,General Signaling,CellTalkDB:32196115
Ptn,Cdh10,General Signaling,Baccin2019:16169070;Cellinker:16169070;HPRD:16169070;LRdb:16169070;SPIKE_LC:16169070;SPIKE_LC:16713569
Ptn,Plxnb2,General Signaling,Cellinker:16169070;HPRD:16169070;LRdb:16169070;SPIKE_LC:16169070;SPIKE_LC:16713569;connectomeDB2020:16169070
Ptn,Ptprb,General Signaling,CellTalkDB:26198319;Ramilowski2015:22839765;SPIKE_LC:16713569;connectomeDB2020:22839765;talklr:22839765
Ptn,Ptprs,General Signaling,CellTalkDB:16169070;Cellinker:16169070;HPRD:16169070;LRdb:16169070;SPIKE_LC:16169070;SPIKE_LC:16713569;connectomeDB2020:16169070
Ptprc,Cd247,General Signaling,DEPOD:7526385;HPRD:7526385
Ptprc,Cd4,General Signaling,HPRD:1834739
Ptprc,Dpp4,General Signaling,Cellinker:26671446;DIP:1680916;HPRD:1680916
Ptprk,Egfr,General Signaling,DEPOD:16263724;ProtMapper:16263724;SIGNOR:16263724
Ptprm,Cdh1,General Signaling,DIP:7642713;HPRD:15588985;HPRD:7642713;HPRD:9531566
Ptprm,Siglecg,General Signaling,
Ptprz1,Alk,General Signaling,HPRD:17681947;SIGNOR:17681947;SignaLink3:17681947;SignaLink3:23331499
Ptprz1,Cntn1,General Signaling,Cellinker:20133774;DIP:21969550;HPMR:9118959;IntAct:21969550
Ptprz1,Ncam1,General Signaling,Baccin2019:9117260;connectomeDB2020:9117260
Ptprz1,Ntrk1,General Signaling,DEPOD:18477627
Pvr,Cd96,General Signaling,HPRD:19056733;ICELLNET:9626554;LRdb:24658051;connectomeDB2020:17971293
Pvr,Nectin3,General Signaling,DIP:22902367;HPMR:12759359;HPRD:12759359;LRdb:19011627;SPIKE_LC:16189514;connectomeDB2020:11544254;connectomeDB2020:12011057
Pvr,Nectin4,General Signaling,Cellinker:32589946
Pvr,Pvrig,General Signaling,connectomeDB2020:30659055
Pyy,Dpp4,General Signaling,CellTalkDB:30759373;Cellinker:21314817
Pyy,Fap,General Signaling,CellTalkDB:21314817;Cellinker:21314817;LRdb:21314817;Ramilowski2015:21314817;connectomeDB2020:21314817;talklr:21314817
Qrfp,P2ry14,General Signaling,Baccin2019:12714592;Cellinker:12714592;LRdb:12714592;connectomeDB2020:12714592
Qrfp,Qrfprl,General Signaling,
Rarres1,Nrp2,General Signaling,Cellinker:32589946
Rarres2,Ccrl2,General Signaling,Baccin2019:24671882;CellTalkDB:18794339;Cellinker:18794339;ICELLNET:14675762;LRdb:18794339;Ramilowski2015:18794339;connectomeDB2020:18794339;talklr:18794339
Rarres2,Gpr1,General Signaling,
Rbp3,Notch1,General Signaling,Baccin2019:11511084;HPRD:11511084;LRdb:11511084;connectomeDB2020:11511084
Reck,Mmp9,General Signaling,HPRD:9789069
Reck,Tigit,General Signaling,Cellinker:32589946
Ren1,Atp6ap2,General Signaling,Baccin2019:1204525512045250;CellTalkDB:12045255;Cellinker:12045255;HPMR:12045255;HPRD:12045255;LRdb:12045255;SIGNOR:12045255;connectomeDB2020:12045255
Ret,Gfra1,General Signaling,BioGRID:9192898;Cellinker:9883723;HPMR:11106404;HPMR:14514671;HPRD:10774729;SIGNOR:10829012;SPIKE_LC:16189514;SignaLink3:10829012;SignaLink3:23331499
Ret,Gfra2,General Signaling,Cellinker:9883723;HPMR:9182803;HPMR:9192898
Ret,Gfra3,General Signaling,Cellinker:9883723;HPMR:9883723
Ret,Gfra4,General Signaling,Cellinker:9883723;HPMR:11116144
Retn,Gpr25,General Signaling,CellTalkDB:32103204
Rgma,Bmpr1b,General Signaling,CellTalkDB:32196115
Rgma,Bmpr2,General Signaling,CellTalkDB:32196115
Rgma,Hjv,General Signaling,
Rgma,Neo1,General Signaling,Baccin2019:15258590;Cellinker:15258590;HPMR:15258590;LRdb:15258590;SIGNOR:18485097;connectomeDB2020:15258590
Rgma,Tfr2,General Signaling,CellTalkDB:22728873
Robo1,Ncam1,General Signaling,
Rps19,C5ar1,General Signaling,Guide2Pharma:11107061;HPRD:11733378;LRdb:11107061;LRdb:12;SPIKE_LC:16189514;connectomeDB2020:11107061;connectomeDB2020:11733378;scConnect:11107061
Rspo1,Fzd8,General Signaling,CellTalkDB:32196115;NetPath:17976036
Rspo1,Lgr4,General Signaling,Baccin2019:2169364621693640;BioGRID:24225776;CellTalkDB:21693646;Cellinker:21693646;Cellinker:24349440;Guide2Pharma:21693646;LRdb:21693646;Lit-BM-17:24050775;Lit-BM-17:24165923;Lit-BM-17:24225776;Lit-BM-17:25504990;connectomeDB2020:21693646;scConnect:21693646
Rspo1,Lgr5,General Signaling,Baccin2019:2169364621693640;CellTalkDB:21693646;Cellinker:21693646;Cellinker:24349440;Guide2Pharma:21693646;LRdb:21693646;connectomeDB2020:21693646;scConnect:21693646
Rspo1,Lgr6,General Signaling,Baccin2019:21693646;Baccin2019:21727895;CellTalkDB:21727895;Cellinker:21693646;Cellinker:21727895;Cellinker:24349440;Guide2Pharma:21693646;Guide2Pharma:21727895;LRdb:21727895;LRdb:22;connectomeDB2020:21693646;connectomeDB2020:21727895;scConnect:21693646;scConnect:21727895
Rspo1,Lrp6,General Signaling,ACSN:17804805;Baccin2019:18400942;CellTalkDB:18400942;Cellinker:18400942;LRdb:18400942;NetPath:17976036;connectomeDB2020:18400942
Rspo1,Rnf43,General Signaling,BioGRID:23756651;Cellinker:29405118
Rspo2,Fzd4,General Signaling,SIGNOR:22575959
Rspo2,Lgr4,General Signaling,Baccin2019:2169364621693640;CellTalkDB:21693646;Cellinker:21693646;Cellinker:29769720;Guide2Pharma:21693646;LRdb:21693646;Lit-BM-17:24050775;Lit-BM-17:25504990;SIGNOR:21693646;connectomeDB2020:21693646;scConnect:21693646
Rspo2,Lgr5,General Signaling,Baccin2019:2169364621693640;CellTalkDB:21693646;Cellinker:21693646;Cellinker:29769720;Guide2Pharma:21693646;LRdb:21693646;SIGNOR:21693646;connectomeDB2020:21693646;scConnect:21693646
Rspo2,Lgr6,General Signaling,Baccin2019:21693646;Baccin2019:21727895;CellTalkDB:21727895;Cellinker:21693646;Cellinker:21727895;Cellinker:29769720;Guide2Pharma:21693646;Guide2Pharma:21727895;LRdb:21727895;LRdb:22;connectomeDB2020:21693646;connectomeDB2020:21727895;scConnect:21693646;scConnect:21727895
Rspo2,Rnf43,General Signaling,Cellinker:29405118;Cellinker:29769720;connectomeDB2020:29769720
Rspo2,Sdc4,General Signaling,SIGNOR:21397842
Rspo3,Fzd8,General Signaling,Cellinker:16543246;LRdb:16543246;NetPath:17976036;Ramilowski2015:16543246;connectomeDB2020:16543246;talklr:16543246
Rspo3,Lgr4,General Signaling,Baccin2019:21693646;Baccin2019:21909076;CellTalkDB:21693646;Cellinker:29405118;Cellinker:29769720;Guide2Pharma:21693646;LRdb:21693646;LRdb:21909076;Lit-BM-17:24050775;Lit-BM-17:25504990;connectomeDB2020:21693646;connectomeDB2020:21909076;scConnect:21693646;scConnect:21909076
Rspo3,Lgr5,General Signaling,Baccin2019:21693640;Baccin2019:21693646;CellTalkDB:21693646;Cellinker:21693646;Cellinker:29405118;Cellinker:29769720;Guide2Pharma:21693646;LRdb:21693646;SIGNOR:21693646;connectomeDB2020:21693646;scConnect:21693646
Rspo3,Lgr6,General Signaling,Baccin2019:21693646;Baccin2019:21727895;CellTalkDB:21727895;Cellinker:21693646;Cellinker:21727895;Cellinker:29405118;Cellinker:29769720;Guide2Pharma:21693646;Guide2Pharma:21727895;LRdb:21727895;LRdb:22;connectomeDB2020:21693646;connectomeDB2020:21727895;scConnect:21693646;scConnect:21727895
Rspo3,Lrp6,General Signaling,Cellinker:16543246;LRdb:16543246;NetPath:17976036;Ramilowski2015:16543246;connectomeDB2020:16543246;talklr:16543246
Rspo3,Rnf43,General Signaling,Cellinker:29405118;Cellinker:29769720
Rspo3,Sdc4,General Signaling,Baccin2019:24275095;CellTalkDB:21397842;Cellinker:21397842;ICELLNET:21397842;LRdb:21397842;Ramilowski2015:21397842;SIGNOR:21397842;connectomeDB2020:21397842;talklr:21397842
Rspo4,Lgr4,General Signaling,Baccin2019:2169364621693640;CellTalkDB:21693646;Cellinker:21693646;Guide2Pharma:21693646;LRdb:21693646;Lit-BM-17:24050775;Lit-BM-17:25504990;connectomeDB2020:21693646;scConnect:21693646
Rspo4,Lgr5,General Signaling,Baccin2019:2169364621693640;CellTalkDB:21693646;Cellinker:21693646;Guide2Pharma:21693646;LRdb:21693646;connectomeDB2020:21693646;scConnect:21693646
Rspo4,Lgr6,General Signaling,Baccin2019:21693646;Baccin2019:21727895;CellTalkDB:21727895;Cellinker:21693646;Cellinker:21727895;Guide2Pharma:21693646;Guide2Pharma:21727895;LRdb:21727895;LRdb:22;connectomeDB2020:21693646;connectomeDB2020:21727895;scConnect:21693646;scConnect:21727895
Rspo4,Lrp5,General Signaling,
Rspo4,Lrp6,General Signaling,
Rspo4,Rnf43,General Signaling,Cellinker:29405118
Rtn4,Cntn1,General Signaling,
Rtn4,Cntnap1,General Signaling,Baccin2019:14592966;CellTalkDB:14592966;HPRD:14592966;LRdb:14592966;connectomeDB2020:14592966
Rtn4,Gjb2,General Signaling,CellTalkDB:32196115
Rtn4,Lingo1,General Signaling,Baccin2019:15694322;CellTalkDB:15694322;LRdb:15694322;SIGNOR:15694321;connectomeDB2020:15694322
Rtn4,Ngfr,General Signaling,CellTalkDB:32196115
Rtn4,Rtn4r,General Signaling,Baccin2019:11201742;Baccin2019:15694322;CellTalkDB:11201742;HPMR:11201742;HPRD:11201742;LRdb:11201742;LRdb:16;connectomeDB2020:11201742;connectomeDB2020:15694322
Rtn4,S1pr2,General Signaling,connectomeDB2020:24453941
Rtn4,Tnfrsf19,General Signaling,Baccin2019:15694322;CellTalkDB:15694322;LRdb:15694322;connectomeDB2020:15694322
S100a10,Cftr,General Signaling,CellTalkDB:19847291
S100a10,Htr1b,General Signaling,Cellinker:19211900
S100a10,Trpv5,General Signaling,Lit-BM-17:12660155;TRIP:12660155
S100a10,Trpv6,General Signaling,CellTalkDB:18187190;HPRD:12660155;SPIKE_LC:16189514;TRIP:12660155;TRIP:16189514;TRIP:18187190
S100a4,Ccr5,General Signaling,CellTalkDB:30713770
S100a4,Egfr,General Signaling,CellTalkDB:30083275;Cellinker:30083275;IntAct:24658140;IntAct:30083275;IntAct:31980649;Lit-BM-17:24658140;Lit-BM-17:25402006
S100a4,Erbb2,General Signaling,CellTalkDB:30083275
S100a4,Erbb3,General Signaling,Cellinker:30083275
S100a8,Ager,General Signaling,CellTalkDB:28504650;Cellinker:28504650;SIGNOR:28137827
S100a8,Cd36,General Signaling,CellTalkDB:31794767
S100a8,Cd68,General Signaling,CellTalkDB:27312849
S100a8,Cd69,General Signaling,CellTalkDB:26296369
S100a8,Itgb2,General Signaling,CellTalkDB:9570563
S100a8,Itgb2l,General Signaling,
S100a8,Tlr4,General Signaling,CellTalkDB:17767165;LRdb:17767165;Ramilowski2015:17767165;SIGNOR:28137827;connectomeDB2020:17767165;talklr:17767165
S100a9,Ager,General Signaling,CellTalkDB:28504650;Cellinker:28504650;InnateDB:23667563;SIGNOR:28137827
S100a9,Alcam,General Signaling,CellTalkDB:27151304
S100a9,Cd36,General Signaling,CellTalkDB:24691441
S100a9,Cd68,General Signaling,CellTalkDB:27312849
S100a9,Itgb2,General Signaling,CellTalkDB:9570563
S100a9,Itgb2l,General Signaling,
S100a9,Tlr4,General Signaling,CellTalkDB:17767165;LRdb:17767165;Ramilowski2015:17767165;SIGNOR:28137827;connectomeDB2020:17767165;talklr:17767165
S100b,Ager,General Signaling,CellTalkDB:20192808;HPRD:10399917;IntAct:17660747;IntAct:17726019;Lit-BM-17:17660747;SPIKE_LC:17660747
S100b,Alcam,General Signaling,CellTalkDB:23729438
Saa1,Adra2a,General Signaling,CellTalkDB:32196115
Saa1,Cd36,General Signaling,ICELLNET:20075072;connectomeDB2020:20075072
Saa1,Fpr1,General Signaling,Baccin2019:10753626;CellTalkDB:10753626;Cellinker:10753626;HPRD:10753626;LRdb:10753626
Saa1,Fpr2,General Signaling,Baccin2019:9892621;CellChatDB:22610094;CellTalkDB:9892621;Cellinker:22610094;Cellinker:9892621;Guide2Pharma:9892621;ICELLNET:26130702;ICELLNET:9892621;LRdb:9892621;connectomeDB2020:9892621;scConnect:9892621
Saa1,Fpr3,General Signaling,
Saa1,Grm7,General Signaling,CellTalkDB:32196115
Saa1,Mtnr1a,General Signaling,CellTalkDB:32196115
Saa1,Scarb1,General Signaling,CellTalkDB:15576377
Saa1,Tlr2,General Signaling,CellTalkDB:26290589
Saa2,Adra2a,General Signaling,
Saa2,Cd36,General Signaling,
Saa2,Fpr1,General Signaling,
Saa2,Fpr3,General Signaling,
Saa2,Grm7,General Signaling,
Saa2,Mtnr1a,General Signaling,
Saa2,Scarb1,General Signaling,
Saa2,Tlr2,General Signaling,
Saraf,Dag1,General Signaling,
Sbpl,Cxcr4,General Signaling,
Sbpl,Tlr2,General Signaling,
Sbpl,Tlr4,General Signaling,
Sbpl,Tlr5,General Signaling,
Sbpl,Tlr6,General Signaling,
Scgb1a1,Lmbr1l,General Signaling,Baccin2019:16423471;CellTalkDB:16423471;Cellinker:16423471;HPRD:16423471;LRdb:16423471
Scgb1a1,Lrp2,General Signaling,Baccin2019:11278724;CellTalkDB:11278724;Cellinker:11278724;HPRD:11278724;LRdb:11278724;SPIKE_LC:16713569;connectomeDB2020:11278724
Scgb3a1,Marco,General Signaling,Baccin2019:12847263;CellTalkDB:12847263;Cellinker:12847263;HPRD:12847263;LRdb:12847263;connectomeDB2020:12847263
Scgb3a1,Notch3,General Signaling,CellTalkDB:32103204
Sct,Adcyap1r1,General Signaling,CellTalkDB:32196115
Sct,Adrb2,General Signaling,CellTalkDB:32196115
Sct,Adrb3,General Signaling,CellTalkDB:32196115
Sct,Gpr20,General Signaling,CellTalkDB:32196115
Sct,Gpr84,General Signaling,CellTalkDB:32196115
Sct,Pth1r,General Signaling,CellTalkDB:32196115
Sct,Ramp2,General Signaling,CellTalkDB:32196115
Sct,Ramp3,General Signaling,CellTalkDB:32196115
Sct,Tshr,General Signaling,CellTalkDB:32196115
Sct,Vipr1,General Signaling,Baccin2019:12133828;CellTalkDB:12133828;HPRD:12133828;LRdb:12133828;connectomeDB2020:12133828
Sct,Vipr2,General Signaling,CellTalkDB:9437714;LRdb:9437714;Ramilowski2015:9437714;connectomeDB2020:9437714;talklr:9437714
Scube2,Kdr,General Signaling,Cellinker:27834687
Sdc2,Ezr,General Signaling,HPRD:10704377
Sdc2,Ptprj,General Signaling,Baccin2019:21813734;connectomeDB2020:21813734
Sdc4,Adam12,General Signaling,Adhesome:12509413;Baccin2019:12509413;Cellinker:12509413
Sdk2,Cadm4,General Signaling,
Sdk2,Clec4a1,General Signaling,
Sdk2,Clec4a2,General Signaling,Cellinker:32822567
Sectm1a,Cd7,General Signaling,BioGRID:10652336;HPRD:10652336;connectomeDB2020:10652336;connectomeDB2020:24157461;connectomeDB2020:24211252
Sectm1b,Cd7,General Signaling,
Sele,Ceacam2,General Signaling,
Sele,Selplg,General Signaling,HPRD:8621728;HPRD:9128259
Sell,Selplg,General Signaling,HPRD:10725346
Sell,Unc5d,General Signaling,Cellinker:32589946
Selp,Selplg,General Signaling,DIP:19118202;HPRD:10713099;HPRD:17064811;HPRD:9128259;InnateDB:11081633;IntAct:11081633;IntAct:19118202;IntAct:26627825;Lit-BM-17:10713099;Lit-BM-17:11081633;Lit-BM-17:19118202;SPIKE_LC:17145710
Sema3a,Nrp2,General Signaling,CellTalkDB:21059704;Cellinker:26633812;LRdb:21059704;Ramilowski2015:21059704;connectomeDB2020:21059704;talklr:21059704
Sema3d,Plxnd1,General Signaling,CellTalkDB:31163177
Sema3e,Nrp1,General Signaling,Baccin2019:27439112;CellTalkDB:20664165;Cellinker:20664165
Sema3e,Nrp2,General Signaling,Cellinker:20664165
Sema3f,Nrp1,General Signaling,Baccin2019:9883722;CellTalkDB:9883722;Cellinker:26633812;Cellinker:9883722;ELM:20387901;HPRD:9883722;LRdb:9883722;connectomeDB2020:9883722
Sema3g,Fcgr2b,General Signaling,
Sema3g,Fcgr3,General Signaling,Cellinker:32822567
Sema3g,Gp6,General Signaling,Cellinker:32822567
Sema4a,Plxnd1,General Signaling,Baccin2019:17318185;CellTalkDB:22325954;Cellinker:17318185;Cellinker:26633812;HPRD:17318185;ICELLNET:11245885;LRdb:17318185;Lit-BM-17:17318185;SPIKE_LC:17318185;connectomeDB2020:17318185
Sema4b,Dcbld2,General Signaling,CellTalkDB:17213806;Cellinker:17213806;ICELLNET:17213806;LRdb:17213806;Ramilowski2015:17213806;connectomeDB2020:17213806;talklr:17213806
Sema4b,Plxnb1,General Signaling,
Sema4b,Plxnb2,General Signaling,Cellinker:32589946
Sema4c,Plxnb1,General Signaling,Cellinker:26633812
Sema4d,Erbb2,General Signaling,CellTalkDB:15210733;LRdb:15210733;ProtMapper:15210733;Ramilowski2015:15210733;connectomeDB2020:15210733;talklr:15210733
Sema4d,Met,General Signaling,CellTalkDB:12198496;LRdb:12198496;connectomeDB2020:12198496
Sema4f,Nrp2,General Signaling,Baccin2019:9856463;CellTalkDB:9856463;Cellinker:9856463;HPRD:9856463;LRdb:9856463
Sema4f,Vsir,General Signaling,Cellinker:32589946
Sema4g,Plxnb1,General Signaling,
Sema4g,Plxnb3,General Signaling,
Sema5a,Met,General Signaling,CellTalkDB:15218527;LRdb:15218527;connectomeDB2020:15218527
Sema5a,Plxna2,General Signaling,Cellinker:26633812
Sema6c,Plxna1,General Signaling,Cellinker:26633812
Sema6d,Plxna4,General Signaling,Cellinker:26633812
Sema6d,Plxnc1,General Signaling,Cellinker:26633812
Sema7a,Unc5d,General Signaling,Cellinker:32589946
Serpina1a,F12,General Signaling,SIGNOR:26707513
Serpina1a,Lrp1,General Signaling,Baccin2019:862645615131125;CellTalkDB:8626456;Cellinker:15131125;Cellinker:8626456;HPRD:15131125;LRdb:151;LRdb:8626456;SIGNOR:8626456;connectomeDB2020:15131125;connectomeDB2020:8626456
Serpina1b,F12,General Signaling,
Serpina1b,Lrp1,General Signaling,
Serpina1c,F12,General Signaling,
Serpina1c,Lrp1,General Signaling,
Serpina1d,F12,General Signaling,
Serpina1d,Lrp1,General Signaling,
Serpina1e,F12,General Signaling,
Serpina1e,Lrp1,General Signaling,
Serpina5,Klk1,General Signaling,
Serpina5,Klk1b1,General Signaling,
Serpina5,Klk1b11,General Signaling,
Serpina5,Klk1b16,General Signaling,
Serpina5,Klk1b21,General Signaling,
Serpina5,Klk1b22,General Signaling,HPRD:7509746;HPRD:8665956;HPRD:8732755;SPIKE_LC:16189514
Serpina5,Klk1b24,General Signaling,
Serpina5,Klk1b26,General Signaling,
Serpina5,Klk1b27,General Signaling,
Serpina5,Klk1b3,General Signaling,
Serpina5,Klk1b4,General Signaling,
Serpina5,Klk1b5,General Signaling,
Serpina5,Klk1b8,General Signaling,
Serpina5,Klk1b9,General Signaling,
Serpina5,Proc,General Signaling,BioGRID:11123896;HPRD:11123896;SPIKE_LC:16189514
Serpina5,Thbd,General Signaling,HPRD:12878585
Serpinc1,F10,General Signaling,SIGNOR:31030036
Serpinc1,F11,General Signaling,SIGNOR:31030036
Serpinc1,F12,General Signaling,SIGNOR:31030036
Serpinc1,F9,General Signaling,DIP:20080729;SIGNOR:31030036
Serpinc1,Gpc1,General Signaling,CellTalkDB:32196115
Serpinc1,Lrp1,General Signaling,Baccin2019:14596620;Baccin2019:8626456;Cellinker:14596620;Cellinker:8626456;LRdb:146;LRdb:8626456;SIGNOR:8626456;connectomeDB2020:14596620;connectomeDB2020:8626456
Serpinc1,Sdc2,General Signaling,Baccin2019:1315572;CellTalkDB:1315572;Cellinker:1315572;HPRD:1315572;LRdb:1315572;connectomeDB2020:1315572
Serpine1,F12,General Signaling,SIGNOR:26707513
Serpine1,Itgav,General Signaling,CellTalkDB:32196115
Serpine1,Itgb5,General Signaling,CellTalkDB:32196115
Serpine1,Lrp1,General Signaling,Baccin2019:1500157915001570;CellTalkDB:15001579;Cellinker:15001579;HPRD:15001579;LRdb:15001579;SPIKE_LC:16713569;connectomeDB2020:15001579
Serpine1,Lrp2,General Signaling,Baccin2019:8344937;CellTalkDB:7673355;Cellinker:8344937;HPRD:8344937;LRdb:8344937;SPIKE_LC:16713569;connectomeDB2020:8344937
Serpine1,Plat,General Signaling,HPRD:2110366;HPRD:3090045;HPRD:8607113;SPIKE_LC:16713569
Serpine1,Plau,General Signaling,HPRD:2161846;HPRD:2544876;HPRD:3090045;Lit-BM-17:21199867;Lit-BM-17:22449964;Lit-BM-17:9184208
Serpine1,Plaur,General Signaling,CellTalkDB:10896774
Serpine2,Lrp1,General Signaling,Baccin2019:14596620;CellTalkDB:14596620;Cellinker:14596620;LRdb:14596620;connectomeDB2020:14596620
Serpinf1,Lrp6,General Signaling,
Serpinf1,Plxdc1,General Signaling,connectomeDB2020:25535841
Serpinf1,Plxdc2,General Signaling,connectomeDB2020:25535841
Serping1,C1ra,General Signaling,HPRD:6282262
Serping1,C1rb,General Signaling,
Serping1,F12,General Signaling,SIGNOR:26707513
Serping1,Lrp1,General Signaling,Baccin2019:9388254;Cellinker:9388254;LRdb:9388254;connectomeDB2020:9388254
Serping1,Sele,General Signaling,Baccin2019:14568956;CellTalkDB:14568956;Cellinker:14568956;HPRD:14568956;InnateDB:14568956;LRdb:14568956;connectomeDB2020:14568956
Serping1,Selp,General Signaling,Baccin2019:14568956;CellTalkDB:14568956;Cellinker:14568956;HPRD:14568956;InnateDB:14568956;LRdb:14568956;connectomeDB2020:14568956
Sfrp1,Fzd2,General Signaling,LRdb:6172602;Ramilowski2015:6172602;connectomeDB2020:6172602;talklr:6172602
Sfrp1,Fzd6,General Signaling,Baccin2019:10347172;CellTalkDB:10347172;Cellinker:10347172;HPRD:10347172;LRdb:10347172;NetPath:10347172;SPIKE:10347172;SPIKE_LC:10347172;connectomeDB2020:10347172
Sfrp2,Fzd5,General Signaling,CellTalkDB:28840375;connectomeDB2020:28840375
Sftpa1,Cd93,General Signaling,
Sftpa1,Tlr2,General Signaling,CellTalkDB:11724772;Cellinker:11724772;HPRD:11724772;InnateDB:11724772;LRdb:11724772;connectomeDB2020:11724772
Sftpd,Lair1,General Signaling,connectomeDB2020:24585933
Sftpd,Sirpa,General Signaling,CellTalkDB:22511785;Cellinker:22511785;ICELLNET:22511785;LRdb:22511785;connectomeDB2020:22511785
Sftpd,Tlr4,General Signaling,CellTalkDB:16834340;InnateDB:16834340;InnateDB:18990700
Shbg,Cldn13,General Signaling,
Shbg,Cldn4,General Signaling,Baccin2019:15862967;CellTalkDB:15862967;HPRD:15862967;LRdb:15862967
Shbg,Gprc6a,General Signaling,CellTalkDB:31857654
Shbg,Slc37a1,General Signaling,Baccin2019:15862967;CellTalkDB:15862967;Cellinker:15862967;HPRD:15862967;LRdb:15862967
Shh,Boc,General Signaling,Baccin2019:17086203;CellTalkDB:17086203;Cellinker:17086203;Cellinker:30613383;HPMR:17086203;LRdb:17086203;NetPath:16647304;connectomeDB2020:17086203
Shh,Cdon,General Signaling,Baccin2019:17086203;CellTalkDB:17086203;Cellinker:17086203;LRdb:17086203;NetPath:16647304;connectomeDB2020:17086203
Shh,Hhip,General Signaling,Baccin2019:1005085510050850;CellTalkDB:10050855;Cellinker:10050855;HPRD:10050855;IntAct:19561609;LRdb:10050855;Lit-BM-17:19561609;NetPath:10050855;connectomeDB2020:10050855
Shh,Lrp2,General Signaling,CellTalkDB:16828734;Cellinker:30613383;LRdb:22340494;Ramilowski2015:22340494;connectomeDB2020:22340494;talklr:22340494
Shisa4,Fcgrt,General Signaling,
Siglec1,Cd47,General Signaling,
Siglec1,Ptprc,General Signaling,Cellinker:10575006
Siglec15,Cd33,General Signaling,
Siglec15,Fgfr4,General Signaling,
Siglec15,Lrrc4c,General Signaling,Cellinker:32822567
Siglec15,Mag,General Signaling,Cellinker:32822567
Siglec15,Siglecg,General Signaling,
Siglec15,Siglech,General Signaling,Cellinker:32822567
Siglec15,Unc5d,General Signaling,Cellinker:32822567
Siglece,AU040320,General Signaling,
Siglece,Adgra2,General Signaling,Cellinker:32822567
Siglece,Boc,General Signaling,Cellinker:32822567
Siglece,Cd320,General Signaling,
Siglece,Cd33,General Signaling,
Siglece,Cd4,General Signaling,
Siglece,Cd6,General Signaling,
Siglece,Ifngr1,General Signaling,Cellinker:32822567
Siglece,Il1rapl1,General Signaling,
Siglece,Il1rl1,General Signaling,Cellinker:32822567
Siglece,Il4ra,General Signaling,
Siglece,Lrfn2,General Signaling,
Siglece,Lrp12,General Signaling,
Siglece,Lrrc4c,General Signaling,
Siglece,Mag,General Signaling,Cellinker:32822567
Siglece,Muc1,General Signaling,ICELLNET:24045940;ICELLNET:27595232
Siglece,Ncr1,General Signaling,
Siglece,Nrp2,General Signaling,
Siglece,Nrxn2,General Signaling,
Siglece,Ntng1,General Signaling,
Siglece,Ntrk3,General Signaling,
Siglece,Pcdhac1,General Signaling,
Siglece,Pcdhga7,General Signaling,
Siglece,Ptpro,General Signaling,
Siglece,Siglec15,General Signaling,Cellinker:32822567
Siglece,Siglece,General Signaling,
Siglece,Siglecf,General Signaling,Cellinker:32822567
Siglece,Siglecg,General Signaling,
Siglece,Siglech,General Signaling,Cellinker:32822567
Siglece,Tex101,General Signaling,
Siglece,Timd4,General Signaling,
Siglece,Tnfrsf11b,General Signaling,Cellinker:32822567
Siglecf,AU040320,General Signaling,Cellinker:32589946
Siglecf,Cd33,General Signaling,
Siglecf,Cd4,General Signaling,
Siglecf,Cd6,General Signaling,
Siglecf,Il4ra,General Signaling,
Siglecf,Kir3dl1,General Signaling,
Siglecf,Kir3dl2,General Signaling,
Siglecf,Lrfn2,General Signaling,Cellinker:32589946
Siglecf,Lrrc4c,General Signaling,Cellinker:32589946
Siglecf,Mag,General Signaling,Cellinker:32822567
Siglecf,Ncr1,General Signaling,
Siglecf,Nrxn2,General Signaling,
Siglecf,Ntng1,General Signaling,
Siglecf,Ntrk3,General Signaling,
Siglecf,Pcdhga7,General Signaling,Cellinker:32589946
Siglecf,Ptpro,General Signaling,
Siglecf,Siglece,General Signaling,Cellinker:32822567
Siglecf,Siglecf,General Signaling,
Siglecf,Siglecg,General Signaling,
Siglecf,Siglech,General Signaling,Cellinker:32822567
Siglecf,Tex101,General Signaling,Cellinker:32589946
Siglech,Cd4,General Signaling,
Siglech,Kir3dl1,General Signaling,
Siglech,Kir3dl2,General Signaling,
Siglech,Ncr1,General Signaling,
Sirpa,Cd47,General Signaling,Adhesome:12972543;Adhesome:16081415;Adhesome:17070842;Adhesome:18045614;Adhesome:18633106;Baccin2019:19144521;HPRD:16291597;HPRD:9872987;InnateDB:16081415;InnateDB:17070842;SPIKE_LC:16189514;connectomeDB2020:10572074;connectomeDB2020:23602662
Sirpa,Cd69,General Signaling,
Sirpa,Chl1,General Signaling,
Sirpa,Lrpap1,General Signaling,
Sirpa,Ptprd,General Signaling,
Sirpa,Tigit,General Signaling,Cellinker:32589946
Sirpb1a,Ptprd,General Signaling,
Sirpb1b,Ptprd,General Signaling,
Sirpb1c,Ptprd,General Signaling,
Sis,Itgav,General Signaling,
Sis,Lrp1,General Signaling,
Sis,Pdgfra,General Signaling,Baccin2019:152078112544881
Sis,Pdgfrb,General Signaling,Baccin2019:285049611903042
Sis,S1pr1,General Signaling,
Slamf6,BC053393,General Signaling,
Slamf6,Gm12169,General Signaling,
Slamf6,Havcr1,General Signaling,Cellinker:32822567
Slamf6,Timd2,General Signaling,
Slamf7,Slamf7,General Signaling,
Slc6a8,Lifr,General Signaling,Cellinker:26187859
Slit1,Flrt3,General Signaling,CellTalkDB:24560577
Slit1,Gpc1,General Signaling,Baccin2019:1036423410364230;CellTalkDB:10364234;Cellinker:10364234;HPRD:10364234;LRdb:10364234;SIGNOR:10364234;SPIKE_LC:16713569;connectomeDB2020:10364234
Slit1,Robo2,General Signaling,Cellinker:21600986;ICELLNET:21600986;connectomeDB2020:30547091
Slit1,Sdc1,General Signaling,Baccin2019:10433822;Cellinker:10433822;HPMR:10433822;HPMR:14761655;LRdb:10433822;connectomeDB2020:10433822
Slit2,Gpc1,General Signaling,Baccin2019:10364234;Baccin2019:11375980;CellTalkDB:11375980;Cellinker:10364234;Cellinker:11375980;Cellinker:29317497;HPRD:10364234;HPRD:11375980;LRdb:10364234;LRdb:11375980;SIGNOR:10364234;connectomeDB2020:10364234;connectomeDB2020:11375980
Slit2,Robo4,General Signaling,Baccin2019:15894287;CellTalkDB:15894287;Cellinker:15894287;Cellinker:31217826;HPMR:15894287;LRdb:15894287;SIGNOR:12941633;connectomeDB2020:15894287
Slit2,Sdc1,General Signaling,Baccin2019:10102268;Baccin2019:15130495;CellTalkDB:10102268;Cellinker:10102268;Cellinker:15130495;LRdb:10102268;LRdb:15;connectomeDB2020:10102268;connectomeDB2020:15130495
Slit3,Robo1,General Signaling,CellTalkDB:30288875;connectomeDB2020:19741192
Slit3,Robo2,General Signaling,CellTalkDB:11754167;Cellinker:11754167;HPRD:11754167;LRdb:11754167;connectomeDB2020:31180321
Slit3,Robo4,General Signaling,Cellinker:30288875;connectomeDB2020:19741192
Slitrk1,Enpep,General Signaling,Cellinker:32589946
Slitrk1,Tnfrsf11b,General Signaling,Cellinker:32589946
Slitrk3,Ptprs,General Signaling,connectomeDB2020:23345436
Slitrk4,Ptprd,General Signaling,
Slitrk5,Ptprd,General Signaling,connectomeDB2020:26004511
Slitrk6,Ptprd,General Signaling,
Slpi,Cd4,General Signaling,CellTalkDB:32196115
Slpi,Plscr4,General Signaling,Baccin2019:19333378;CellTalkDB:19333378;ICELLNET:19333378;connectomeDB2020:19333378
Snx14,Htr6,General Signaling,Cellinker:25795301
Sorl1,Cntfr,General Signaling,Cellinker:26858303;IntAct:26858303
Sost,Lrp4,General Signaling,ICELLNET:19936252;IntAct:21471202;connectomeDB2020:19936252
Sost,Lrp5,General Signaling,Baccin2019:15778503;CellTalkDB:15778503;Cellinker:15778503;ELM:21944579;ELM:22696217;IntAct:15908424;LRdb:15778503;connectomeDB2020:15778503
Sost,Lrp6,General Signaling,Baccin2019:15778503;CellTalkDB:15778503;Cellinker:15778503;DIP:21944579;ELM:21944579;ELM:22696217;IntAct:15908424;IntAct:21944579;LRdb:15778503;connectomeDB2020:15778503
Sostdc1,Lrp4,General Signaling,connectomeDB2020:20724449
Sostdc1,Lrp5,General Signaling,connectomeDB2020:20724449
Sostdc1,Lrp6,General Signaling,connectomeDB2020:20724449
Spag11b,Gpr55,General Signaling,scConnect:31675498
Sparc,Eng,General Signaling,Cellinker:21708981
Sparc,Fgfr1,General Signaling,Cellinker:14505356
Spink1,Egfr,General Signaling,CellTalkDB:21368222;Cellinker:21368222;ICELLNET:21368222;ICELLNET:33916984;LRdb:21368222;Ramilowski2015:21368222;connectomeDB2020:21368222;talklr:21368222
Spink1,Nrsn1,General Signaling,Baccin2019:1870127;CellTalkDB:1870127;Cellinker:1870127;HPRD:1870127;LRdb:1870127
Spint1,St14,General Signaling,CellTalkDB:10373425;Cellinker:10373425;HPRD:10373425;LRdb:10373425;SPIKE_LC:16713569
Spn,Siglec1,General Signaling,Cellinker:11238599;HPRD:11238599;connectomeDB2020:11238599
Spon1,App,General Signaling,HPRD:14983046;connectomeDB2020:14983046
Spon1,Lrp8,General Signaling,connectomeDB2020:21488757
Spon2,Gm49368,General Signaling,
Spon2,Itga4,General Signaling,connectomeDB2020:29440144
Spon2,Itga5,General Signaling,connectomeDB2020:29440144
Spon2,Itgam,General Signaling,CellTalkDB:30869196;connectomeDB2020:30869196
Spon2,Itgb1,General Signaling,connectomeDB2020:29440144
Spon2,Itgb2,General Signaling,CellTalkDB:32196115;connectomeDB2020:30869196
Spon2,Itgb2l,General Signaling,
Spp1,S1pr1,General Signaling,Cellinker:9488656;LRdb:9488656;Ramilowski2015:9488656;talklr:9488656
Spx,Galr2,General Signaling,CellTalkDB:31730796;Guide2Pharma:24517231;SIGNOR:24517231;connectomeDB2020:24517231;connectomeDB2020:30305242
Spx,Galr3,General Signaling,Guide2Pharma:24517231;SIGNOR:24517231;connectomeDB2020:24517231;connectomeDB2020:30305242
St14,Gm36028,General Signaling,
St14,Plau,General Signaling,HPRD:10962009
St6gal1,Cd22,General Signaling,CellTalkDB:1717156;Cellinker:1717156;HPRD:8702538;LRdb:1717156;SIGNOR:8702538;connectomeDB2020:1717156
St6gal1,Egfr,General Signaling,CellTalkDB:29402301
Stx1a,Cacna1b,General Signaling,
Stx1a,Cacna1d,General Signaling,HPRD:10468580
Syt1,Cacna1c,General Signaling,CA1:12645522
Syt1,Cacna1e,General Signaling,CA1:12645522
Syt1,Stx1a,General Signaling,BioGRID:9010211;HPRD:11438523;HPRD:9010211
Syt1,Stx3,General Signaling,CA1:1321498;CA1:7559535
Syt1,Sv2b,General Signaling,Cellinker:15466855;HPRD:15466855
Tac1,Tacr3,General Signaling,Baccin2019:10189055;Baccin2019:10866201;Baccin2019:11226387;Baccin2019:1312036;Baccin2019:2176308;Baccin2019:7557266;Baccin2019:8990205;Baccin2019:9190866;Baccin2019:9272936;CellTalkDB:9272936;Cellinker:11226387;Cellinker:1312036;Cellinker:9190866;Cellinker:9272936;Guide2Pharma:11226387;Guide2Pharma:1312036;Guide2Pharma:9190866;HPRD:9272936;LRdb:11226387;LRdb:1312036;LRdb:9190866;LRdb:9272936;connectomeDB2020:11226387;connectomeDB2020:1312036;connectomeDB2020:9190866;connectomeDB2020:9272936;scConnect:11226387;scConnect:1312036;scConnect:9190866
Tac2,Tacr1,General Signaling,CellTalkDB:8925404;Cellinker:12727971;Cellinker:8925404;Cellinker:9190866;Guide2Pharma:9190866;HPRD:12727971;LRdb:12727971;LRdb:8925404;LRdb:9190866;connectomeDB2020:12727971;connectomeDB2020:8925404;connectomeDB2020:9190866
Tac2,Tacr2,General Signaling,Baccin2019:10189055;Baccin2019:7682062;Baccin2019:7961636;Baccin2019:8925404;Baccin2019:9190866;Cellinker:10189055;Cellinker:7682062;Cellinker:7961636;Cellinker:8925404;Cellinker:9190866;Guide2Pharma:7682062;Guide2Pharma:9190866;HPRD:10189055;HPRD:7961636;LRdb:10189055;LRdb:7682062;LRdb:7961636;LRdb:8925404;LRdb:9190866;connectomeDB2020:10189055;connectomeDB2020:7682062;connectomeDB2020:7961636;connectomeDB2020:8925404;connectomeDB2020:9190866
Tac4,Tacr2,General Signaling,CellTalkDB:11786503;Cellinker:11786503;HPRD:11786503;LRdb:11786503;connectomeDB2020:11786503
Tac4,Tacr3,General Signaling,CellTalkDB:11786503;Cellinker:11786503;HPRD:11786503;LRdb:11786503;connectomeDB2020:11786503
Tarm1,Oscar,General Signaling,Cellinker:32822567
Tarm1,Robo4,General Signaling,Cellinker:32822567
Tcn2,Cnr1,General Signaling,CellTalkDB:32196115
Tcn2,Lrp2,General Signaling,CellTalkDB:8710919
Tctn1,Tctn2,General Signaling,Cellinker:21725307
Tctn1,Tctn3,General Signaling,Cellinker:21725307
Tctn1,Tmem216,General Signaling,Cellinker:21725307
Tctn1,Tmem67,General Signaling,CellTalkDB:21725307;Cellinker:21725307;LRdb:21725307;Ramilowski2015:21725307;connectomeDB2020:21725307;talklr:21725307
Tctn3,Fcrl1,General Signaling,Cellinker:32589946
Tdgf1,Acvr1b,General Signaling,BioGRID:11909953;CellTalkDB:11909953;Cellinker:11909953;HPRD:11909953;LRdb:11909953;SIGNOR:19874624;connectomeDB2020:11909953
Tdgf1,Acvr1c,General Signaling,CellTalkDB:11485994;Cellinker:11485994;HPRD:11485994;LRdb:11485994
Tdgf1,Acvr2a,General Signaling,CellTalkDB:12682303;Cellinker:12682303;LRdb:12682303;SIGNOR:12682303;connectomeDB2020:12682303
Tdgf1,Acvr2b,General Signaling,CellTalkDB:19035567
Tdgf1,Gpc1,General Signaling,CellTalkDB:12649175;SPIKE_LC:19013461
Tdgf1,Lrp5,General Signaling,SignaLink3:23022962
Tdgf1,Lrp6,General Signaling,SignaLink3:23022962
Tex101,Siglece,General Signaling,
Tex101,Siglecf,General Signaling,
Tff1,Muc5ac,General Signaling,CellTalkDB:15289936
Tff2,Cxcr4,General Signaling,connectomeDB2020:19064997;connectomeDB2020:23183167
Tfpi,F10,General Signaling,HPRD:12787023;HPRD:3422166
Tfpi,F3,General Signaling,CellTalkDB:22197177
Tfpi,Lrp1,General Signaling,Baccin2019:8824219;CellTalkDB:8824219;LRdb:8824219;connectomeDB2020:8824219
Tfpi,Sdc4,General Signaling,CellTalkDB:32196115;ICELLNET:8621465
Tfpi,Vldlr,General Signaling,Baccin2019:11278667;CellTalkDB:11278667;Cellinker:11278667;LRdb:11278667;SIGNOR:11278667;connectomeDB2020:11278667
Tg,Asgr1,General Signaling,Baccin2019:12477859;CellTalkDB:12477859;HPRD:12477859;LRdb:12477859;connectomeDB2020:12477859
Tg,Lrp2,General Signaling,Baccin2019:9492085;CellTalkDB:11029276;HPRD:9492085;LRdb:9492085;SPIKE_LC:16713569;connectomeDB2020:9492085
Tg,Tpo,General Signaling,CellTalkDB:28153798
Tgfa,Adam17,General Signaling,Cellinker:23801765;HPRD:11823465
Tgfa,Erbb3,General Signaling,CellTalkDB:32196115
Tgfa,Erbb4,General Signaling,Baccin2019:10918572;CellTalkDB:10918572;HPRD:10918572;ICELLNET:10918572;LRdb:10918572;connectomeDB2020:10918572
Tgfa,Ptprd,General Signaling,Cellinker:32589946
Tgfb1,Acvrl1,General Signaling,Baccin2019:1071699310716990;CellTalkDB:10716993;Cellinker:10716993;DIP:10187774;HPMR:10716993;HPRD:10716993;InnateDB:18333754;LRdb:10716993;NetPath:10716993;SPIKE:10716993;SPIKE_LC:10716993;connectomeDB2020:10716993
Tgfb1,App,General Signaling,HPRD:12867422;HPRD:2119582;IntAct:2119582;IntAct:25241761;Lit-BM-17:2119582;Lit-BM-17:25241761;SPIKE:12867422;SPIKE:16189514;SPIKE_LC:12867422;SPIKE_LC:16189514
Tgfb1,Eng,General Signaling,Baccin2019:12015308;CellTalkDB:12015308;Cellinker:12015308;Cellinker:9872992;HPRD:12015308;InnateDB:8655583;LRdb:12015308;SPIKE_LC:16189514;connectomeDB2020:12015308
Tgfb1,Itgav,General Signaling,CellTalkDB:11970960;Cellinker:11970960;ELM:12415008;ELM:22278742;ELM:25383667;ELM:25617764;ELM:27033701;ELM:28117447;ELM:31792290;ELM:31955848;HPRD:11970960;LRdb:11970960;connectomeDB2020:11970960
Tgfb1,Itgb1,General Signaling,CellTalkDB:12415008;ELM:12415008;ELM:22278742;ELM:25383667;ELM:25617764;ELM:27033701;ELM:28117447;ELM:31792290;ELM:31955848;ProtMapper:19115199
Tgfb1,Itgb3,General Signaling,CellTalkDB:32196115;ELM:12415008;ELM:22278742;ELM:25383667;ELM:25617764;ELM:27033701;ELM:28117447;ELM:31792290;ELM:31955848
Tgfb1,Itgb6,General Signaling,CellTalkDB:10025398;Cellinker:10025398;ELM:12415008;ELM:22278742;ELM:25383667;ELM:25617764;ELM:27033701;ELM:28117447;ELM:31792290;ELM:31955848;HPRD:10025398;LRdb:10025398;connectomeDB2020:10025398
Tgfb1,Itgb8,General Signaling,CellTalkDB:11970960;Cellinker:11970960;ELM:12415008;ELM:22278742;ELM:25383667;ELM:25617764;ELM:27033701;ELM:28117447;ELM:31792290;ELM:31955848;HPRD:11970960;LRdb:11970960;SPIKE_LC:16189514;connectomeDB2020:11970960
Tgfb1,Pdgfra,General Signaling,ACSN:11133108;ACSN:14557817;ACSN:15548370;ACSN:16474430;ACSN:16607286;ACSN:17934056;ACSN:18403754;ACSN:19010789;ACSN:19920116;ACSN:20519943;ACSN:21900405
Tgfb1,Sdc2,General Signaling,Baccin2019:14976204;CancerCellMap:14976204;CellTalkDB:14976204;Cellinker:14976204;HPRD:14976204;LRdb:14976204;NetPath:14976204;connectomeDB2020:14976204
Tgfb1,Tgfbr3,General Signaling,Baccin2019:7935686;CellTalkDB:7935686;Cellinker:7935686;DIP:10519421;DIP:11323414;DIP:9312157;HPRD:7935686;LRdb:7935686;Lit-BM-17:10519421;Lit-BM-17:11323414;Lit-BM-17:8106553;Lit-BM-17:9312157;NetPath:11278442;NetPath:11323414;SPIKE:11278442;SPIKE:8106553;SPIKE_LC:11278442;SPIKE_LC:8106553;connectomeDB2020:7935686
Tgfb2,Eng,General Signaling,Baccin2019:12015308;CellTalkDB:12015308;Cellinker:12015308;HPRD:12015308;LRdb:12015308;connectomeDB2020:12015308
Tgfb2,Tgfbr3,General Signaling,Baccin2019:11157750;Baccin2019:12809600;CellTalkDB:12809600;Cellinker:11157754;Cellinker:12809600;DIP:10519421;DIP:8041735;DIP:9312157;HPMR:12809600;HPRD:11157754;LRdb:11;LRdb:12809600;NetPath:11278442;SIGNOR:10746731;SPIKE:11278442;SPIKE_LC:11278442;connectomeDB2020:11157754;connectomeDB2020:12809600
Tgfb3,Acvrl1,General Signaling,Baccin2019:1185063710187770;CellTalkDB:11850637;Cellinker:10187774;Cellinker:11850637;DIP:10187774;HPRD:10187774;LRdb:1;LRdb:11850637;connectomeDB2020:10187774;connectomeDB2020:11850637
Tgfb3,Eng,General Signaling,Baccin2019:9872992;CellTalkDB:9872992;Cellinker:9872992;HPRD:9872992;LRdb:9872992;connectomeDB2020:9872992
Tgfb3,Itgb3,General Signaling,CellTalkDB:32196115;ELM:25383667;ELM:31955848
Tgfb3,Itgb6,General Signaling,CellTalkDB:11821050;ELM:25383667;ELM:31955848
Tgfb3,Tgfbr3,General Signaling,Baccin2019:11382746;CancerCellMap:11382746;CellTalkDB:11382746;Cellinker:11382746;HPRD:11382746;LRdb:11382746;NetPath:11382746;SPIKE:11382746;SPIKE_LC:11382746;connectomeDB2020:11382746
Tgfbi,Itga1,General Signaling,
Tgfbi,Itga3,General Signaling,
Tgfbi,Itga4,General Signaling,
Tgfbi,Itga5,General Signaling,
Tgfbi,Itga6,General Signaling,
Tgfbi,Itga7,General Signaling,
Tgfbi,Itgav,General Signaling,
Tgfbi,Itgb1,General Signaling,
Tgfbi,Itgb3,General Signaling,
Tgfbi,Itgb4,General Signaling,
Tgfbi,Itgb5,General Signaling,
Tgm2,Itga4,General Signaling,CellTalkDB:32196115
Tgm2,Itga9,General Signaling,CellTalkDB:32196115
Tgm2,Itgb1,General Signaling,Baccin2019:25215932;CellTalkDB:10684262;Cellinker:10684262;HPRD:10684262;LRdb:10684262;connectomeDB2020:10684262
Tgm2,Itgb3,General Signaling,Baccin2019:19643138;CellTalkDB:10684262;HPRD:10684262;LRdb:10684262;connectomeDB2020:10684262
Tgm2,Sdc4,General Signaling,CellTalkDB:23499501;Cellinker:23499501;LRdb:23499501;Ramilowski2015:23499501;connectomeDB2020:23499501;talklr:23499501
Tgm2,Tbxa2r,General Signaling,CellTalkDB:32196115
Tgm2,Trpv5,General Signaling,TRIP:21952826
Tgoln1,Gm36028,General Signaling,
Thbs1,Itga2b,General Signaling,CellTalkDB:2478219;LRdb:2478219;Ramilowski2015:2478219;connectomeDB2020:2478219;talklr:2478219
Thbs1,Itga4,General Signaling,CellTalkDB:14699013;Cellinker:14699013;LRdb:14699013;Ramilowski2015:14699013;connectomeDB2020:14699013;talklr:14699013
Thbs1,Itga6,General Signaling,CellTalkDB:12909644;Cellinker:12909644;LRdb:12909644;Ramilowski2015:12909644;connectomeDB2020:12909644;talklr:12909644
Thbs1,Lrp1,General Signaling,Baccin2019:14991768;Baccin2019:9045712;BioGRID:14991768;BioGRID:7775583;BioGRID:9045712;CellTalkDB:9045712;Cellinker:14991768;Cellinker:9045712;HPRD:14991768;HPRD:9045712;LRdb:15;LRdb:9045712;connectomeDB2020:14991768;connectomeDB2020:7775583;connectomeDB2020:9045712
Thbs1,Lrp5,General Signaling,CellTalkDB:7775583;Cellinker:7775583;HPRD:7775583;LRdb:7775583
Thbs1,Tnfrsf11b,General Signaling,Baccin2019:15799029;CellTalkDB:15799029;Cellinker:15799029;HPRD:15799029;LRdb:15799029;connectomeDB2020:15799029
Thbs2,Itga4,General Signaling,CellTalkDB:14699013;Cellinker:14699013;LRdb:14699013;Ramilowski2015:14699013;connectomeDB2020:14699013;talklr:14699013
Thbs2,Itga6,General Signaling,CellTalkDB:12909644;Cellinker:12909644;LRdb:12909644;Ramilowski2015:12909644;connectomeDB2020:12909644;talklr:12909644
Thbs2,Lrp2,General Signaling,Cellinker:12871303
Thbs2,Lrp4,General Signaling,Cellinker:12871303
Thbs2,Notch3,General Signaling,Baccin2019:19147503;CellTalkDB:19147503;Cellinker:19147503;LRdb:19147503;Ramilowski2015:19147503;connectomeDB2020:19147503;talklr:19147503
Thbs2,Notch4,General Signaling,CellTalkDB:32196115
Thy1,Cntn1,General Signaling,Cellinker:7595520
Thy1,Gm49368,General Signaling,
Thy1,Itgb2l,General Signaling,
Tigit,Nectin2,General Signaling,CellChatDB:1313846;CellChatDB:24987108;Cellinker:1313846;Cellinker:19815499;Cellinker:24987108;IntAct:21982860;IntAct:27978489;IntAct:28515320;Lit-BM-17:21982860;connectomeDB2020:19815499
Tigit,Nectin3,General Signaling,
Tigit,Nectin4,General Signaling,
Tigit,Pvr,General Signaling,CellChatDB:24987108;Cellinker:19815499;Cellinker:24987108;IntAct:21982860;IntAct:28515320;Lit-BM-17:21982860;connectomeDB2020:19815499
Tigit,Reck,General Signaling,
Tigit,Sirpa,General Signaling,
Timd2,Cd300lb,General Signaling,
Timd2,Igsf21,General Signaling,
Timd2,Siglec1,General Signaling,
Timd2,Timd4,General Signaling,
Timd4,BC053393,General Signaling,
Timd4,Gm12169,General Signaling,
Timd4,Havcr1,General Signaling,SPIKE:15793576;SPIKE_LC:15793576;connectomeDB2020:28949386
Timd4,Siglece,General Signaling,
Timd4,Timd2,General Signaling,
Timp1,Cd63,General Signaling,Baccin2019:16917503;CellTalkDB:16917503;Cellinker:16917503;HPRD:16917503;IntAct:16917503;IntAct:28030805;LRdb:16917503;Lit-BM-17:16917503;SPIKE_LC:16917503;connectomeDB2020:16917503
Timp1,Fgfr2,General Signaling,CellTalkDB:32103204
Timp1,Mmp1a,General Signaling,DIP:9063449;HPRD:9063449;Lit-BM-17:12475252;Lit-BM-17:9063449;MatrixDB:12475252;SPIKE_LC:16189514
Timp1,Mmp1b,General Signaling,
Timp1,Mmp2,General Signaling,HPRD:12475252;Lit-BM-17:12475252;Lit-BM-17:19010413;MatrixDB:12475252;MatrixDB:19010413
Timp1,Mmp9,General Signaling,Lit-BM-17:19010413;Lit-BM-17:24330623;MatrixDB:19010413
Timp2,Cd44,General Signaling,CellTalkDB:14871815
Timp2,Itga3,General Signaling,CellTalkDB:12887919;Cellinker:12887919;Cellinker:16326706;HPRD:12887919;HPRD:16326706;LRdb:12887919;LRdb:16;connectomeDB2020:12887919;connectomeDB2020:16326706
Timp2,Itgb1,General Signaling,CellTalkDB:16326706;Cellinker:16326706;HPRD:16326706;LRdb:16326706;connectomeDB2020:12887919;connectomeDB2020:16326706
Timp2,Lrp2,General Signaling,SIGNOR:28659595
Timp2,Mmp2,General Signaling,BioGRID:12032297;BioGRID:9410885;HPRD:10991943;HPRD:12032297;HPRD:12374789;HPRD:9933646;Lit-BM-17:10991943;Lit-BM-17:12023034;Lit-BM-17:12032297;Lit-BM-17:12374789;Lit-BM-17:12475252;Lit-BM-17:19010413;Lit-BM-17:21839835;Lit-BM-17:9182583;MatrixDB:12023034;MatrixDB:12475252;MatrixDB:19010413;MatrixDB:21839835;SPIKE_LC:17145710
Timp3,Adam17,General Signaling,BioGRID:12044879;Cellinker:18638486;HPRD:12044879;LRdb:20980382;MatrixDB:19666115
Timp3,Adamts4,General Signaling,MatrixDB:19643179
Timp3,Agtr2,General Signaling,CellTalkDB:18344519;Cellinker:18344519;LRdb:18344519;Lit-BM-17:18344519;Ramilowski2015:18344519;connectomeDB2020:18344519;talklr:18344519
Timp3,Cd44,General Signaling,CellTalkDB:14871815
Timp3,Ddr1,General Signaling,Cellinker:16440311
Timp3,Kdr,General Signaling,Baccin2019:12652295;CellTalkDB:12652295;Cellinker:12652295;HPRD:12652295;LRdb:12652295;connectomeDB2020:12652295
Timp3,Met,General Signaling,CellTalkDB:11228164
Timp3,Mmp14,General Signaling,HPRD:8663332;SIGNOR:28709001
Timp3,Mmp2,General Signaling,BioGRID:10196161;HPRD:10196161;HPRD:7782289;MatrixDB:19643179;SPIKE_LC:16189514
Timp3,Mmp9,General Signaling,HPRD:11827795;SPIKE_LC:16189514
Tmem190,Igsf11,General Signaling,
Tmprss6,Hjv,General Signaling,
Tnc,Cntn1,General Signaling,Baccin2019:10103110;Cellinker:10103110;HPRD:10103110;LRdb:10103110;connectomeDB2020:10103110
Tnc,Egfr,General Signaling,Baccin2019:11470832;CellTalkDB:11470832;Cellinker:11470832;HPRD:11470832;LRdb:11470832;connectomeDB2020:11470832
Tnc,Itga5,General Signaling,CellTalkDB:9314546;Cellinker:9314546;HPRD:9314546;LRdb:9314546
Tnc,Itga7,General Signaling,CellTalkDB:14715956;Cellinker:14715956;LRdb:14715956;Ramilowski2015:14715956;connectomeDB2020:14715956;talklr:14715956
Tnc,Ptprb,General Signaling,CellTalkDB:11313993;Cellinker:11313993;HPRD:11313993;LRdb:11313993;connectomeDB2020:11313993
Tnc,Ptprz1,General Signaling,Baccin2019:20689858;connectomeDB2020:20689858
Tnf,Ltbr,General Signaling,Baccin2019:24636534;DIP:8171323
Tnf,Tnfrsf21,General Signaling,Baccin2019:9714541;CellTalkDB:9714541;Cellinker:9714541;HPMR:9714541;LRdb:9714541;SIGNOR:9714541;connectomeDB2020:9714541
Tnf,Traf2,General Signaling,Baccin2019:12887920;CellTalkDB:12887920;Cellinker:12887920;HPRD:12887920;InnateDB:12887920;InnateDB:19287455;LRdb:12887920;NetPath:15485837;ProtMapper:18981220;ProtMapper:19336568;ProtMapper:21119000;ProtMapper:23612498;ProtMapper:25134449;ProtMapper:27098354;SPIKE_LC:17145710
Tnfrsf14,Btla,General Signaling,Baccin2019:24205057;HPRD:15568026;Lit-BM-17:21982860;connectomeDB2020:29061848
Tnfrsf14,Cd160,General Signaling,Lit-BM-17:21982860;connectomeDB2020:31332204
Tnfrsf14,Lrfn5,General Signaling,Cellinker:32589946
Tnfrsf14,Traf2,General Signaling,HPRD:9153189;HPRD:9162022;IntAct:17353931;IntAct:19332782;IntAct:9153189;IntAct:9162022;Lit-BM-17:17353931;Lit-BM-17:19332782;Lit-BM-17:9153189;Lit-BM-17:9162022;SPIKE_LC:16713569;SPIKE_LC:9153189
Tnfsf10,Tnfrsf11b,General Signaling,Baccin2019:12221720;Baccin2019:9520411;CellTalkDB:9520411;Cellinker:12221720;Cellinker:9520411;HPRD:12221720;HPRD:9520411;ICELLNET:11239407;LRdb:122;LRdb:9520411;connectomeDB2020:12221720;connectomeDB2020:9520411
Tnfsf10,Tnfrsf22,General Signaling,
Tnfsf10,Tnfrsf23,General Signaling,
Tnfsf10,Tnfrsf26,General Signaling,
Tnfsf12,Cd163,General Signaling,NetPath:17548657;connectomeDB2020:19473660
Tnfsf12,Tnfrsf25,General Signaling,CellTalkDB:11094155;Cellinker:11094155;HPRD:11094155;LRdb:11094155;NetPath:11094155
Tnfsf12,Tnfrsf8,General Signaling,CellTalkDB:32196115
Tnfsf13,Fas,General Signaling,Baccin2019:10706119;CellTalkDB:10706119;Cellinker:10706119;HPRD:10706119;LRdb:10706119;connectomeDB2020:10706119
Tnfsf13,Sdc2,General Signaling,Baccin2019:15846369;CellTalkDB:15846369;Cellinker:15846369;HPRD:15846369;LRdb:15846369;connectomeDB2020:15846369
Tnfsf13,Tnfrsf11b,General Signaling,Baccin2019:10706119;CellTalkDB:10706119;Cellinker:10706119;HPRD:10706119;LRdb:10706119;connectomeDB2020:10706119
Tnfsf13,Tnfrsf14,General Signaling,Baccin2019:10706119;CellTalkDB:10706119;Cellinker:10706119;HPRD:10706119;LRdb:10706119;connectomeDB2020:10706119
Tnfsf13,Tnfrsf1a,General Signaling,Baccin2019:10706119;CellTalkDB:10706119;Cellinker:10706119;HPRD:10706119;LRdb:10706119;connectomeDB2020:10706119
Tnfsf4,Traf2,General Signaling,Baccin2019:9418902;CellTalkDB:9418902;Cellinker:9418902;HPRD:9418902;LRdb:9418902;SPIKE_LC:16713569
Tnfsf9,Fcrl1,General Signaling,Cellinker:32589946
Tnfsf9,Pvr,General Signaling,CellTalkDB:32103204
Tnfsf9,Traf2,General Signaling,CellTalkDB:9607925;Cellinker:9607925;HPRD:9607925;LRdb:9607925;SPIKE_LC:16713569
Tpo,Mpl,General Signaling,Cellinker:30803992
Tpsab1,F2rl1,General Signaling,
Tpsb2,F2rl1,General Signaling,Cellinker:9020112
Tpsg1,Sirpa,General Signaling,Cellinker:32589946
Traf2,Map4k2,General Signaling,HPRD:9712898;NetPath:9712898;SIGNOR:9712898;SPIKE_LC:16713569
Traf2,Tnfrsf1b,General Signaling,BioGRID:11907088;BioGRID:18671942;CancerCellMap:11112773;CancerCellMap:14743216;CancerCellMap:7544915;CancerCellMap:8548810;HPRD:7639698;HPRD:8069916;HPRD:8702708;HPRD:9461607;InnateDB:15572357;InnateDB:8855313;InnateDB:9168896;Lit-BM-17:10206649;Lit-BM-17:11907088;Lit-BM-17:14743216;Lit-BM-17:18671942;Lit-BM-17:7639698;Lit-BM-17:8069916;Lit-BM-17:8548810;Lit-BM-17:8702708;Lit-BM-17:8710854;Lit-BM-17:9162022;Lit-BM-17:9168896;Macrophage:8069916;Macrophage:8702708;NetPath:11112773;NetPath:15485837;NetPath:7544915;SPIKE:14743216;SPIKE:16713569;SPIKE:7544915;SPIKE:8069916;SPIKE_LC:14743216;SPIKE_LC:16713569;SPIKE_LC:7544915;SPIKE_LC:8069916
Treml1,Kir3dl1,General Signaling,
Treml4,Siglece,General Signaling,
Treml4,Siglecf,General Signaling,Cellinker:32589946
Trf,Tfr2,General Signaling,Baccin2019:11027676;CellTalkDB:11027676;Cellinker:11027676;HPRD:11027676;LRdb:11027676;connectomeDB2020:11027676
Trf,Tfrc,General Signaling,Baccin2019:12210842;Baccin2019:16354665;Baccin2019:6268632;Baccin2019:6270680;CellTalkDB:16354665;Cellinker:12210842;Cellinker:16354665;Cellinker:6268632;Cellinker:6270680;DIP:14691533;DIP:16271884;DIP:20404192;DIP:21788477;DIP:9546397;HPMR:6270680;HPRD:12210842;HPRD:16354665;HPRD:6268632;IntAct:14691533;IntAct:16271884;IntAct:16354665;IntAct:20404192;IntAct:21788477;IntAct:29302006;LRdb:12210842;LRdb:16354665;LRdb:6268632;LRdb:6270680;Lit-BM-17:11027676;Lit-BM-17:14691533;Lit-BM-17:16271884;Lit-BM-17:16354665;Lit-BM-17:9546397;SPIKE_LC:17145710;connectomeDB2020:12210842;connectomeDB2020:16354665;connectomeDB2020:6268632;connectomeDB2020:6270680
Tshb,Adcyap1r1,General Signaling,CellTalkDB:32196115
Tshb,Adrb2,General Signaling,CellTalkDB:32196115
Tshb,Adrb3,General Signaling,CellTalkDB:32196115
Tshb,Gpr20,General Signaling,CellTalkDB:32196115
Tshb,Gpr84,General Signaling,CellTalkDB:32196115
Tshb,Pth1r,General Signaling,CellTalkDB:32196115
Tshb,Ramp2,General Signaling,CellTalkDB:32196115
Tshb,Ramp3,General Signaling,CellTalkDB:32196115
Tshb,Vipr1,General Signaling,CellTalkDB:32196115
Tspan3,Adam10,General Signaling,Cellinker:31112308
Tspan3,Cldn11,General Signaling,Cellinker:31112308;HPRD:11309411
Tspan33,Adam10,General Signaling,IntAct:23091066;IntAct:26686862;SIGNOR:30463011
Tspan33,Cldn11,General Signaling,Cellinker:31112308
Tspan5,Tspan13,General Signaling,Cellinker:17965585
Ttr,Apoa1,General Signaling,HPRD:10627502
Ttr,Ngfr,General Signaling,
Tyrobp,Klrd1,General Signaling,InnateDB:15845448
Tyrobp,Trem1,General Signaling,Cellinker:18192027;HPRD:10799849;InnateDB:10799849;LRdb:18192027
Ucn2,Il10rb,General Signaling,Baccin2019:11416224;CellTalkDB:11416224;Cellinker:11416224;HPRD:11416224;LRdb:11416224;connectomeDB2020:11416224
Ucn3,Il10rb,General Signaling,Baccin2019:11416224;CellTalkDB:11416224;Cellinker:11416224;HPRD:11416224;LRdb:11416224;connectomeDB2020:11416224
Vcam1,Ezr,General Signaling,CellTalkDB:12082081;Cellinker:12082081;HPRD:12082081;InnateDB:12082081;LRdb:12082081
Vcam1,Itga4,General Signaling,BioGRID:22623428;CellTalkDB:11751331;LRdb:11751331;Lit-BM-17:19738201;Lit-BM-17:22623428;connectomeDB2020:11751331
Vcam1,Itga9,General Signaling,CellTalkDB:10926928;connectomeDB2020:10209034
Vcam1,Itgb1,General Signaling,CellTalkDB:11751331;Cellinker:11751331;Cellinker:12097820;Cellinker:19057841;HPRD:12097820;HPRD:19057841;IntAct:19738201;LRdb:11751331;LRdb:12097820;LRdb:19057841;Lit-BM-17:19738201;Lit-BM-17:22623428;connectomeDB2020:11751331;connectomeDB2020:12097820;connectomeDB2020:19057841
Vcam1,Itgb2l,General Signaling,
Vcam1,Itgb7,General Signaling,CellTalkDB:12682249;Cellinker:12682249;HPRD:12682249;LRdb:12682249;connectomeDB2020:12682249
Vcam1,Msn,General Signaling,CellTalkDB:12082081;Cellinker:12082081;HPRD:12082081;HPRD:7884872;InnateDB:12082081;LRdb:12082081;Lit-BM-17:12082081;Lit-BM-17:19738201;Lit-BM-17:22623428;Lit-BM-17:23463506
Vcan,Cd44,General Signaling,Baccin2019:16045811;BioGRID:10950950;CellTalkDB:10950950;Cellinker:10950950;HPRD:10950950;ICELLNET:10950950;InnateDB:10950950;LRdb:10950950;MatrixDB:12556525;connectomeDB2020:10950950
Vcan,Egfr,General Signaling,Baccin2019:23449934;CellTalkDB:16045811;Cellinker:16045811;LRdb:16045811;Ramilowski2015:16045811;connectomeDB2020:16045811;talklr:16045811
Vcan,Itga4,General Signaling,CellTalkDB:11083865;Cellinker:11083865;HPRD:11083865;LRdb:11083865
Vcan,Itgb1,General Signaling,CellTalkDB:11805102;Cellinker:11805102;HPRD:11805102;LRdb:11805102;connectomeDB2020:11805102
Vcan,Sell,General Signaling,Baccin2019:16148216;CellTalkDB:32196115;InnateDB:10221651;InnateDB:10950950;MatrixDB:12556525
Vcan,Selp,General Signaling,Baccin2019:10950950;CellTalkDB:10950950;Cellinker:10950950;HPRD:10950950;InnateDB:10950950;LRdb:10950950;MatrixDB:12556525;connectomeDB2020:10950950
Vcan,Selplg,General Signaling,Cellinker:16045811;HPRD:15522894;InnateDB:15522894
Vcan,Tlr2,General Signaling,Baccin2019:19608024;CellTalkDB:19122641;Cellinker:19122641;LRdb:19122641;Ramilowski2015:19122641;connectomeDB2020:19122641;talklr:19122641
Vegfa,Gpc1,General Signaling,CellTalkDB:10196157;Cellinker:10196157;HPRD:10196157;LRdb:10196157;connectomeDB2020:10196157
Vegfa,Nrp1,General Signaling,Baccin2019:10409677;Baccin2019:11986311;Baccin2019:15637071;Baccin2019:16763549;Baccin2019:17222790;Baccin2019:9529250;BioGRID:11986311;BioGRID:20363638;CellTalkDB:11986311;Cellinker:10409677;Cellinker:11986311;Cellinker:15637071;Cellinker:16763549;Cellinker:17222790;Cellinker:9529250;DIP:10498602;DIP:11333271;DIP:9712843;HPRD:10409677;HPRD:11986311;HPRD:16763549;HPRD:17222790;HPRD:9529250;ICELLNET:11181169;ICELLNET:21653826;IntAct:16763549;IntAct:17222790;LRdb:10409677;LRdb:11986311;LRdb:15637071;LRdb:16763549;LRdb:17222790;LRdb:9529250;Lit-BM-17:10498602;Lit-BM-17:11333271;Lit-BM-17:11986311;Lit-BM-17:16423422;Lit-BM-17:16763549;Lit-BM-17:17222790;Lit-BM-17:18325345;Lit-BM-17:20363638;Lit-BM-17:21939755;Lit-BM-17:22318724;Lit-BM-17:22897854;Lit-BM-17:9529250;Lit-BM-17:9712843;SPIKE_LC:16763549;SPIKE_LC:17145710;connectomeDB2020:10409677;connectomeDB2020:11986311;connectomeDB2020:15637071;connectomeDB2020:16763549;connectomeDB2020:17222790;connectomeDB2020:9529250
Vegfa,Nrp2,General Signaling,Baccin2019:10748121;CellTalkDB:10748121;Cellinker:10748121;DIP:10748121;ELM:26991001;HPRD:10748121;ICELLNET:11181169;LRdb:10748121;connectomeDB2020:10748121
Vegfb,Kdr,General Signaling,Cellinker:27834687
Vegfb,Nrp1,General Signaling,Baccin2019:40967710409677;CellTalkDB:10409677;Cellinker:10409677;Cellinker:409677;HPRD:10409677;ICELLNET:11181169;LRdb:1041;LRdb:409677;connectomeDB2020:10409677;connectomeDB2020:409677
Vegfb,Ret,General Signaling,CellTalkDB:32196115
Vegfc,Nrp2,General Signaling,Baccin2019:8612600;CellTalkDB:8612600;Cellinker:8612600;ELM:25752543;ICELLNET:16621967;LRdb:8612600;SIGNOR:16816121;connectomeDB2020:8612600
Vegfc,Vipr2,General Signaling,Cellinker:12881528;LRdb:12881528;connectomeDB2020:12881528
Vegfd,Flt1,General Signaling,CellTalkDB:32196115
Vegfd,Itga1,General Signaling,CellTalkDB:32196115
Vegfd,Itga2,General Signaling,CellTalkDB:32196115
Vegfd,Itga4,General Signaling,CellTalkDB:32196115
Vegfd,Itga5,General Signaling,CellTalkDB:32196115
Vegfd,Itga9,General Signaling,CellTalkDB:15590642;Cellinker:15590642;HPRD:15590642;connectomeDB2020:15590642
Vegfd,Itgb1,General Signaling,CellTalkDB:15590642
Vegfd,Nrp2,General Signaling,CellTalkDB:16816121;Cellinker:16816121;Cellinker:9435229;connectomeDB2020:16816121;connectomeDB2020:9435229
Vgf,Ntrk1,General Signaling,
Vip,Adcyap1r1,General Signaling,Baccin2019:10583729;Baccin2019:11931347;Baccin2019:16930633;CellTalkDB:10583729;Cellinker:10583729;Cellinker:11931347;Cellinker:12488235;Cellinker:16930633;Guide2Pharma:10583729;Guide2Pharma:11931347;Guide2Pharma:16930633;LRdb:10583729;LRdb:11931347;LRdb:16930633;connectomeDB2020:10583729;connectomeDB2020:11931347;connectomeDB2020:16930633;scConnect:10583729;scConnect:11931347;scConnect:16930633
Vsig10,Il6st,General Signaling,
Vsir,Vsig8,General Signaling,Cellinker:32589946
Vstm4,Mog,General Signaling,
Vtcn1,Btla,General Signaling,Cellinker:12796776;HPRD:12796776
Vtn,Itga5,General Signaling,CellTalkDB:11331280;Cellinker:11331280;Cellinker:23154389;LRdb:11331280;connectomeDB2020:11331280
Vtn,Itgb6,General Signaling,CellTalkDB:8120056;Cellinker:8120056;HPRD:8120056;LRdb:8120056;connectomeDB2020:8120056
Vtn,Kdr,General Signaling,CellTalkDB:32196115;Cellinker:31677479
Vtn,Pvr,General Signaling,CellTalkDB:11437656;Cellinker:11437656;HPRD:11437656;LRdb:11437656;SPIKE_LC:16189514;connectomeDB2020:11437656
Vtn,Tnfrsf11b,General Signaling,CellTalkDB:15799029;Cellinker:15799029;HPRD:15799029;LRdb:15799029;connectomeDB2020:15799029
Vwf,Adamts13,General Signaling,DIP:18492805;HPRD:12775718;HPRD:15824096;InnateDB:18577516;IntAct:16221672;IntAct:18492805;IntAct:25512528;Lit-BM-17:16221672;Lit-BM-17:18492805;Lit-BM-17:25512528;SPIKE_LC:16221672;SPIKE_LC:17145710
Vwf,F8,General Signaling,DIP:18492805;HPRD:3134349;HPRD:9218428;IntAct:18492805;IntAct:27749002;Lit-BM-17:18492805;Lit-BM-17:9218428;SIGNOR:23020315
Vwf,Tnfrsf11b,General Signaling,Baccin2019:15799029;CellTalkDB:15799029;Cellinker:15799029;HPRD:15799029;LRdb:15799029;connectomeDB2020:15799029
Wbp1,Ctla4,General Signaling,
Wfikkn2,Igdcc3,General Signaling,Cellinker:32822567
Wfikkn2,Igdcc4,General Signaling,Cellinker:32822567
Wfikkn2,Prtg,General Signaling,Cellinker:32822567
Wif1,Ryk,General Signaling,CellTalkDB:28529460
Wnt1,Ror2,General Signaling,CellTalkDB:15388793;NetPath:18762249;connectomeDB2020:15388793
Wnt1,Ryk,General Signaling,Baccin2019:1545408415454080;CellTalkDB:15454084;Cellinker:15454084;HPRD:15454084;LRdb:15454084;NetPath:15454084;SIGNOR:15454084;SPIKE:15454084;SPIKE_LC:15454084;SignaLink3:15454084;SignaLink3:23331499;connectomeDB2020:15454084
Wnt11,Klrg2,General Signaling,CellTalkDB:32103204
Wnt11,Lrp6,General Signaling,SIGNOR:15578921
Wnt11,Musk,General Signaling,CellTalkDB:22309736;SIGNOR:22309736;SIGNOR:23151663
Wnt3,Ror2,General Signaling,CellTalkDB:15388793;NetPath:15388793
Wnt3,Ryk,General Signaling,Baccin2019:15454084;CellTalkDB:15454084;Cellinker:15454084;LRdb:15454084;connectomeDB2020:15454084
Wnt3a,Apcdd1,General Signaling,CellTalkDB:20393562;Cellinker:20393562;LRdb:20393562;Ramilowski2015:20393562;connectomeDB2020:20393562;talklr:20393562
Wnt3a,Lrp1,General Signaling,Baccin2019:14739301;CellTalkDB:14739301;Cellinker:14739301;HPRD:14739301;LRdb:14739301;connectomeDB2020:14739301
Wnt3a,Ryk,General Signaling,Baccin2019:15454084;CellTalkDB:15454084;Cellinker:15454084;HPRD:15454084;LRdb:15454084;NetPath:15454084;SIGNOR:15454084;SPIKE:15454084;SPIKE_LC:15454084;SignaLink3:15454084;SignaLink3:18988627;SignaLink3:23331499;connectomeDB2020:15454084
Wnt4,Notch1,General Signaling,CellTalkDB:32103204
Wnt4,Smo,General Signaling,CellTalkDB:32103204
Wnt5a,Lrp5,General Signaling,Baccin2019:19056682;CellTalkDB:16602827;LRdb:16602827;Ramilowski2015:16602827;connectomeDB2020:16602827;talklr:16602827
Wnt5a,Lrp6,General Signaling,Baccin2019:28143772;CellTalkDB:23462101;Cellinker:18606138;NetPath:19056682;SIGNOR:15578921
Wnt5a,Ror1,General Signaling,CellTalkDB:18287027;Cellinker:18287027;LRdb:18287027;NetPath:18287027;Ramilowski2015:18287027;SIGNOR:22343533;SIGNOR:23151663;SIGNOR:26690702;SignaLink3:21481194;SignaLink3:23331499;connectomeDB2020:18287027;talklr:18287027
Wnt5a,Ror2,General Signaling,Baccin2019:12839624;CellTalkDB:12839624;Cellinker:18606138;HPRD:12839624;LRdb:12839624;NetPath:12839624;SIGNOR:26690702;SPIKE:12839624;SPIKE:20215527;SPIKE:21069266;SPIKE_LC:12839624;SPIKE_LC:20215527;SPIKE_LC:21069266;SignaLink3:17203201;SignaLink3:23331499;connectomeDB2020:12839624
Wnt5a,Ryk,General Signaling,Baccin2019:15598975;CellTalkDB:15598975;Cellinker:15598975;HPMR:15598975;LRdb:15598975;SIGNOR:22773843;connectomeDB2020:15598975
Wnt5b,Klrg2,General Signaling,CellTalkDB:32103204
Wnt5b,Lrp5,General Signaling,SIGNOR:15578921
Wnt5b,Lrp6,General Signaling,SIGNOR:15578921
Wnt7b,Adgra2,General Signaling,Cellinker:28289266
Wnt7b,Tmed5,General Signaling,CellTalkDB:30394198
Wnt9a,Chrna1,General Signaling,SIGNOR:22309736
Wnt9a,Musk,General Signaling,SIGNOR:22309736
Wnt9b,Chrna1,General Signaling,SIGNOR:22309736
Xcl1,Adgrv1,General Signaling,CellTalkDB:32103204
Yars,Cxcr1,General Signaling,
Zdhhc5,S1pr1,General Signaling,SIGNOR:29185452
Znrf3,Fzd2,General Signaling,SIGNOR:22575959;SIGNOR:23151663
Znrf3,Fzd4,General Signaling,SIGNOR:22575959
Znrf3,Fzd5,General Signaling,SIGNOR:22575959
Znrf3,Fzd6,General Signaling,SIGNOR:22575959
Znrf3,Fzd8,General Signaling,SIGNOR:22575959
Znrf3,Lrp6,General Signaling,BioGRID:36131013;SIGNOR:22575959;SIGNOR:23151663
Zp3,Chrna7,General Signaling,connectomeDB2020:22577141
Zp3,Egfr,General Signaling,CellTalkDB:22577141;connectomeDB2020:22577141
Zp3,Mertk,General Signaling,
Zpbp2,Cd80,General Signaling,Cellinker:32822567
a,Atrn,General Signaling,Baccin2019:11137996;CellTalkDB:11137996;Cellinker:11137996;HPMR:11137996;LRdb:11137996;SIGNOR:11137996;connectomeDB2020:11137996
a,F11r,General Signaling,Baccin2019:11447115;HPRD:11447115;LRdb:11447115;connectomeDB2020:11447115
a,Mc1r,General Signaling,Baccin2019:128513289058374;CellTalkDB:12851328;Cellinker:12851328;Cellinker:9058374;HPRD:9058374;LRdb:12851328;LRdb:91;SIGNOR:14500544;SIGNOR:20371771;connectomeDB2020:12851328;connectomeDB2020:9058374
a,Mc2r,General Signaling,Baccin2019:9058374;CellTalkDB:9058374;Cellinker:9058374;HPRD:9058374;LRdb:9058374;SIGNOR:20371771;connectomeDB2020:9058374
a,Mc3r,General Signaling,Baccin2019:9058374;CellTalkDB:9058374;Cellinker:9058374;HPRD:9058374;LRdb:9058374;SIGNOR:20371771;connectomeDB2020:9058374
a,Mc4r,General Signaling,Baccin2019:9058374;CellTalkDB:9058374;Cellinker:9058374;HPRD:9058374;LRdb:9058374;SIGNOR:20371771;connectomeDB2020:9058374
a,Mc5r,General Signaling,Baccin2019:9058374;CellTalkDB:9058374;Cellinker:9058374;HPRD:9058374;LRdb:9058374;SIGNOR:20371771;connectomeDB2020:9058374
a,Mgrn1,General Signaling,CellTalkDB:21460229;Cellinker:12851328;HPMR:12851328
Wnt3,Egfr,General Signaling,17374561
Wnt3,Ror1,General Signaling,21078818
Wnt9a,Egfr,General Signaling,31110287
Fgf23,Kl,General Signaling,30451736
Ccl2,Ccr4,General Signaling,28836736
Cdh1,Fgfr1,General Signaling,26420260
Cdh1,Ptprj,General Signaling,28926625
Il4,Il2ra,General Signaling,16293754
Il4,Tlr2,General Signaling,"12600829,12692544"
Efnb2,Epha7,General Signaling,25139858
Bmp8b,Tgfbr2,General Signaling,28465413
Shh,Pvr,General Signaling,11983699
Shh,Gpc1,General Signaling,23931997
Shh,Gpc6,General Signaling,28696225
Shh,Cav1,General Signaling,19139721
Shh,Gas1,General Signaling,11782947
Comp,Notch1,General Signaling,29981303
Comp,Notch3,General Signaling,30502484
Gdf15,Egfr,General Signaling,24554716
Gdf15,Tgfbr1,General Signaling,27235139
Pgf,Egfr,General Signaling,14764825
Zp3,Zp3r,General Signaling,"8188752,2009326"
App,Trpc6,General Signaling,26581893
App,Dcc,General Signaling,22782894
App,Lrp8,General Signaling,16227578
App,Sorcs1,General Signaling,26119586
App,Lrp4,General Signaling,23986861
App,Casr,General Signaling,"28455519,31719824"
App,Lrp2,General Signaling,20637285
App,Tspan12,General Signaling,28066176
App,Notch2,General Signaling,16515557
App,Lrp10,General Signaling,22734645
App,Gpr3,General Signaling,24069330
App,Tspan15,General Signaling,28066176
App,Cd47,General Signaling,21203512
App,Vldlr,General Signaling,22429478
App,Adra2a,General Signaling,28646018
App,Notch1,General Signaling,16515557
App,Lrp6,General Signaling,30232325
App,Cav1,General Signaling,9553108
App,Drd3,General Signaling,16524466
Tnfsf14,Fas,General Signaling,12384428
Timp1,Itgb1,General Signaling,30121936
Timp1,Lrp1,General Signaling,"28710453,25075518"
Wnt3a,Ptk7,General Signaling,28420671
Psen2,Notch2,General Signaling,30059908
Wnt8a,Ptk7,General Signaling,21772251
Plg,Lrp2,General Signaling,7673355
Plg,Igf2r,General Signaling,21273553
Csf1,Flt4,General Signaling,"7970715,7898938"
Ceacam16,Tectb,General Signaling,25080593
Ceacam16,Tecta,General Signaling,25080593
Hspa8,Aqp2,General Signaling,17636261
Lnx2,Cd8a,General Signaling,22045731
Lnx2,Cxadr,General Signaling,16410001
Ada,Adora2b,General Signaling,15983379
Ada,Dpp4,General Signaling,15213224
Ada,Adora1,General Signaling,"8601428,15983379"
Mmp9,Tlr4,General Signaling,"23827939,21873432"
Gdf9,Acvr1c,General Signaling,18633140
Il3,Il2ra,General Signaling,29685196
Il3,Il4ra,General Signaling,23071691
Calm3,Grm7,General Signaling,10488094
Calm3,Scn10a,General Signaling,16598065
Calm3,Scn4a,General Signaling,12967988
Calm3,Trpc5,General Signaling,15987684
Calm3,Kcnq3,General Signaling,12223552
Calm3,Adcy8,General Signaling,24071896
Vip,Npr3,General Signaling,16723209
Vip,Dpp4,General Signaling,26919392
Vip,Ramp2,General Signaling,23745705
Vip,Ramp1,General Signaling,15361343
Vip,Ramp3,General Signaling,23745705
Ccn2,Egfr,General Signaling,23929714
Hsp90b1,Tlr9,General Signaling,20865800
Hsp90b1,Tlr2,General Signaling,11912201
Hsp90b1,Tlr4,General Signaling,28056051
Hsp90b1,Lrp6,General Signaling,23572575
Gng4,Kcnj6,General Signaling,27074662
Edn1,Kel,General Signaling,10438732
Sema4d,Plxna2,General Signaling,20881961
Thbs4,Notch1,General Signaling,23615612
Plau,Mrc2,General Signaling,11413046
Vcl,Alk,General Signaling,21213368
Arf4,Lrp2,General Signaling,28366874
Tnfsf11,Lgr4,General Signaling,27064449
Tnfsf11,Itga2b,General Signaling,27010197
Clu,Lrp8,General Signaling,24381170
Clu,Vldlr,General Signaling,24381170
Gdnf,Gfra4,General Signaling,"9740802,10860579"
Gdnf,Gfra3,General Signaling,"9407096,9452475"
Gdnf,Sdc3,General Signaling,21200028
Gdnf,Sorl1,General Signaling,21994944
Bmp15,Acvr1c,General Signaling,18633140
Gnb3,Kcnj6,General Signaling,27074662
Tff2,Muc6,General Signaling,26201258
Ntn3,Dcc,General Signaling,10366627
C3,Cd55,General Signaling,15536079
C3,Cd81,General Signaling,"7542009,15886112"
Apom,Lrp2,General Signaling,16099815
Tnf,Rhbdf2,General Signaling,29369823
Hbegf,Erbb3,General Signaling,8702723
Slit1,Plxna1,General Signaling,25485759
Hras,Tlr9,General Signaling,12867418
Hras,Tlr2,General Signaling,15496409
Il17a,Il17rd,General Signaling,23047677
Ctla4,Cd80,General Signaling,"11052947,8609386"
Mdk,Lrp6,General Signaling,21185956
Bmp2,Tgfbr3,General Signaling,22237159
Cst3,Lrp2,General Signaling,17462596
Edn3,Kel,General Signaling,10438732
Efna1,Epha10,General Signaling,"9330863,11114742"
Efna3,Erbb2,General Signaling,9330863
Tln1,Itgal,General Signaling,"22431571,22075696"
Tln1,Itgb1,General Signaling,20332112
Edn2,Kel,General Signaling,10438732
Sema3c,Plxnb1,General Signaling,29348142
Hgf,Itgb1,General Signaling,24844558
Hgf,Nrp2,General Signaling,22948112
Hgf,Plxnb1,General Signaling,20164843
Rspo1,Znrf3,General Signaling,"28467820,29405118"
Gnb1,Kcnj6,General Signaling,27074662
Pf4,Lrp1,General Signaling,20806113
Areg,Erbb4,General Signaling,8702723
Cxcl3,Cxcr3,General Signaling,8702798
Pla2g1b,Pla2r1,General Signaling,10922494
Gng11,Kcnj6,General Signaling,27074662
Epo,Mpl,General Signaling,8628315
Gnb2,Kcnj6,General Signaling,27074662
Npy,Dpp4,General Signaling,30759373
Bmp10,Alk,General Signaling,24053899
Wnt7a,Adgra2,General Signaling,25373781
Rtn2,Rtn4r,General Signaling,17189258
Vasp,Itga4,General Signaling,28320969
Mfge8,Itgb1,General Signaling,27092791
Fadd,Tradd,General Signaling,8565075
Cd40lg,Traf1,General Signaling,17332487
Bgn,P2rx7,General Signaling,19605353
Vegfd,Fgfr2,General Signaling,15215251
Vegfc,Ccbe1,General Signaling,27159393
Vegfc,Itgb1,General Signaling,15590642
Vegfc,Itga9,General Signaling,15590642
Il15,Il11ra1,General Signaling,15499555
Mmp2,Itgb1,General Signaling,"24611815,22349830"
Jam3,Itga4,General Signaling,19740376
Jam3,Itgal,General Signaling,29282280
Lipc,Scarb1,General Signaling,"10393214,9831632"
Ptgs2,Ptger4,General Signaling,21311040
Ptgs2,Ptger3,General Signaling,"22915243,15925391,21311040"
Ptgs2,Ptger2,General Signaling,22522619
Tdgf1,Fzd7,General Signaling,29445127
Apob,Scarb1,General Signaling,21157967
Apob,Mttp,General Signaling,29650752
Apob,Cd36,General Signaling,12543251
Wnt4,Musk,General Signaling,22253844
Fgf2,Ptprz1,General Signaling,9705269
Serpine1,Lrp1b,General Signaling,12194987
Serpine1,Vldlr,General Signaling,"10504332,7657671"
Ccl5,Ccrl2,General Signaling,21056554
Ccl5,Ackr4,General Signaling,21056554
Lman1,Mcfd2,General Signaling,23852824
Tnfsf9,Traf1,General Signaling,30524423
Pth2,Ramp1,General Signaling,22434106
Lefty1,Acvr1,General Signaling,15531373
Gng10,Kcnj6,General Signaling,27074662
Wnt8b,Ptk7,General Signaling,21772251
Crp,Tlr4,General Signaling,20670634
Thbs1,Itga1,General Signaling,10446179
Thbs1,Vldlr,General Signaling,18032585
Thbs1,Ptprj,General Signaling,27149518
Thbs1,Itga2,General Signaling,"9529384,10397731"
Nrtn,Sdc3,General Signaling,21200028
Cxcl10,Cxcr4,General Signaling,11714827
S100b,Fgfr1,General Signaling,21693575
Calm2,Grm7,General Signaling,10488094
Calm2,Scn10a,General Signaling,16598065
Calm2,Cacna1c,General Signaling,19340532
Calm2,Trpc5,General Signaling,15987684
Calm2,Kcnq3,General Signaling,12223552
Efnb1,Epha6,General Signaling,10792438
Efnb1,Epha5,General Signaling,10792438
Fn1,Flrt2,General Signaling,24585683
Il18,Il18bp,General Signaling,24115947
Arf6,Pld1,General Signaling,30944160
Cd14,Itga4,General Signaling,17274987
Cd14,Itgb1,General Signaling,17274987
Cd14,Tlr9,General Signaling,21078886
Gnai2,Adra2b,General Signaling,2169434
Gnai2,Drd2,General Signaling,10978845
Gnai2,C5ar1,General Signaling,7962171
Bdnf,Bex3,General Signaling,10764727
S100a1,Ryr1,General Signaling,30101473
Adam10,Cadm1,General Signaling,22172944
Artn,Sdc3,General Signaling,21200028
Adam12,Epha1,General Signaling,23686306
Slit3,Robo3,General Signaling,10102268
Slit3,Plxna1,General Signaling,25485759
Adcyap1,Adrb3,General Signaling,25056115
Adcyap1,Ramp2,General Signaling,23745705
Rspo2,Znrf3,General Signaling,26123262
Adam17,Aplp2,General Signaling,20139073
Adam17,Ghr,General Signaling,14519102
Adam17,Rhbdf2,General Signaling,28104813
Dmp1,Phex,General Signaling,22339660
Postn,Itgb1,General Signaling,27234502
Cxcl12,Itga4,General Signaling,29301984
Cxcl12,Oprm1,General Signaling,17049756
Sema3e,Plxna1,General Signaling,11239433
Bmp4,Musk,General Signaling,27601729
Osm,Il11ra1,General Signaling,7957045
Itgb1bp1,Itgb1,General Signaling,17567669
Gnb5,Kcnj6,General Signaling,27074662
Gng8,Kcnj6,General Signaling,27074662
Pth,Ramp1,General Signaling,15361343
Icam1,Ahr,General Signaling,11448147
Gng5,Kcnj6,General Signaling,27074662
Gng3,Kcnj6,General Signaling,27074662
Gng7,Kcnj6,General Signaling,27074662
Fyn,Thy1,General Signaling,25416548
Selplg,Cxcr2,General Signaling,30068506
Psen1,Ephb2,General Signaling,17428795
Psen1,Erbb4,General Signaling,15746097
Pla2g5,Pla2r1,General Signaling,24667060
Rtn4,Rtn4rl2,General Signaling,14664809
Lgals9,Clec7a,General Signaling,28394331
Ntn1,Robo3,General Signaling,25433640
Calm1,Kcnn4,General Signaling,32075037
Calm1,Cacna1c,General Signaling,19340532
Calm1,Grm4,General Signaling,19822743
Lgals3,Mag,General Signaling,7539053
Afdn,Nrxn3,General Signaling,9707552
Sytl3,Nrxn1,General Signaling,11243866
Slit2,Plxna1,General Signaling,25485759
Wnt11,Ryk,General Signaling,18809723
Nts,Ngfr,General Signaling,"24121693,15654845"
Bsg,Itgb2,General Signaling,17996943
Cd14,Itgb2,General Signaling,14625477
Plau,Itgb2,General Signaling,21969013
Plg,Itgb2,General Signaling,25261488
Tln1,Itgb2,General Signaling,17114441
Angpt2,Itgb2,General Signaling,21868579
Hsp90b1,Pparg,General Signaling,30128052
Bmp7,Acvrl1,General Signaling,15851468
Bmp15,Acvr1b,General Signaling,23382188
Lgals8,Itga3,General Signaling,10852818
Lgals3,Itga3,General Signaling,28893801
Serpine2,Plaur,General Signaling,"14679304,8027043,29501420"
Srpx2,Plaur,General Signaling,19667118
Plg,Plaur,General Signaling,10092105
Ceacam1,Plaur,General Signaling,19020551
Vegfa,Axl,General Signaling,22327215
Hras,Grin2d,General Signaling,10862698
Fn1,Cd79a,General Signaling,2016522
Fyn,Cd244a,General Signaling,15713798
Egf,Cd44,General Signaling,"7532176,29321661"
Bsg,Cd44,General Signaling,26684586
Vim,Cd44,General Signaling,22216242
Anxa2,Cd44,General Signaling,"16177123,10459018"
Fgf1,Cd44,General Signaling,29812912
Bgn,Cd44,General Signaling,"30712922,30776184,30712922"
Wnt3a,Igf1r,General Signaling,24298236
Areg,Igf1r,General Signaling,15033751
Gnai2,Igf1r,General Signaling,23186281
Adam10,Fcer2a,General Signaling,17072319
Il33,Kit,General Signaling,20200353
Fgf2,Kit,General Signaling,22645180
Gnas,Pth1r,General Signaling,28363951
Afdn,Nectin4,General Signaling,11544254
Adam17,Nectin4,General Signaling,28232483
Tdgf1,Tgfbr1,General Signaling,28126904
Bmp10,Tgfbr1,General Signaling,17068149
Inhba,Tgfbr1,General Signaling,17192514
Gdf3,Tgfbr1,General Signaling,16368929
Egf,Cav1,General Signaling,19641024
Bsg,Cav1,General Signaling,"20674741,15201341"
Igfbp5,Cav1,General Signaling,20345844
Gnai2,Cav1,General Signaling,8621645
Hras,Cav1,General Signaling,8621645
Calm1,Kcnq1,General Signaling,16556866
Calml3,Kcnq1,General Signaling,26184980
Lgals3,Mertk,General Signaling,28500071
Apoe,Sdc4,General Signaling,24751902
Ceacam1,Sdc4,General Signaling,21397842
Htra2,Cd40,General Signaling,20614026
Lgals9,Cd40,General Signaling,22685601
Tnf,Cd40,General Signaling,10875917
Adam17,Cd40,General Signaling,"24189063,24189063"
Ptpn6,Cd22,General Signaling,7618087
Ptgs2,Ptger1,General Signaling,11238561
Ptpn6,Ros1,General Signaling,"11266449,15456853"
Ptpn11,Ros1,General Signaling,16885344
Selplg,Vsir,General Signaling,31645726
Cxcl12,Avpr1a,General Signaling,29386406
Tnfsf12,Egfr,General Signaling,24037740
Il6,Egfr,General Signaling,9162741
Hsp90aa1,Egfr,General Signaling,22952420
Postn,Egfr,General Signaling,16702213
Efnb1,Egfr,General Signaling,23811940
Osm,Egfr,General Signaling,27110918
Agtrap,Rack1,General Signaling,11733189
Lypd3,Agr2,General Signaling,25646014
Apoe,Sdc1,General Signaling,23576506
Sema6d,Nrcam,General Signaling,22632726
Hmgb1,Itgb3,General Signaling,"20826760,20826760"
Cxcl12,Itgb3,General Signaling,29301984
Fgf2,Itgb3,General Signaling,28302677
Vegfa,Itgb3,General Signaling,23053782
Reln,Itgb3,General Signaling,28943410
Lgals3,Itgb3,General Signaling,28893801
Calm1,Scn4a,General Signaling,12967988
Calm2,Scn4a,General Signaling,12967988
Cd40lg,Traf3,General Signaling,"10352240,14568940"
S100a1,Ryr2,General Signaling,20645037
F7,F2rl1,General Signaling,22019885
Fadd,Tnfrsf10b,General Signaling,10862756
Vegfa,Sdc2,General Signaling,30952866
Calm1,Adcy8,General Signaling,24071896
Calm2,Adcy8,General Signaling,24071896
Nptx1,Nptxr,General Signaling,10748068
Cxcl12,Itga5,General Signaling,29301984
Postn,Itga5,General Signaling,12235007
Reln,Itga5,General Signaling,23083738
Thbs1,Itga5,General Signaling,11102749
Angptl8,Gpihbp1,General Signaling,32029511
Apoc3,Gpihbp1,General Signaling,28694296
Afdn,Nectin3,General Signaling,15741237
Wnt7b,Celsr3,General Signaling,26939553
Wnt7a,Celsr3,General Signaling,26939553
Gnai2,Lhcgr,General Signaling,10493819
Calm1,Fas,General Signaling,30003689
Fadd,Fas,General Signaling,"15173180,10894161,17942717"
Thbs1,Itgb8,General Signaling,17353357
Calm1,Mip,General Signaling,23893133
S100a8,Ly96,General Signaling,17767165
Cd14,Ly96,General Signaling,"14517279,28115037"
Sftpd,Ly96,General Signaling,22675254
Hmgb1,Ly96,General Signaling,25559892
Pf4,Ccr1,General Signaling,29930254
Egf,Nrp1,General Signaling,22986738
Ptn,Nrp1,General Signaling,"26408254,26408254"
Hgf,Nrp1,General Signaling,22948112
Cd14,Cd55,General Signaling,10219599
Calm1,Sell,General Signaling,10677354
Bsg,Sele,General Signaling,23135911
Fgf2,Notch1,General Signaling,11466430
Reln,Notch1,General Signaling,18957219
Egfl7,Notch1,General Signaling,"22160377,19503073"
Wnt5a,Notch1,General Signaling,30347193
Cd40lg,Traf2,General Signaling,"14568940,10352240"
Adam17,Itgb6,General Signaling,23888051
Thbs1,Itgb6,General Signaling,17353357
Il1f8,Il1f5,General Signaling,25673295
Adam10,Itgav,General Signaling,11462216
Hmgb1,Itgav,General Signaling,20826760
Cxcl12,Itgav,General Signaling,29301984
Icam1,Itgav,General Signaling,9679155
Adam15,Itgav,General Signaling,"18390692,11882657"
Fgf2,Itgav,General Signaling,"23389628,28302677"
Vegfa,Itgav,General Signaling,26924457
Egfl7,Itgav,General Signaling,29483510
Angpt2,Itgav,General Signaling,26890140
Adam17,Itga6,General Signaling,23888051
Wnt7a,Lrp4,General Signaling,16207730
Vegfa,Npr1,General Signaling,25519242
Adam10,Il6ra,General Signaling,21454673
Cd14,Tlr2,General Signaling,28765651
Bdnf,Insrr,General Signaling,10616905
Bdnf,Ntrk1,General Signaling,"22465479,1935713"
Crp,Fcgr1,General Signaling,17182593
Gdf10,Bmpr1b,General Signaling,22155034
Efnb1,Epha7,General Signaling,10792438
Apoe,Abca1,General Signaling,27922847
Wnt7a,Reck,General Signaling,30304675
Lep,Leprot,General Signaling,25063754
Adam17,Tnfrsf1b,General Signaling,28122773
Thbs1,Scarb2,General Signaling,9478926
Bgn,P2rx4,General Signaling,19605353
Mmp14,Flt1,General Signaling,"27327585,26284550"
Adam10,Gpnmb,General Signaling,29519253
Shank3,Ret,General Signaling,15569713
Apoe,Lrp6,General Signaling,22461740
Apob,Lrp6,General Signaling,22461740
Adam17,Tnfrsf1a,General Signaling,28794434
Fadd,Tnfrsf1a,General Signaling,19194472
Adam17,Cd9,General Signaling,"23052204,21365281"
Adam3,Cd9,General Signaling,11294888
Clec4g,Tyrobp,General Signaling,26943817
Tnfsf9,Tmem126a,General Signaling,22885069
Fgf2,Lyve1,General Signaling,23264596
Lgals3,Il13ra2,General Signaling,29427412
Tac1,Grpr,General Signaling,30554781
Cd14,Tlr3,General Signaling,16473828
Afdn,Nectin1,General Signaling,10225955
Psen1,Nectin1,General Signaling,12376527
Ntn1,Mcam,General Signaling,25656845
Lipc,Ldlr,General Signaling,16384559
Ptma,Vipr1,General Signaling,8886855
Gdf10,Bmpr1a,General Signaling,22155034
Cxcl12,Cmklr1,General Signaling,23469143
Bdnf,Ntrk3,General Signaling,"22465479,18003743"
Ngf,Ntrk3,General Signaling,"18203754,22465479"
Bdnf,Sorcs2,General Signaling,24908487
Ngf,Sorcs2,General Signaling,30061605
Icam1,Muc1,General Signaling,22866263
Adam10,Lrp1,General Signaling,27503326
Vwf,Lrp1,General Signaling,22234691
Ctsd,Lrp1,General Signaling,25786328
Hsp90aa1,Lrp1,General Signaling,30061663
Hspa1b,Lrp1,General Signaling,27925208
Adcyap1,Dpp4,General Signaling,29451201
Bsg,Slc16a1,General Signaling,22131303
Cd14,Tlr4,General Signaling,27986454
Tnc,Tlr4,General Signaling,19561617
Cxcl10,Tlr4,General Signaling,28724396
S100a1,Tlr4,General Signaling,24833748
Bmp4,Hjv,General Signaling,18997172
Ihh,Gpc1,General Signaling,30193893
Adcyap1,Ramp3,General Signaling,23745705
Pon2,Htr2a,General Signaling,16537434
Cd14,C3ar1,General Signaling,22232682
Vwf,Stab2,General Signaling,30124466
Calm1,Trpc5,General Signaling,15987684
Hsp90aa1,Cftr,General Signaling,9843494
Fyn,Spn,General Signaling,8910342
Bsg,Spn,General Signaling,17996943
Lcn2,Slc22a17,General Signaling,"28249896,26635366"
Cxcl12,Oprd1,General Signaling,17049756
Gnai2,Oprd1,General Signaling,1671672
Efna5,Epha10,General Signaling,11114742
Ccl21c,Cxcr3,General Signaling,"9653165,11225989"
Pdcd1lg2,Pdcd2,General Signaling,15207811
Gnai2,Mtnr1b,General Signaling,17215244
Vwf,Itga2,General Signaling,20371742
Tnc,Itga2,General Signaling,"26055518,9219848"
Adam10,Erbb2,General Signaling,16627989
Gnai2,Cnr1,General Signaling,11168387
Hmgb1,Tlr1,General Signaling,19264983
Adam12,Tgfbr2,General Signaling,17620406
Rtn3,Rtn4r,General Signaling,17189258
Calm1,Kcnq3,General Signaling,12223552
Prl8a2,Pgr,General Signaling,28245452
Rgmb,Neo1,General Signaling,27143755
Cxcl12,Gpr17,General Signaling,26971834
Bsg,Slc16a7,General Signaling,26208397
Hmgb1,Itgam,General Signaling,17133598
Col18a1,Itgb5,General Signaling,17823253
Cxcl12,Agtr1a,General Signaling,25775528
Afdn,Nectin2,General Signaling,10733589
Ngf,Sorcs3,General Signaling,24715575
Egfl7,Notch2,General Signaling,19503073
Selenop,Lrp2,General Signaling,"22683052,25974694"
Cubn,Lrp2,General Signaling,11994745
Calm1,Scn10a,General Signaling,16598065
Gdf2,Alk,General Signaling,"15851468,24053899"
Egfl7,Notch3,General Signaling,19503073
Hsp90aa1,Fgfr3,General Signaling,21487019
L1cam,Itgb1,General Signaling,"8557754,12077189"
Lgals3,Itgb1,General Signaling,"29549127,9501082"
Vegfa,Ptprz1,General Signaling,26924457
Gdf10,Acvr1,General Signaling,22155034
Vegfa,Ptprb,General Signaling,26924457
Gng13,Kcnj6,General Signaling,27074662
Gng2,Kcnj6,General Signaling,27074662
Gng12,Kcnj6,General Signaling,27074662
Gnb4,Kcnj6,General Signaling,27074662
Reln,Itga2b,General Signaling,28943410
Ccl21c,Ccr7,General Signaling,10072485
Sftpa1,Sirpa,General Signaling,18420961
Omg,Rtn4rl1,General Signaling,12068310
Ngf,Trpv1,General Signaling,30560783
Vwf,Itga4,General Signaling,9079671
Calm1,Oprm1,General Signaling,16446067
Lgals3,Itgb4,General Signaling,29549127
Selenop,Lrp8,General Signaling,24760755
Slit2,Robo3,General Signaling,22912413
Glu,Grin1,ligand-receptor,
Glu,Grin2a,ligand-receptor,
Glu,Grin2b,ligand-receptor,
Glu,Grin2c,ligand-receptor,
Glu,Grin2d,ligand-receptor,
Glu,Grin3a,ligand-receptor,
Glu,Grin3b,ligand-receptor,
Glu,Gria1,ligand-receptor,
Glu,Gria2,ligand-receptor,
Glu,Gria3,ligand-receptor,
Glu,Gria4,ligand-receptor,
Glu,Grik1,ligand-receptor,
Glu,Grik2,ligand-receptor,
Glu,Grik3,ligand-receptor,
Glu,Grik4,ligand-receptor,
Glu,Grik5,ligand-receptor,
Glu,Grm1,ligand-receptor,
Glu,Grm5,ligand-receptor,
Glu,Grm4,ligand-receptor,
Glu,Grm6,ligand-receptor,
Glu,Grm7,ligand-receptor,
Glu,Grm8,ligand-receptor,
Glu,Grm2,ligand-receptor,
Glu,Grm3,ligand-receptor,
GABA,Gabra1,ligand-receptor,
GABA,Gabra2,ligand-receptor,
GABA,Gabra3,ligand-receptor,
GABA,Gabra4,ligand-receptor,
GABA,Gabra5,ligand-receptor,
GABA,Gabra6,ligand-receptor,
GABA,Gabrb1,ligand-receptor,
GABA,Gabrb2,ligand-receptor,
GABA,Gabrb3,ligand-receptor,
GABA,Gabrg1,ligand-receptor,
GABA,Gabrg2,ligand-receptor,
GABA,Gabrg3,ligand-receptor,
GABA,Gabbr1,ligand-receptor,
GABA,Gabbr2,ligand-receptor,
Gja4,Gja4,ligand-receptor,
Gja8,Gja8,ligand-receptor,
Gja10,Gja10,ligand-receptor,
Gjb1,Gjb1,ligand-receptor,
Gjb2,Gjb2,ligand-receptor,
Gjb3,Gjb3,ligand-receptor,
Gjb4,Gjb4,ligand-receptor,
Gjb5,Gjb5,ligand-receptor,
Gjb6,Gjb6,ligand-receptor,
Gjc2,Gjc2,ligand-receptor,
Gjc3,Gjc3,ligand-receptor,
Gjd2,Gjd2,ligand-receptor,
Gjd3,Gjd3,ligand-receptor,
Gjd4,Gjd4,ligand-receptor,
Gje1,Gje1,ligand-receptor,
Ach,Chrna1,ligand-receptor,
Ach,Chrna2,ligand-receptor,
Ach,Chrna3,ligand-receptor,
Ach,Chrna4,ligand-receptor,
Ach,Chrna5,ligand-receptor,
Ach,Chrna6,ligand-receptor,
Ach,Chrna7,ligand-receptor,
Ach,Chrna9,ligand-receptor,
Ach,Chrna10,ligand-receptor,
Ach,Chrnb1,ligand-receptor,
Ach,Chrnb2,ligand-receptor,
Ach,Chrnb3,ligand-receptor,
Ach,Chrnb4,ligand-receptor,
Ach,Chrnd,ligand-receptor,
Ach,Chrne,ligand-receptor,
Ach,Chrng,ligand-receptor,
Ach,Chrm1,ligand-receptor,
Ach,Chrm2,ligand-receptor,
Ach,Chrm3,ligand-receptor,
Ach,Chrm4,ligand-receptor,
Ach,Chrm5,ligand-receptor,
Ach,Ache,ligand degradation,
Gly,Glra1,ligand-receptor,
Gly,Glra2,ligand-receptor,
Gly,Glra3,ligand-receptor,
Gly,Glra4,ligand-receptor,
Gly,Glrb,ligand-receptor,
Gly,Slc6a9,ligand uptake,
Gly,Slc6a5,ligand uptake,
5HT,Htr1a,ligand-receptor,
5HT,Htr1b,ligand-receptor,
5HT,Htr1d,ligand-receptor,
5HT,Htr1e,ligand-receptor,
5HT,Htr1f,ligand-receptor,
5HT,Htr2a,ligand-receptor,
5HT,Htr2b,ligand-receptor,
5HT,Htr2c,ligand-receptor,
5HT,Htr3a,ligand-receptor,
5HT,Htr3b,ligand-receptor,
5HT,Htr4,ligand-receptor,
5HT,Htr5a,ligand-receptor,
5HT,Htr6,ligand-receptor,
5HT,Htr7,ligand-receptor,
5HT,Slc6a4,ligand uptake,
DA,Drd1,ligand-receptor,
DA,Drd5,ligand-receptor,
DA,Drd2,ligand-receptor,
DA,Drd3,ligand-receptor,
DA,Drd4,ligand-receptor,
DA,Slc6a3,ligand uptake,
DA,Comt,ligand degradation,
Epi,Adra1a,ligand-receptor,
Epi,Adra1b,ligand-receptor,
Epi,Adra1d,ligand-receptor,
Epi,Adra2a,ligand-receptor,
Epi,Adra2b,ligand-receptor,
Epi,Adra2c,ligand-receptor,
Epi,Adrb1,ligand-receptor,
Epi,Adrb2,ligand-receptor,
Epi,Adrb3,ligand-receptor,
NE,Adra1a,ligand-receptor,
NE,Adra1b,ligand-receptor,
NE,Adra1d,ligand-receptor,
NE,Adra2a,ligand-receptor,
NE,Adra2b,ligand-receptor,
NE,Adra2c,ligand-receptor,
NE,Adrb1,ligand-receptor,
NE,Adrb2,ligand-receptor,
NE,Adrb3,ligand-receptor,
NE,Slc6a2,ligand uptake,
NE,Comt,ligand degradation,
CO,Gucy1b1,gas-effector,
CO,Gucy1b2,gas-effector,
CO,Gucy1a1,gas-effector,
CO,Gucy1a2,gas-effector,
NO,Gucy1b1,gas-effector,
NO,Gucy1b2,gas-effector,
NO,Gucy1a1,gas-effector,
NO,Gucy1a2,gas-effector,
Htr1d,Htr1a,Secreted Signaling,
Htr1b,Htr1a,Secreted Signaling,
Acvrl1,Eng,Secreted Signaling,
Acvrl1,Tgfbr1,Secreted Signaling,
Adam17,Tgfa,Secreted Signaling,
Adam17,Hbegf,Secreted Signaling,
Adam9,Itga3,General Signaling,
Adgrv1,Ush2a,Secreted Signaling,
Adora1,Grm1,Secreted Signaling,
Adra1a,Cxcr4,Secreted Signaling,
Adra1b,Cxcr4,Secreted Signaling,
Adrb2,Cckbr,Secreted Signaling,
Apoe,Sdc2,Secreted Signaling,
Apoe,Lsr,Secreted Signaling,
Tnfsf13,Tnfrsf10b,Secreted Signaling,
B2m,Tfrc,Secreted Signaling,
B2m,Clec2m,Secreted Signaling,
Btla,Tnfrsf10b,Secreted Signaling,
Iapp,Calcrl,Secreted Signaling,
Ccl12,Mmp14,Secreted Signaling,
Gm13306,Ccr2,Secreted Signaling,
Gm13306,Ccr3,Secreted Signaling,
Ccl2,Ccr8,Secreted Signaling,
Cd14,Itgb2l,Secreted Signaling,
Cd14,Tlr6,Secreted Signaling,
Cd160,Tnfrsf10b,Secreted Signaling,
Cd177,Pecam1,Secreted Signaling,
Cd19,Cd81,Secreted Signaling,
Cd2,Cd48,Secreted Signaling,
Cd244a,Cd48,Secreted Signaling,
Cd300lb,Tyrobp,Secreted Signaling,
Cd3d,Cd3e,Secreted Signaling,
Cd4,Ccr5,Secreted Signaling,
Cd4,Cxcr4,Secreted Signaling,
Cd40,Traf2,Secreted Signaling,
Cd74,Cxcr4,Secreted Signaling,
Cd81,Kit,Secreted Signaling,
Cd69,Klrb1a,Secreted Signaling,
Clec1b,Klrb1a,Secreted Signaling,
Cntnap1,Cntn1,Secreted Signaling,
Col6a6,Ddr1,Secreted Signaling,
Col6a5,Ddr1,Secreted Signaling,
Col3a1,Gm42957,Secreted Signaling,
Col4a1,Ddr1,Secreted Signaling,
Col5a2,Gm42957,Secreted Signaling,
Col11a1,Gm42957,Secreted Signaling,
Col6a1,Ddr1,Secreted Signaling,
Col6a2,Ddr1,Secreted Signaling,
Col6a3,Ddr1,Secreted Signaling,
Col11a2,Gm42957,Secreted Signaling,
Col5a1,Gm42957,Secreted Signaling,
Col8a2,Gm42957,Secreted Signaling,
Col8a1,Gm42957,Secreted Signaling,
Col15a1,Gm42957,Secreted Signaling,
Col4a3,Ddr1,Secreted Signaling,
Col7a1,Gm42957,Secreted Signaling,
Col10a1,Gm42957,Secreted Signaling,
Col14a1,Gm42957,Secreted Signaling,
Col16a1,Gm42957,Secreted Signaling,
Col19a1,Gm42957,Secreted Signaling,
Col24a1,Gm42957,Secreted Signaling,
Col28a1,Gm42957,Secreted Signaling,
Col27a1,Gm42957,Secreted Signaling,
Col22a1,Gm42957,Secreted Signaling,
Col26a1,Gm42957,Secreted Signaling,
Col12a1,Gm42957,Secreted Signaling,
Col17a1,Gm42957,Secreted Signaling,
Col1a2,Ddr2,Secreted Signaling,
Col5a3,Gm42957,Secreted Signaling,
Col18a1,Gm42957,Secreted Signaling,
Col1a1,Gm42957,Secreted Signaling,
Col1a2,Gm42957,Secreted Signaling,
Col2a1,Gm42957,Secreted Signaling,
Col4a1,Gm42957,Secreted Signaling,
Col4a2,Gm42957,Secreted Signaling,
Col4a3,Gm42957,Secreted Signaling,
Col4a4,Gm42957,Secreted Signaling,
Col4a5,Gm42957,Secreted Signaling,
Col4a6,Gm42957,Secreted Signaling,
Col6a1,Gm42957,Secreted Signaling,
Col6a2,Gm42957,Secreted Signaling,
Col6a3,Gm42957,Secreted Signaling,
Col6a5,Gm42957,Secreted Signaling,
Col6a6,Gm42957,Secreted Signaling,
Col9a1,Gm42957,Secreted Signaling,
Col9a2,Gm42957,Secreted Signaling,
Col9a3,Gm42957,Secreted Signaling,
Cr2,Cd19,Secreted Signaling,
Cr2,Cd81,Secreted Signaling,
Cxcl12,Sdc4,Secreted Signaling,
Cxcr4,Ccr5,Secreted Signaling,
Dcc,Adora2b,Secreted Signaling,
Axl,Egfr,Secreted Signaling,
Erbb2,Plxnb1,Secreted Signaling,
Erbb2,Egfr,Secreted Signaling,
Erbb2,Erbb3,Secreted Signaling,
Erbb2,Ptpre,Secreted Signaling,
Erbb2,Erbb4,Secreted Signaling,
Epha2,Egfr,Secreted Signaling,
Ephb2,Nrcam,Secreted Signaling,
Ephb4,Sdc3,Secreted Signaling,
Ephb1,Nrcam,Secreted Signaling,
Fgfr1,Itgb4,Secreted Signaling,
Flt1,Nrp1,Secreted Signaling,
Fzd5,Lrp6,Secreted Signaling,
Cers1,Acvr1b,Secreted Signaling,
Cers1,Acvr2a,Secreted Signaling,
Cers1,Acvr1c,Secreted Signaling,
Cers1,Acvr2b,Secreted Signaling,
Gpr26,Htr1a,Secreted Signaling,
Hsp90aa1,Erbb2,General Signaling,
Hsp90aa1,Tgfbr1,General Signaling,
Hsp90ab1,Erbb2,General Signaling,
Icam1,Gm20489,Secreted Signaling,
Ifna15,Cr2,Secreted Signaling,
Ifnl2,Gm21970,Secreted Signaling,
Igf1r,Egfr,Secreted Signaling,
Igf1r,Insr,Secreted Signaling,
Igf1r,Adrb2,Secreted Signaling,
Igf1r,Ghr,Secreted Signaling,
Igf1r,Cdh1,Secreted Signaling,
Igf1r,Gm9733,Secreted Signaling,
Igf1r,Pth1r,Secreted Signaling,
Il10,Gm21970,Secreted Signaling,
Il22,Gm21970,Secreted Signaling,
Ebi3,Il12rb2,Secreted Signaling,
Il12a,Il6st,Secreted Signaling,
Il12a,Il27ra,Secreted Signaling,
Il27,Il12rb2,Secreted Signaling,
Il13,Gm20489,Secreted Signaling,
Il15,Gm20489,Secreted Signaling,
Il2,Gm20489,Secreted Signaling,
Il4,Gm20489,Secreted Signaling,
Il7,Gm20489,Secreted Signaling,
Il9,Gm20489,Secreted Signaling,
Il21,Gm20489,Secreted Signaling,
Il6st,Erbb2,Secreted Signaling,
Il6st,Erbb3,Secreted Signaling,
Il7r,Crlf2,Secreted Signaling,
Itgb1,Eng,Secreted Signaling,
Itgb1,Cd151,Secreted Signaling,
Itgb1,Cd81,Secreted Signaling,
Itga2b,Eng,Secreted Signaling,
Itga5,Eng,Secreted Signaling,
Itga5,Cd9,Secreted Signaling,
Itga4,Cd82,Secreted Signaling,
Itga4,Cd81,Secreted Signaling,
Itgb4,Egfr,Secreted Signaling,
Itga6,Cd63,Secreted Signaling,
Itga6,Cd36,Secreted Signaling,
Itga6,Cd82,Secreted Signaling,
Itga6,Cd151,Secreted Signaling,
Itga3,Cd151,Secreted Signaling,
Itgb2l,Icam2,Secreted Signaling,
Gm28040,Kiss1r,Secreted Signaling,
Kit,Il7r,Secreted Signaling,
Kit,Epor,Secreted Signaling,
Klb,Fgfr1,Secreted Signaling,
Kremen1,Lrp6,Secreted Signaling,
Lifr,Il6st,Secreted Signaling,
Tnfsf14,Tnfrsf10b,Secreted Signaling,
Lta,Tnfrsf10b,Secreted Signaling,
Ltbr,Traf2,Secreted Signaling,
Met,Plxnb1,Secreted Signaling,
Met,Egfr,Secreted Signaling,
Met,Cdh1,Secreted Signaling,
Met,Itgb4,Secreted Signaling,
Met,Mst1r,Secreted Signaling,
Met,Plxnb3,Secreted Signaling,
Gm11127,Cd8b1,Secreted Signaling,
Gm21983,Cdh7,Secreted Signaling,
Klk1b8,Ngfr,Secreted Signaling,
Nptn,Epor,Secreted Signaling,
Oprm1,Wls,Secreted Signaling,
Plg,F2rl2,Secreted Signaling,
Plaur,Lrp1b,Secreted Signaling,
Procr,F2r,Secreted Signaling,
Ptprb,Tek,Secreted Signaling,
Ptprg,Erbb2,Secreted Signaling,
Ptprg,Insr,Secreted Signaling,
Ptprg,Pdgfra,Secreted Signaling,
Ptprj,Egfr,Secreted Signaling,
Ptpro,Epha4,Secreted Signaling,
Ptprs,Egfr,Secreted Signaling,
Ror2,Bmpr1b,Secreted Signaling,
Ror2,Fzd5,Secreted Signaling,
Ror2,Fzd2,Secreted Signaling,
S1pr1,Htr1a,Secreted Signaling,
S1pr3,Htr1a,Secreted Signaling,
Sell,Podxl2,Secreted Signaling,
Sftpd,Gm9733,Secreted Signaling,
Srgn,Cd44,Secreted Signaling,
Tac1,Mrgpra6,Secreted Signaling,
Tgfb1,Egfr,Secreted Signaling,
Tgfb1,Cxcr4,Secreted Signaling,
Tgfb1,Vasn,Secreted Signaling,
Tgfbr1,Eng,Secreted Signaling,
Tgfbr2,Eng,Secreted Signaling,
Tgfbr2,Tgfbr1,Secreted Signaling,
Tgfbr2,Tgfbr3,Secreted Signaling,
Tlr6,Cd36,Secreted Signaling,
Tnfrsf10b,Tnfrsf26,Secreted Signaling,
Tnfrsf1a,Traf2,Secreted Signaling,
Tnfrsf1b,Traf2,Secreted Signaling,
Tnfrsf10b,Traf5,Secreted Signaling,
Tspan1,Itgb1,Secreted Signaling,
Ucn3,Gm21970,Secreted Signaling,
Ucn2,Gm21970,Secreted Signaling,
Vegfa,Ephb2,Secreted Signaling,
Wnt1,Notch1,Secreted Signaling,
Wnt1,Jag1,Secreted Signaling,
Ccl27al,Ccr2,Secreted Signaling,KEGG: hsa04060
Ccl27al,Ccr3,Secreted Signaling,KEGG: hsa04060
Ccl27al,Ccr10,Secreted Signaling,KEGG: hsa04060
Il2,Il20ra,Secreted Signaling,KEGG: hsa04060
Il2,Il20rb,Secreted Signaling,KEGG: hsa04060
Klk1b22,Ngfr,Secreted Signaling,KEGG: hsa04060
Lama1,Gpc1,,ppi_lr
Lama1,Sdc4,,ppi_lr
Rspo2,Jmjd6,,ppi_lr
Il6,Hrh1,,ppi_lr
Gdf9,Kit,,ppi_lr
Arf1,Insr,,ppi_lr
Ccl27al,Ackr2,,ppi_lr
Vegfd,Nrp1,,ppi_lr
Pdgfb,Nrp1,,ppi_lr
Efnb2,Epha5,,ppi_lr
Efnb2,Sdc2,,ppi_lr
Dkk1,Kit,,ppi_lr
Fgf1,Gpc1,,ppi_lr
Fgf1,Sdc4,,ppi_lr
Fgf1,Sdc2,,ppi_lr
Dlk1,Fgfr1,,ppi_lr
Wnt3,Traf2,,ppi_lr
Tnf,Dag1,,ppi_lr
Tnf,Ptprs,,ppi_lr
Tnf,Neo1,,ppi_lr
Gstp2,Ntrk1,,ppi_lr
Rtn4,Ntrk1,,ppi_lr
Calr,Ntrk1,,ppi_lr
Insl3,Alk,,ppi_lr
Efnb2,Sdc1,,ppi_lr
Fgf2,Gpc1,,ppi_lr
Hbegf,Prlr,,ppi_lr
Prl,Erbb4,,ppi_lr
Epo,Kit,,ppi_lr
Il6,Erbb2,,ppi_lr
Efnb2,Lrp6,,ppi_lr
Efnb2,Fzd6,,ppi_lr
Efnb2,Epha2,,ppi_lr
Efnb2,Insr,,ppi_lr
Efnb2,Ror2,,ppi_lr
Efnb2,Fzd5,,ppi_lr
Efnb2,Lrp8,,ppi_lr
Jag2,Fzd6,,ppi_lr
Jag2,Epha2,,ppi_lr
Jag2,Insr,,ppi_lr
Jag2,Ror2,,ppi_lr
Jag2,Fzd5,,ppi_lr
Jag2,Lrp8,,ppi_lr
Efnb1,Fzd5,,ppi_lr
Efnb1,Lrp8,,ppi_lr
Anxa1,Epha5,,ppi_lr
Rtn4,Ror2,,ppi_lr
Efnb2,Unc5c,,ppi_lr
Efnb2,Lrp2,,ppi_lr
Jag2,Lrp2,,ppi_lr
Efnb1,Lrp2,,ppi_lr
Lamb1,Sdc2,,ppi_lr
Lamb1,Sdc1,,ppi_lr
Trf,Sdc1,,ppi_lr
Arf1,Fas,,ppi_lr
Apob,Erbb2,,ppi_lr
Apob,Egfr,,ppi_lr
Apob,Ptprf,,ppi_lr
Apob,Met,,ppi_lr
Calr,Fas,,ppi_lr
Uts2,Fas,,ppi_lr
Lamb1,Fas,,ppi_lr
Anxa1,Hmmr,,ppi_lr
Arf1,Mylk,,ppi_lr
Arf1,Lrp5,,ppi_lr
Arf1,Hmmr,,ppi_lr
Gstp2,Mylk,,ppi_lr
Gstp2,Lrp5,,ppi_lr
Gstp2,Fas,,ppi_lr
Gstp2,Hmmr,,ppi_lr
Calr,Lrp5,,ppi_lr
Calr,Hmmr,,ppi_lr
Anxa1,Lifr,,ppi_lr
Anxa1,Ddr2,,ppi_lr
Jag2,Epha7,,ppi_lr
Rtn4,Epha2,,ppi_lr
Rtn4,Fzd6,,ppi_lr
Rtn4,Epha7,,ppi_lr
Arf1,Cd44,,ppi_lr
Calr,Cd44,,ppi_lr
App,Tgfbr2,,ppi_lr
F2,Lrp1,,ppi_lr
Tnfsf14,Traf2,,ppi_lr
Adam17,Il1r2,,ppi_lr
Il22,Ifnar2,,ppi_lr
Il10,Ifnar2,,ppi_lr
Lrpap1,Lrp2,,ppi_lr
Tgfb1,Erbb2,,ppi_lr
App,Sdc1,,ppi_lr
App,Kdr,,ppi_lr
App,Prokr1,,ppi_lr
Spp1,Sdc1,,ppi_lr
Ctsg,Sdc1,,ppi_lr
Ctsg,Lrp1,,ppi_lr
Serpina1a,Sdc2,,ppi_lr
Hsp90b1,Tnfrsf1b,,ppi_lr
Tgfb3,Sdc4,,ppi_lr
Fn1,Itgb5,,ppi_lr
Fn1,Mtnr1a,,ppi_lr
Tnf,Ptprz1,,ppi_lr
Wnt1,Cd36,,ppi_lr
Ctsg,Cxcr4,,ppi_lr
Tgfb1,Bmpr1a,,ppi_lr
Ccl4,Ackr4,,ppi_lr
Pros1,Rpsa,,ppi_lr
Ccl5,Cxcr5,,ppi_lr
Ccl4,Cxcr5,,ppi_lr
Gstp2,Il7r,,ppi_lr
Trf,Il7r,,ppi_lr
A2m,Tnfrsf14,,ppi_lr
Lrpap1,Sort1,,ppi_lr
Lrpap1,Sorl1,,ppi_lr
Lrpap1,Lrp8,,ppi_lr
Lrpap1,Vldlr,,ppi_lr
F2,Gp5,,ppi_lr
Slit1,Mtnr1a,,ppi_lr
Lrrc4,Ntng1,,ppi_lr
Cort,Cxcr6,,ppi_lr
Cort,Galr2,,ppi_lr
Cort,Galr3,,ppi_lr
Cort,Htr1a,,ppi_lr
Cort,Fpr1,,ppi_lr
Cort,C5ar1,,ppi_lr
Cort,Cxcr1,,ppi_lr
Cort,Cxcr2,,ppi_lr
Cort,Fpr2,,ppi_lr
Cort,Ackr3,,ppi_lr
Cort,Npy1r,,ppi_lr
Cort,Htr1d,,ppi_lr
Cort,Htr1b,,ppi_lr
Cort,Bdkrb2,,ppi_lr
Cort,Htr1f,,ppi_lr
Cort,Ccr1,,ppi_lr
Cort,Ccr7,,ppi_lr
Cort,Cxcr5,,ppi_lr
Cort,Oprm1,,ppi_lr
Cort,Aplnr,,ppi_lr
Cort,Oprd1,,ppi_lr
Cort,Oprk1,,ppi_lr
Cort,Oprl1,,ppi_lr
Cort,Ccr2,,ppi_lr
Cort,Ccr10,,ppi_lr
Cort,Bdkrb1,,ppi_lr
Cort,Galr1,,ppi_lr
Cort,Htr5a,,ppi_lr
Cort,Mtnr1a,,ppi_lr
Cort,Npbwr1,,ppi_lr
Cort,Npy2r,,ppi_lr
Cort,Mtnr1b,,ppi_lr
Cort,Cxcr3,,ppi_lr
Cort,Agtr2,,ppi_lr
Cort,Ccr3,,ppi_lr
Cort,Ccr4,,ppi_lr
Cort,Ccr5,,ppi_lr
Cort,Ccr6,,ppi_lr
Cort,Ccr8,,ppi_lr
Cort,Ccr9,,ppi_lr
Cort,Cxcr4,,ppi_lr
Cort,Grm4,,ppi_lr
Cort,P2ry14,,ppi_lr
Cort,Npy5r,,ppi_lr
Cort,C3ar1,,ppi_lr
Cort,Rxfp4,,ppi_lr
Cort,Lpar1,,ppi_lr
Cort,Mchr1,,ppi_lr
Cort,Nmur2,,ppi_lr
Cort,Hrh4,,ppi_lr
Cort,Nmur1,,ppi_lr
Cort,Lpar2,,ppi_lr
Cort,Rxfp3,,ppi_lr
Cort,Hrh3,,ppi_lr
Cort,Ptgdr2,,ppi_lr
Lefty2,Acvr1c,,ppi_lr
Agrn,Itgav,,ppi_lr
Agrn,Ptprs,,ppi_lr
Agrn,Lrp8,,ppi_lr
Dll1,Mtnr1a,,ppi_lr
Ccl21a,Galr2,,ppi_lr
Ccl21a,Galr3,,ppi_lr
Ccl21a,Htr1a,,ppi_lr
Ccl21a,Fpr1,,ppi_lr
Ccl21a,C5ar1,,ppi_lr
Ccl21a,Cxcr1,,ppi_lr
Ccl21a,Cxcr2,,ppi_lr
Ccl21a,Fpr2,,ppi_lr
Ccl21a,Ackr3,,ppi_lr
Ccl21a,Npy1r,,ppi_lr
Ccl21a,Htr1d,,ppi_lr
Ccl21a,Htr1b,,ppi_lr
Ccl21a,Bdkrb2,,ppi_lr
Ccl21a,Sstr1,,ppi_lr
Ccl21a,Sstr2,,ppi_lr
Ccl21a,Htr1f,,ppi_lr
Ccl21a,Sstr4,,ppi_lr
Ccl21a,Ccr1,,ppi_lr
Ccl21a,Cxcr5,,ppi_lr
Ccl21a,Sstr3,,ppi_lr
Ccl21a,Sstr5,,ppi_lr
Ccl21a,Oprm1,,ppi_lr
Ccl21a,Aplnr,,ppi_lr
Ccl21a,Oprd1,,ppi_lr
Ccl21a,Oprk1,,ppi_lr
Ccl21a,Oprl1,,ppi_lr
Ccl21a,Ccr2,,ppi_lr
Ccl21a,Ccr10,,ppi_lr
Ccl21a,Bdkrb1,,ppi_lr
Ccl21a,Galr1,,ppi_lr
Ccl21a,Htr5a,,ppi_lr
Ccl21a,Mtnr1a,,ppi_lr
Ccl21a,Npbwr1,,ppi_lr
Ccl21a,Npy2r,,ppi_lr
Ccl21a,Mtnr1b,,ppi_lr
Ccl21a,Agtr2,,ppi_lr
Ccl21a,Ccr3,,ppi_lr
Ccl21a,Ccr4,,ppi_lr
Ccl21a,Ccr5,,ppi_lr
Ccl21a,Ccr6,,ppi_lr
Ccl21a,Ccr8,,ppi_lr
Ccl21a,Ccr9,,ppi_lr
Ccl21a,Cxcr4,,ppi_lr
Ccl21a,Grm4,,ppi_lr
Ccl21a,P2ry14,,ppi_lr
Ccl21a,Npy5r,,ppi_lr
Ccl21a,C3ar1,,ppi_lr
Ccl21a,Rxfp4,,ppi_lr
Ccl21a,Lpar1,,ppi_lr
Ccl21a,Mchr1,,ppi_lr
Ccl21a,Nmur2,,ppi_lr
Ccl21a,Hrh4,,ppi_lr
Ccl21a,Nmur1,,ppi_lr
Ccl21a,Lpar2,,ppi_lr
Ccl21a,Rxfp3,,ppi_lr
Ccl21a,Hrh3,,ppi_lr
Ccl21a,Ptgdr2,,ppi_lr
Ntn3,Unc5c,,ppi_lr
Ntn3,Acvr1b,,ppi_lr
Ntn3,Tgfbr1,,ppi_lr
Ntn3,Notch1,,ppi_lr
Ntn3,Notch2,,ppi_lr
Ntn3,Ptch1,,ppi_lr
Ntn3,Unc5a,,ppi_lr
Ntn3,Acvr1c,,ppi_lr
Ntn3,Boc,,ppi_lr
Ntn3,Robo2,,ppi_lr
Ntn3,Notch3,,ppi_lr
Ntn3,Ptch2,,ppi_lr
Wnt7a,Ror2,,ppi_lr
Nrg2,Egfr,,ppi_lr
Tnfsf11,Traf2,,ppi_lr
Npff,Hcrtr1,,ppi_lr
Npff,Hcrtr2,,ppi_lr
Npff,Ntsr2,,ppi_lr
Npff,Tacr2,,ppi_lr
Npff,Ednrb,,ppi_lr
Npff,Fpr2,,ppi_lr
Npff,Ednra,,ppi_lr
Npff,Tacr1,,ppi_lr
Npff,F2r,,ppi_lr
Npff,Htr2a,,ppi_lr
Npff,Htr2c,,ppi_lr
Npff,Nmbr,,ppi_lr
Npff,Tacr3,,ppi_lr
Npff,Bdkrb2,,ppi_lr
Npff,Grpr,,ppi_lr
Npff,Agtr1a,,ppi_lr
Npff,Oxtr,,ppi_lr
Npff,Gnrhr,,ppi_lr
Npff,Ntsr1,,ppi_lr
Npff,Cckar,,ppi_lr
Npff,Cckbr,,ppi_lr
Npff,Trhr,,ppi_lr
Npff,Hrh1,,ppi_lr
Npff,Avpr1a,,ppi_lr
Npff,Htr2b,,ppi_lr
Npff,Xcr1,,ppi_lr
Npff,Bdkrb1,,ppi_lr
Npff,Gcgr,,ppi_lr
Npff,Avpr1b,,ppi_lr
Npff,F2rl1,,ppi_lr
Npff,Npsr1,,ppi_lr
Npff,Prokr2,,ppi_lr
Npff,Prokr1,,ppi_lr
Npff,Lpar1,,ppi_lr
Npff,Ghsr,,ppi_lr
Npff,Kiss1r,,ppi_lr
Npff,Qrfpr,,ppi_lr
Npff,F2rl3,,ppi_lr
Npff,Lpar4,,ppi_lr
Npff,Mchr1,,ppi_lr
Npff,Nmur2,,ppi_lr
Npff,Nmur1,,ppi_lr
Npff,Lpar2,,ppi_lr
Npff,Uts2r,,ppi_lr
Ccl25,Galr2,,ppi_lr
Ccl25,Galr3,,ppi_lr
Ccl25,Htr1a,,ppi_lr
Ccl25,Fpr1,,ppi_lr
Ccl25,C5ar1,,ppi_lr
Ccl25,Cxcr1,,ppi_lr
Ccl25,Cxcr2,,ppi_lr
Ccl25,Fpr2,,ppi_lr
Ccl25,Ackr3,,ppi_lr
Ccl25,Npy1r,,ppi_lr
Ccl25,Htr1d,,ppi_lr
Ccl25,Htr1b,,ppi_lr
Ccl25,Bdkrb2,,ppi_lr
Ccl25,Sstr1,,ppi_lr
Ccl25,Sstr2,,ppi_lr
Ccl25,Htr1f,,ppi_lr
Ccl25,Sstr4,,ppi_lr
Ccl25,Ccr1,,ppi_lr
Ccl25,Ccr7,,ppi_lr
Ccl25,Cxcr5,,ppi_lr
Ccl25,Sstr3,,ppi_lr
Ccl25,Sstr5,,ppi_lr
Ccl25,Oprm1,,ppi_lr
Ccl25,Aplnr,,ppi_lr
Ccl25,Oprd1,,ppi_lr
Ccl25,Oprk1,,ppi_lr
Ccl25,Oprl1,,ppi_lr
Ccl25,Ccr2,,ppi_lr
Ccl25,Bdkrb1,,ppi_lr
Ccl25,Galr1,,ppi_lr
Ccl25,Htr5a,,ppi_lr
Ccl25,Mtnr1a,,ppi_lr
Ccl25,Npbwr1,,ppi_lr
Ccl25,Npy2r,,ppi_lr
Ccl25,Mtnr1b,,ppi_lr
Ccl25,Cxcr3,,ppi_lr
Ccl25,Agtr2,,ppi_lr
Ccl25,Ccr3,,ppi_lr
Ccl25,Ccr4,,ppi_lr
Ccl25,Ccr5,,ppi_lr
Ccl25,Ccr6,,ppi_lr
Ccl25,Ccr8,,ppi_lr
Ccl25,Cxcr4,,ppi_lr
Ccl25,Grm4,,ppi_lr
Ccl25,P2ry14,,ppi_lr
Ccl25,Npy5r,,ppi_lr
Ccl25,C3ar1,,ppi_lr
Ccl25,Rxfp4,,ppi_lr
Ccl25,Lpar1,,ppi_lr
Ccl25,Mchr1,,ppi_lr
Ccl25,Nmur2,,ppi_lr
Ccl25,Hrh4,,ppi_lr
Ccl25,Nmur1,,ppi_lr
Ccl25,Lpar2,,ppi_lr
Ccl25,Rxfp3,,ppi_lr
Ccl25,Hrh3,,ppi_lr
Ccl25,Ptgdr2,,ppi_lr
Tnfsf12,Traf2,,ppi_lr
Hcrt,Ntsr2,,ppi_lr
Hcrt,Tacr2,,ppi_lr
Hcrt,Ednrb,,ppi_lr
Hcrt,Fpr2,,ppi_lr
Hcrt,Ednra,,ppi_lr
Hcrt,Tacr1,,ppi_lr
Hcrt,F2r,,ppi_lr
Hcrt,Htr2a,,ppi_lr
Hcrt,Htr2c,,ppi_lr
Hcrt,Nmbr,,ppi_lr
Hcrt,Tacr3,,ppi_lr
Hcrt,Bdkrb2,,ppi_lr
Hcrt,Grpr,,ppi_lr
Hcrt,Agtr1a,,ppi_lr
Hcrt,Oxtr,,ppi_lr
Hcrt,Gnrhr,,ppi_lr
Hcrt,Ntsr1,,ppi_lr
Hcrt,Cckar,,ppi_lr
Hcrt,Cckbr,,ppi_lr
Hcrt,Trhr,,ppi_lr
Hcrt,Hrh1,,ppi_lr
Hcrt,Avpr1a,,ppi_lr
Hcrt,Htr2b,,ppi_lr
Hcrt,Xcr1,,ppi_lr
Hcrt,Bdkrb1,,ppi_lr
Hcrt,Gcgr,,ppi_lr
Hcrt,Avpr1b,,ppi_lr
Hcrt,F2rl1,,ppi_lr
Hcrt,Npsr1,,ppi_lr
Hcrt,Prokr2,,ppi_lr
Hcrt,Prokr1,,ppi_lr
Hcrt,Lpar1,,ppi_lr
Hcrt,Ghsr,,ppi_lr
Hcrt,Kiss1r,,ppi_lr
Hcrt,Qrfpr,,ppi_lr
Hcrt,F2rl3,,ppi_lr
Hcrt,Lpar4,,ppi_lr
Hcrt,Mchr1,,ppi_lr
Hcrt,Nmur2,,ppi_lr
Hcrt,Npffr1,,ppi_lr
Hcrt,Nmur1,,ppi_lr
Hcrt,Lpar2,,ppi_lr
Hcrt,Uts2r,,ppi_lr
Efna2,Ephb2,,ppi_lr
Efna2,Tgfbr1,,ppi_lr
Efna2,Ephb3,,ppi_lr
Efna2,Ephb4,,ppi_lr
Efna2,Ephb1,,ppi_lr
Cxcl13,Galr3,,ppi_lr
Cxcl13,Htr1a,,ppi_lr
Cxcl13,Fpr1,,ppi_lr
Cxcl13,C5ar1,,ppi_lr
Cxcl13,Cxcr1,,ppi_lr
Cxcl13,Cxcr2,,ppi_lr
Cxcl13,Fpr2,,ppi_lr
Cxcl13,Ackr3,,ppi_lr
Cxcl13,Npy1r,,ppi_lr
Cxcl13,Htr1d,,ppi_lr
Cxcl13,Htr1b,,ppi_lr
Cxcl13,Bdkrb2,,ppi_lr
Cxcl13,Sstr1,,ppi_lr
Cxcl13,Sstr2,,ppi_lr
Cxcl13,Htr1f,,ppi_lr
Cxcl13,Sstr4,,ppi_lr
Cxcl13,Ccr1,,ppi_lr
Cxcl13,Ccr7,,ppi_lr
Cxcl13,Sstr3,,ppi_lr
Cxcl13,Sstr5,,ppi_lr
Cxcl13,Oprm1,,ppi_lr
Cxcl13,Aplnr,,ppi_lr
Cxcl13,Oprd1,,ppi_lr
Cxcl13,Oprk1,,ppi_lr
Cxcl13,Oprl1,,ppi_lr
Cxcl13,Ccr2,,ppi_lr
Cxcl13,Bdkrb1,,ppi_lr
Cxcl13,Galr1,,ppi_lr
Cxcl13,Htr5a,,ppi_lr
Cxcl13,Mtnr1a,,ppi_lr
Cxcl13,Npbwr1,,ppi_lr
Cxcl13,Npy2r,,ppi_lr
Cxcl13,Mtnr1b,,ppi_lr
Cxcl13,Agtr2,,ppi_lr
Cxcl13,Ccr3,,ppi_lr
Cxcl13,Ccr4,,ppi_lr
Cxcl13,Ccr5,,ppi_lr
Cxcl13,Ccr6,,ppi_lr
Cxcl13,Ccr8,,ppi_lr
Cxcl13,Ccr9,,ppi_lr
Cxcl13,Cxcr4,,ppi_lr
Cxcl13,Grm4,,ppi_lr
Cxcl13,P2ry14,,ppi_lr
Cxcl13,Npy5r,,ppi_lr
Cxcl13,C3ar1,,ppi_lr
Cxcl13,Rxfp4,,ppi_lr
Cxcl13,Lpar1,,ppi_lr
Cxcl13,Mchr1,,ppi_lr
Cxcl13,Nmur2,,ppi_lr
Cxcl13,Hrh4,,ppi_lr
Cxcl13,Nmur1,,ppi_lr
Cxcl13,Lpar2,,ppi_lr
Cxcl13,Rxfp3,,ppi_lr
Cxcl13,Hrh3,,ppi_lr
Cxcl13,Ptgdr2,,ppi_lr
Slit1,Dcc,,ppi_lr
Slit2,Dcc,,ppi_lr
Slit2,Ptch1,,ppi_lr
Uts2,Ntsr2,,ppi_lr
Uts2,Tacr2,,ppi_lr
Uts2,Ednrb,,ppi_lr
Uts2,Fpr2,,ppi_lr
Uts2,Ednra,,ppi_lr
Uts2,Tacr1,,ppi_lr
Uts2,F2r,,ppi_lr
Uts2,Htr2a,,ppi_lr
Uts2,Htr2c,,ppi_lr
Uts2,Nmbr,,ppi_lr
Uts2,Tacr3,,ppi_lr
Uts2,Bdkrb2,,ppi_lr
Uts2,Grpr,,ppi_lr
Uts2,Agtr1a,,ppi_lr
Uts2,Oxtr,,ppi_lr
Uts2,Gnrhr,,ppi_lr
Uts2,Ntsr1,,ppi_lr
Uts2,Cckar,,ppi_lr
Uts2,Cckbr,,ppi_lr
Uts2,Trhr,,ppi_lr
Uts2,Hrh1,,ppi_lr
Uts2,Avpr1a,,ppi_lr
Uts2,Htr2b,,ppi_lr
Uts2,Xcr1,,ppi_lr
Uts2,Bdkrb1,,ppi_lr
Uts2,Gcgr,,ppi_lr
Uts2,Avpr1b,,ppi_lr
Uts2,F2rl1,,ppi_lr
Uts2,Npsr1,,ppi_lr
Uts2,Prokr2,,ppi_lr
Uts2,Prokr1,,ppi_lr
Uts2,Lpar1,,ppi_lr
Uts2,Ghsr,,ppi_lr
Uts2,Kiss1r,,ppi_lr
Uts2,Qrfpr,,ppi_lr
Uts2,F2rl3,,ppi_lr
Uts2,Lpar4,,ppi_lr
Uts2,Mchr1,,ppi_lr
Uts2,Nmur2,,ppi_lr
Uts2,Npffr1,,ppi_lr
Uts2,Nmur1,,ppi_lr
Uts2,Lpar2,,ppi_lr
Uts2,Npffr2,,ppi_lr
Ntn1,Itgb4,,ppi_lr
Ntn1,Itga6,,ppi_lr
Ntn1,Acvr1b,,ppi_lr
Ntn1,Tgfbr1,,ppi_lr
Ntn1,Notch1,,ppi_lr
Ntn1,Notch2,,ppi_lr
Ntn1,Ptch1,,ppi_lr
Ntn1,Acvr1c,,ppi_lr
Ntn1,Robo2,,ppi_lr
Ntn1,Notch3,,ppi_lr
Ntn1,Ptch2,,ppi_lr
F2,Gp1bb,,ppi_lr
F2,Tacr2,,ppi_lr
F2,Ednrb,,ppi_lr
F2,Fpr2,,ppi_lr
F2,Ednra,,ppi_lr
F2,Tacr1,,ppi_lr
F2,Htr2a,,ppi_lr
F2,Htr2c,,ppi_lr
F2,Nmbr,,ppi_lr
F2,Tacr3,,ppi_lr
F2,Bdkrb2,,ppi_lr
F2,Grpr,,ppi_lr
F2,Agtr1a,,ppi_lr
F2,Oxtr,,ppi_lr
F2,Gnrhr,,ppi_lr
F2,Ntsr1,,ppi_lr
F2,Cckar,,ppi_lr
F2,Cckbr,,ppi_lr
F2,Trhr,,ppi_lr
F2,Hrh1,,ppi_lr
F2,Avpr1a,,ppi_lr
F2,Htr2b,,ppi_lr
F2,Xcr1,,ppi_lr
F2,Bdkrb1,,ppi_lr
F2,Gcgr,,ppi_lr
F2,Avpr1b,,ppi_lr
F2,Npsr1,,ppi_lr
F2,Prokr2,,ppi_lr
F2,Prokr1,,ppi_lr
F2,Lpar1,,ppi_lr
F2,Ghsr,,ppi_lr
F2,Kiss1r,,ppi_lr
F2,Qrfpr,,ppi_lr
F2,Lpar4,,ppi_lr
F2,Mchr1,,ppi_lr
F2,Nmur2,,ppi_lr
F2,Npffr1,,ppi_lr
F2,Nmur1,,ppi_lr
F2,Lpar2,,ppi_lr
F2,Uts2r,,ppi_lr
F2,Procr,,ppi_lr
F2,Npffr2,,ppi_lr
F9,Gp1ba,,ppi_lr
F9,Gp1bb,,ppi_lr
F9,F3,,ppi_lr
F9,Gp9,,ppi_lr
F9,Gp5,,ppi_lr
Plg,Met,,ppi_lr
Plau,Cd44,,ppi_lr
Agt,Htr1a,,ppi_lr
Agt,Tacr2,,ppi_lr
Agt,Fpr1,,ppi_lr
Agt,C5ar1,,ppi_lr
Agt,Ednrb,,ppi_lr
Agt,Cxcr1,,ppi_lr
Agt,Cxcr2,,ppi_lr
Agt,Fpr2,,ppi_lr
Agt,Ednra,,ppi_lr
Agt,Tacr1,,ppi_lr
Agt,Ackr3,,ppi_lr
Agt,F2r,,ppi_lr
Agt,Npy1r,,ppi_lr
Agt,Htr1d,,ppi_lr
Agt,Htr1b,,ppi_lr
Agt,Htr2a,,ppi_lr
Agt,Htr2c,,ppi_lr
Agt,Nmbr,,ppi_lr
Agt,Tacr3,,ppi_lr
Agt,Bdkrb2,,ppi_lr
Agt,Grpr,,ppi_lr
Agt,Oxtr,,ppi_lr
Agt,Sstr1,,ppi_lr
Agt,Sstr2,,ppi_lr
Agt,Htr1f,,ppi_lr
Agt,Gnrhr,,ppi_lr
Agt,Ntsr1,,ppi_lr
Agt,Sstr4,,ppi_lr
Agt,Cckar,,ppi_lr
Agt,Cckbr,,ppi_lr
Agt,Ccr1,,ppi_lr
Agt,Ccr7,,ppi_lr
Agt,Cxcr5,,ppi_lr
Agt,Sstr3,,ppi_lr
Agt,Trhr,,ppi_lr
Agt,Sstr5,,ppi_lr
Agt,Hrh1,,ppi_lr
Agt,Oprm1,,ppi_lr
Agt,Aplnr,,ppi_lr
Agt,Avpr1a,,ppi_lr
Agt,Oprd1,,ppi_lr
Agt,Oprk1,,ppi_lr
Agt,Oprl1,,ppi_lr
Agt,Htr2b,,ppi_lr
Agt,Ccr2,,ppi_lr
Agt,Ccr10,,ppi_lr
Agt,Xcr1,,ppi_lr
Agt,Bdkrb1,,ppi_lr
Agt,Galr1,,ppi_lr
Agt,Gcgr,,ppi_lr
Agt,Htr5a,,ppi_lr
Agt,Avpr1b,,ppi_lr
Agt,Mtnr1a,,ppi_lr
Agt,Npbwr1,,ppi_lr
Agt,Npy2r,,ppi_lr
Agt,Mtnr1b,,ppi_lr
Agt,Cxcr3,,ppi_lr
Agt,Ccr3,,ppi_lr
Agt,Ccr4,,ppi_lr
Agt,Ccr5,,ppi_lr
Agt,Ccr6,,ppi_lr
Agt,Ccr8,,ppi_lr
Agt,Ccr9,,ppi_lr
Agt,F2rl1,,ppi_lr
Agt,Cxcr4,,ppi_lr
Agt,Grm4,,ppi_lr
Agt,P2ry14,,ppi_lr
Agt,Npy5r,,ppi_lr
Agt,C3ar1,,ppi_lr
Agt,Npsr1,,ppi_lr
Agt,Prokr2,,ppi_lr
Agt,Prokr1,,ppi_lr
Agt,Rxfp4,,ppi_lr
Agt,Lpar1,,ppi_lr
Agt,Ghsr,,ppi_lr
Agt,Kiss1r,,ppi_lr
Agt,Qrfpr,,ppi_lr
Agt,F2rl3,,ppi_lr
Agt,Lpar4,,ppi_lr
Agt,Mchr1,,ppi_lr
Agt,Nmur2,,ppi_lr
Agt,Npffr1,,ppi_lr
Agt,Hrh4,,ppi_lr
Agt,Nmur1,,ppi_lr
Agt,Lpar2,,ppi_lr
Agt,Rxfp3,,ppi_lr
Agt,Uts2r,,ppi_lr
Agt,Hrh3,,ppi_lr
Agt,Npffr2,,ppi_lr
Agt,Ptgdr2,,ppi_lr
A2m,Tyro3,,ppi_lr
C3,Htr1a,,ppi_lr
C3,Fpr1,,ppi_lr
C3,C5ar1,,ppi_lr
C3,Cxcr1,,ppi_lr
C3,Cxcr2,,ppi_lr
C3,Fpr2,,ppi_lr
C3,Ackr3,,ppi_lr
C3,Npy1r,,ppi_lr
C3,Htr1d,,ppi_lr
C3,Htr1b,,ppi_lr
C3,Bdkrb2,,ppi_lr
C3,Sstr1,,ppi_lr
C3,Sstr2,,ppi_lr
C3,Htr1f,,ppi_lr
C3,Sstr4,,ppi_lr
C3,Ccr1,,ppi_lr
C3,Ccr7,,ppi_lr
C3,Cxcr5,,ppi_lr
C3,Sstr3,,ppi_lr
C3,Sstr5,,ppi_lr
C3,Oprm1,,ppi_lr
C3,Aplnr,,ppi_lr
C3,Oprd1,,ppi_lr
C3,Oprk1,,ppi_lr
C3,Oprl1,,ppi_lr
C3,Ccr2,,ppi_lr
C3,Ccr10,,ppi_lr
C3,Bdkrb1,,ppi_lr
C3,Galr1,,ppi_lr
C3,Htr5a,,ppi_lr
C3,Mtnr1a,,ppi_lr
C3,Npbwr1,,ppi_lr
C3,Npy2r,,ppi_lr
C3,Mtnr1b,,ppi_lr
C3,Cxcr3,,ppi_lr
C3,Agtr2,,ppi_lr
C3,Ccr3,,ppi_lr
C3,Ccr4,,ppi_lr
C3,Ccr5,,ppi_lr
C3,Ccr6,,ppi_lr
C3,Ccr8,,ppi_lr
C3,Ccr9,,ppi_lr
C3,Cxcr4,,ppi_lr
C3,Grm4,,ppi_lr
C3,P2ry14,,ppi_lr
C3,Npy5r,,ppi_lr
C3,Rxfp4,,ppi_lr
C3,Lpar1,,ppi_lr
C3,Mchr1,,ppi_lr
C3,Nmur2,,ppi_lr
C3,Hrh4,,ppi_lr
C3,Nmur1,,ppi_lr
C3,Lpar2,,ppi_lr
C3,Rxfp3,,ppi_lr
C3,Hrh3,,ppi_lr
C3,Ptgdr2,,ppi_lr
Hc,Htr1a,,ppi_lr
Hc,Fpr1,,ppi_lr
Hc,Cxcr1,,ppi_lr
Hc,Cxcr2,,ppi_lr
Hc,Fpr2,,ppi_lr
Hc,Ackr3,,ppi_lr
Hc,Npy1r,,ppi_lr
Hc,Htr1d,,ppi_lr
Hc,Htr1b,,ppi_lr
Hc,Bdkrb2,,ppi_lr
Hc,Sstr1,,ppi_lr
Hc,Sstr2,,ppi_lr
Hc,Htr1f,,ppi_lr
Hc,Sstr4,,ppi_lr
Hc,Ccr1,,ppi_lr
Hc,Ccr7,,ppi_lr
Hc,Cxcr5,,ppi_lr
Hc,Sstr3,,ppi_lr
Hc,Sstr5,,ppi_lr
Hc,Oprm1,,ppi_lr
Hc,Aplnr,,ppi_lr
Hc,Oprd1,,ppi_lr
Hc,Oprk1,,ppi_lr
Hc,Oprl1,,ppi_lr
Hc,Ccr2,,ppi_lr
Hc,Ccr10,,ppi_lr
Hc,Bdkrb1,,ppi_lr
Hc,Galr1,,ppi_lr
Hc,Htr5a,,ppi_lr
Hc,Mtnr1a,,ppi_lr
Hc,Npbwr1,,ppi_lr
Hc,Npy2r,,ppi_lr
Hc,Mtnr1b,,ppi_lr
Hc,Cxcr3,,ppi_lr
Hc,Agtr2,,ppi_lr
Hc,Ccr3,,ppi_lr
Hc,Ccr4,,ppi_lr
Hc,Ccr5,,ppi_lr
Hc,Ccr6,,ppi_lr
Hc,Ccr8,,ppi_lr
Hc,Ccr9,,ppi_lr
Hc,Cxcr4,,ppi_lr
Hc,Grm4,,ppi_lr
Hc,P2ry14,,ppi_lr
Hc,Npy5r,,ppi_lr
Hc,C3ar1,,ppi_lr
Hc,Rxfp4,,ppi_lr
Hc,Lpar1,,ppi_lr
Hc,Mchr1,,ppi_lr
Hc,Nmur2,,ppi_lr
Hc,Hrh4,,ppi_lr
Hc,Nmur1,,ppi_lr
Hc,Lpar2,,ppi_lr
Hc,Rxfp3,,ppi_lr
Hc,Hrh3,,ppi_lr
Hc,Ptgdr2,,ppi_lr
Kng1,Htr1a,,ppi_lr
Kng1,Tacr2,,ppi_lr
Kng1,Fpr1,,ppi_lr
Kng1,C5ar1,,ppi_lr
Kng1,Ednrb,,ppi_lr
Kng1,Cxcr1,,ppi_lr
Kng1,Cxcr2,,ppi_lr
Kng1,Fpr2,,ppi_lr
Kng1,Ednra,,ppi_lr
Kng1,Tacr1,,ppi_lr
Kng1,Ackr3,,ppi_lr
Kng1,F2r,,ppi_lr
Kng1,Npy1r,,ppi_lr
Kng1,Htr1d,,ppi_lr
Kng1,Htr1b,,ppi_lr
Kng1,Htr2a,,ppi_lr
Kng1,Htr2c,,ppi_lr
Kng1,Nmbr,,ppi_lr
Kng1,Tacr3,,ppi_lr
Kng1,Grpr,,ppi_lr
Kng1,Agtr1a,,ppi_lr
Kng1,Oxtr,,ppi_lr
Kng1,Sstr1,,ppi_lr
Kng1,Sstr2,,ppi_lr
Kng1,Htr1f,,ppi_lr
Kng1,Gnrhr,,ppi_lr
Kng1,Ntsr1,,ppi_lr
Kng1,Sstr4,,ppi_lr
Kng1,Cckar,,ppi_lr
Kng1,Cckbr,,ppi_lr
Kng1,Ccr1,,ppi_lr
Kng1,Ccr7,,ppi_lr
Kng1,Cxcr5,,ppi_lr
Kng1,Sstr3,,ppi_lr
Kng1,Trhr,,ppi_lr
Kng1,Sstr5,,ppi_lr
Kng1,Hrh1,,ppi_lr
Kng1,Oprm1,,ppi_lr
Kng1,Aplnr,,ppi_lr
Kng1,Avpr1a,,ppi_lr
Kng1,Oprd1,,ppi_lr
Kng1,Oprk1,,ppi_lr
Kng1,Oprl1,,ppi_lr
Kng1,Htr2b,,ppi_lr
Kng1,Ccr2,,ppi_lr
Kng1,Ccr10,,ppi_lr
Kng1,Xcr1,,ppi_lr
Kng1,Galr1,,ppi_lr
Kng1,Gcgr,,ppi_lr
Kng1,Htr5a,,ppi_lr
Kng1,Avpr1b,,ppi_lr
Kng1,Mtnr1a,,ppi_lr
Kng1,Npbwr1,,ppi_lr
Kng1,Npy2r,,ppi_lr
Kng1,Mtnr1b,,ppi_lr
Kng1,Cxcr3,,ppi_lr
Kng1,Agtr2,,ppi_lr
Kng1,Ccr3,,ppi_lr
Kng1,Ccr4,,ppi_lr
Kng1,Ccr5,,ppi_lr
Kng1,Ccr6,,ppi_lr
Kng1,Ccr8,,ppi_lr
Kng1,Ccr9,,ppi_lr
Kng1,F2rl1,,ppi_lr
Kng1,Cxcr4,,ppi_lr
Kng1,Grm4,,ppi_lr
Kng1,P2ry14,,ppi_lr
Kng1,Npy5r,,ppi_lr
Kng1,C3ar1,,ppi_lr
Kng1,Npsr1,,ppi_lr
Kng1,Prokr2,,ppi_lr
Kng1,Prokr1,,ppi_lr
Kng1,Lpar1,,ppi_lr
Kng1,Ghsr,,ppi_lr
Kng1,Kiss1r,,ppi_lr
Kng1,Qrfpr,,ppi_lr
Kng1,F2rl3,,ppi_lr
Kng1,Lpar4,,ppi_lr
Kng1,Mchr1,,ppi_lr
Kng1,Nmur2,,ppi_lr
Kng1,Npffr1,,ppi_lr
Kng1,Hrh4,,ppi_lr
Kng1,Nmur1,,ppi_lr
Kng1,Lpar2,,ppi_lr
Kng1,Rxfp3,,ppi_lr
Kng1,Uts2r,,ppi_lr
Kng1,Hrh3,,ppi_lr
Kng1,Npffr2,,ppi_lr
Kng1,Ptgdr2,,ppi_lr
Egf,Cd4,,ppi_lr
Egf,Tfrc,,ppi_lr
Egf,Igf2r,,ppi_lr
Egf,Avpr2,,ppi_lr
Egf,Lrp2,,ppi_lr
Egf,Fzd4,,ppi_lr
Tgfb1,Itgb5,,ppi_lr
Tgfb1,Itga8,,ppi_lr
Tgfb1,Bambi,,ppi_lr
Ngf,Ncstn,,ppi_lr
Gnrh1,Tacr2,,ppi_lr
Gnrh1,Ednrb,,ppi_lr
Gnrh1,Fpr2,,ppi_lr
Gnrh1,Ednra,,ppi_lr
Gnrh1,Tacr1,,ppi_lr
Gnrh1,F2r,,ppi_lr
Gnrh1,Htr2a,,ppi_lr
Gnrh1,Htr2c,,ppi_lr
Gnrh1,Nmbr,,ppi_lr
Gnrh1,Tacr3,,ppi_lr
Gnrh1,Bdkrb2,,ppi_lr
Gnrh1,Grpr,,ppi_lr
Gnrh1,Agtr1a,,ppi_lr
Gnrh1,Oxtr,,ppi_lr
Gnrh1,Ntsr1,,ppi_lr
Gnrh1,Cckar,,ppi_lr
Gnrh1,Cckbr,,ppi_lr
Gnrh1,Trhr,,ppi_lr
Gnrh1,Hrh1,,ppi_lr
Gnrh1,Avpr1a,,ppi_lr
Gnrh1,Htr2b,,ppi_lr
Gnrh1,Xcr1,,ppi_lr
Gnrh1,Bdkrb1,,ppi_lr
Gnrh1,Gcgr,,ppi_lr
Gnrh1,Avpr1b,,ppi_lr
Gnrh1,F2rl1,,ppi_lr
Gnrh1,Npsr1,,ppi_lr
Gnrh1,Prokr2,,ppi_lr
Gnrh1,Prokr1,,ppi_lr
Gnrh1,Lpar1,,ppi_lr
Gnrh1,Ghsr,,ppi_lr
Gnrh1,Kiss1r,,ppi_lr
Gnrh1,Qrfpr,,ppi_lr
Gnrh1,F2rl3,,ppi_lr
Gnrh1,Lpar4,,ppi_lr
Gnrh1,Mchr1,,ppi_lr
Gnrh1,Nmur2,,ppi_lr
Gnrh1,Npffr1,,ppi_lr
Gnrh1,Nmur1,,ppi_lr
Gnrh1,Lpar2,,ppi_lr
Gnrh1,Uts2r,,ppi_lr
Gnrh1,Npffr2,,ppi_lr
Oxt,Tacr2,,ppi_lr
Oxt,Ednrb,,ppi_lr
Oxt,Fpr2,,ppi_lr
Oxt,Ednra,,ppi_lr
Oxt,Tacr1,,ppi_lr
Oxt,F2r,,ppi_lr
Oxt,Htr2a,,ppi_lr
Oxt,Htr2c,,ppi_lr
Oxt,Nmbr,,ppi_lr
Oxt,Tacr3,,ppi_lr
Oxt,Bdkrb2,,ppi_lr
Oxt,Grpr,,ppi_lr
Oxt,Agtr1a,,ppi_lr
Oxt,Gnrhr,,ppi_lr
Oxt,Ntsr1,,ppi_lr
Oxt,Cckar,,ppi_lr
Oxt,Cckbr,,ppi_lr
Oxt,Trhr,,ppi_lr
Oxt,Hrh1,,ppi_lr
Oxt,Htr2b,,ppi_lr
Oxt,Xcr1,,ppi_lr
Oxt,Bdkrb1,,ppi_lr
Oxt,Gcgr,,ppi_lr
Oxt,F2rl1,,ppi_lr
Oxt,Npsr1,,ppi_lr
Oxt,Prokr2,,ppi_lr
Oxt,Prokr1,,ppi_lr
Oxt,Lpar1,,ppi_lr
Oxt,Ghsr,,ppi_lr
Oxt,Kiss1r,,ppi_lr
Oxt,Qrfpr,,ppi_lr
Oxt,F2rl3,,ppi_lr
Oxt,Lpar4,,ppi_lr
Oxt,Mchr1,,ppi_lr
Oxt,Nmur2,,ppi_lr
Oxt,Npffr1,,ppi_lr
Oxt,Nmur1,,ppi_lr
Oxt,Lpar2,,ppi_lr
Oxt,Uts2r,,ppi_lr
Oxt,Npffr2,,ppi_lr
Avp,Cd4,,ppi_lr
Avp,Tfrc,,ppi_lr
Avp,Igf2r,,ppi_lr
Avp,Tshr,,ppi_lr
Avp,Tacr2,,ppi_lr
Avp,Lhcgr,,ppi_lr
Avp,Fshr,,ppi_lr
Avp,Ednrb,,ppi_lr
Avp,Hrh2,,ppi_lr
Avp,Fpr2,,ppi_lr
Avp,Ednra,,ppi_lr
Avp,Tacr1,,ppi_lr
Avp,F2r,,ppi_lr
Avp,Htr2a,,ppi_lr
Avp,Htr2c,,ppi_lr
Avp,Nmbr,,ppi_lr
Avp,Tacr3,,ppi_lr
Avp,Bdkrb2,,ppi_lr
Avp,Grpr,,ppi_lr
Avp,Agtr1a,,ppi_lr
Avp,Gnrhr,,ppi_lr
Avp,Calcr,,ppi_lr
Avp,Ntsr1,,ppi_lr
Avp,Cckar,,ppi_lr
Avp,Cckbr,,ppi_lr
Avp,Vipr1,,ppi_lr
Avp,Mc4r,,ppi_lr
Avp,Mc5r,,ppi_lr
Avp,Htr7,,ppi_lr
Avp,Trhr,,ppi_lr
Avp,Crhr1,,ppi_lr
Avp,Hrh1,,ppi_lr
Avp,Adcyap1r1,,ppi_lr
Avp,Vipr2,,ppi_lr
Avp,Htr2b,,ppi_lr
Avp,Mc3r,,ppi_lr
Avp,Glp1r,,ppi_lr
Avp,Xcr1,,ppi_lr
Avp,Bdkrb1,,ppi_lr
Avp,Gcgr,,ppi_lr
Avp,Sctr,,ppi_lr
Avp,Gipr,,ppi_lr
Avp,Pth2r,,ppi_lr
Avp,Htr6,,ppi_lr
Avp,F2rl1,,ppi_lr
Avp,Lrp2,,ppi_lr
Avp,Mc2r,,ppi_lr
Avp,Mc1r,,ppi_lr
Avp,Ghrhr,,ppi_lr
Avp,Pth1r,,ppi_lr
Avp,Crhr2,,ppi_lr
Avp,Htr4,,ppi_lr
Avp,Calcrl,,ppi_lr
Avp,Npsr1,,ppi_lr
Avp,Prokr2,,ppi_lr
Avp,Prokr1,,ppi_lr
Avp,Rxfp2,,ppi_lr
Avp,Lpar1,,ppi_lr
Avp,Ghsr,,ppi_lr
Avp,Kiss1r,,ppi_lr
Avp,Qrfpr,,ppi_lr
Avp,F2rl3,,ppi_lr
Avp,Lpar4,,ppi_lr
Avp,Mchr1,,ppi_lr
Avp,Nmur2,,ppi_lr
Avp,Npffr1,,ppi_lr
Avp,Nmur1,,ppi_lr
Avp,Lpar2,,ppi_lr
Avp,Rxfp1,,ppi_lr
Avp,Uts2r,,ppi_lr
Avp,Fzd4,,ppi_lr
Avp,Npffr2,,ppi_lr
Pomc,Htr1a,,ppi_lr
Pomc,Tshr,,ppi_lr
Pomc,Fpr1,,ppi_lr
Pomc,C5ar1,,ppi_lr
Pomc,Lhcgr,,ppi_lr
Pomc,Fshr,,ppi_lr
Pomc,Hrh2,,ppi_lr
Pomc,Cxcr1,,ppi_lr
Pomc,Cxcr2,,ppi_lr
Pomc,Fpr2,,ppi_lr
Pomc,Ackr3,,ppi_lr
Pomc,Npy1r,,ppi_lr
Pomc,Htr1d,,ppi_lr
Pomc,Htr1b,,ppi_lr
Pomc,Bdkrb2,,ppi_lr
Pomc,Avpr2,,ppi_lr
Pomc,Sstr1,,ppi_lr
Pomc,Sstr2,,ppi_lr
Pomc,Htr1f,,ppi_lr
Pomc,Calcr,,ppi_lr
Pomc,Sstr4,,ppi_lr
Pomc,Vipr1,,ppi_lr
Pomc,Ccr1,,ppi_lr
Pomc,Ccr7,,ppi_lr
Pomc,Cxcr5,,ppi_lr
Pomc,Sstr3,,ppi_lr
Pomc,Htr7,,ppi_lr
Pomc,Crhr1,,ppi_lr
Pomc,Sstr5,,ppi_lr
Pomc,Aplnr,,ppi_lr
Pomc,Adcyap1r1,,ppi_lr
Pomc,Vipr2,,ppi_lr
Pomc,Ccr2,,ppi_lr
Pomc,Glp1r,,ppi_lr
Pomc,Ccr10,,ppi_lr
Pomc,Bdkrb1,,ppi_lr
Pomc,Galr1,,ppi_lr
Pomc,Gcgr,,ppi_lr
Pomc,Sctr,,ppi_lr
Pomc,Htr5a,,ppi_lr
Pomc,Mtnr1a,,ppi_lr
Pomc,Npbwr1,,ppi_lr
Pomc,Gipr,,ppi_lr
Pomc,Npy2r,,ppi_lr
Pomc,Pth2r,,ppi_lr
Pomc,Mtnr1b,,ppi_lr
Pomc,Cxcr3,,ppi_lr
Pomc,Agtr2,,ppi_lr
Pomc,Htr6,,ppi_lr
Pomc,Ccr3,,ppi_lr
Pomc,Ccr4,,ppi_lr
Pomc,Ccr5,,ppi_lr
Pomc,Ccr6,,ppi_lr
Pomc,Ccr8,,ppi_lr
Pomc,Ccr9,,ppi_lr
Pomc,Cxcr4,,ppi_lr
Pomc,Ghrhr,,ppi_lr
Pomc,Pth1r,,ppi_lr
Pomc,Crhr2,,ppi_lr
Pomc,Htr4,,ppi_lr
Pomc,Grm4,,ppi_lr
Pomc,P2ry14,,ppi_lr
Pomc,Npy5r,,ppi_lr
Pomc,C3ar1,,ppi_lr
Pomc,Calcrl,,ppi_lr
Pomc,Npsr1,,ppi_lr
Pomc,Rxfp4,,ppi_lr
Pomc,Rxfp2,,ppi_lr
Pomc,Lpar1,,ppi_lr
Pomc,Mchr1,,ppi_lr
Pomc,Nmur2,,ppi_lr
Pomc,Hrh4,,ppi_lr
Pomc,Nmur1,,ppi_lr
Pomc,Lpar2,,ppi_lr
Pomc,Rxfp1,,ppi_lr
Pomc,Rxfp3,,ppi_lr
Pomc,Hrh3,,ppi_lr
Pomc,Ptgdr2,,ppi_lr
Penk,Htr1a,,ppi_lr
Penk,Fpr1,,ppi_lr
Penk,C5ar1,,ppi_lr
Penk,Cxcr1,,ppi_lr
Penk,Cxcr2,,ppi_lr
Penk,Fpr2,,ppi_lr
Penk,Ackr3,,ppi_lr
Penk,Npy1r,,ppi_lr
Penk,Htr1d,,ppi_lr
Penk,Htr1b,,ppi_lr
Penk,Bdkrb2,,ppi_lr
Penk,Sstr1,,ppi_lr
Penk,Sstr2,,ppi_lr
Penk,Htr1f,,ppi_lr
Penk,Sstr4,,ppi_lr
Penk,Ccr1,,ppi_lr
Penk,Ccr7,,ppi_lr
Penk,Cxcr5,,ppi_lr
Penk,Sstr3,,ppi_lr
Penk,Sstr5,,ppi_lr
Penk,Aplnr,,ppi_lr
Penk,Ccr2,,ppi_lr
Penk,Ccr10,,ppi_lr
Penk,Bdkrb1,,ppi_lr
Penk,Galr1,,ppi_lr
Penk,Htr5a,,ppi_lr
Penk,Npbwr1,,ppi_lr
Penk,Npy2r,,ppi_lr
Penk,Mtnr1b,,ppi_lr
Penk,Cxcr3,,ppi_lr
Penk,Agtr2,,ppi_lr
Penk,Ccr3,,ppi_lr
Penk,Ccr4,,ppi_lr
Penk,Ccr5,,ppi_lr
Penk,Ccr6,,ppi_lr
Penk,Ccr8,,ppi_lr
Penk,Ccr9,,ppi_lr
Penk,Cxcr4,,ppi_lr
Penk,Grm4,,ppi_lr
Penk,P2ry14,,ppi_lr
Penk,Npy5r,,ppi_lr
Penk,C3ar1,,ppi_lr
Penk,Rxfp4,,ppi_lr
Penk,Lpar1,,ppi_lr
Penk,Mchr1,,ppi_lr
Penk,Nmur2,,ppi_lr
Penk,Hrh4,,ppi_lr
Penk,Nmur1,,ppi_lr
Penk,Lpar2,,ppi_lr
Penk,Rxfp3,,ppi_lr
Penk,Hrh3,,ppi_lr
Penk,Ptgdr2,,ppi_lr
Pdyn,Htr1a,,ppi_lr
Pdyn,Fpr1,,ppi_lr
Pdyn,C5ar1,,ppi_lr
Pdyn,Cxcr1,,ppi_lr
Pdyn,Cxcr2,,ppi_lr
Pdyn,Fpr2,,ppi_lr
Pdyn,Ackr3,,ppi_lr
Pdyn,Npy1r,,ppi_lr
Pdyn,Htr1d,,ppi_lr
Pdyn,Htr1b,,ppi_lr
Pdyn,Bdkrb2,,ppi_lr
Pdyn,Sstr1,,ppi_lr
Pdyn,Sstr2,,ppi_lr
Pdyn,Htr1f,,ppi_lr
Pdyn,Sstr4,,ppi_lr
Pdyn,Ccr1,,ppi_lr
Pdyn,Ccr7,,ppi_lr
Pdyn,Cxcr5,,ppi_lr
Pdyn,Sstr3,,ppi_lr
Pdyn,Sstr5,,ppi_lr
Pdyn,Aplnr,,ppi_lr
Pdyn,Ccr2,,ppi_lr
Pdyn,Ccr10,,ppi_lr
Pdyn,Bdkrb1,,ppi_lr
Pdyn,Galr1,,ppi_lr
Pdyn,Htr5a,,ppi_lr
Pdyn,Mtnr1a,,ppi_lr
Pdyn,Npbwr1,,ppi_lr
Pdyn,Npy2r,,ppi_lr
Pdyn,Mtnr1b,,ppi_lr
Pdyn,Cxcr3,,ppi_lr
Pdyn,Agtr2,,ppi_lr
Pdyn,Ccr3,,ppi_lr
Pdyn,Ccr4,,ppi_lr
Pdyn,Ccr5,,ppi_lr
Pdyn,Ccr6,,ppi_lr
Pdyn,Ccr8,,ppi_lr
Pdyn,Ccr9,,ppi_lr
Pdyn,Cxcr4,,ppi_lr
Pdyn,Grm4,,ppi_lr
Pdyn,P2ry14,,ppi_lr
Pdyn,Npy5r,,ppi_lr
Pdyn,C3ar1,,ppi_lr
Pdyn,Rxfp4,,ppi_lr
Pdyn,Lpar1,,ppi_lr
Pdyn,Mchr1,,ppi_lr
Pdyn,Nmur2,,ppi_lr
Pdyn,Hrh4,,ppi_lr
Pdyn,Nmur1,,ppi_lr
Pdyn,Lpar2,,ppi_lr
Pdyn,Rxfp3,,ppi_lr
Pdyn,Hrh3,,ppi_lr
Pdyn,Ptgdr2,,ppi_lr
Cga,Hrh2,,ppi_lr
Cga,Avpr2,,ppi_lr
Cga,Calcr,,ppi_lr
Cga,Mc4r,,ppi_lr
Cga,Mc5r,,ppi_lr
Cga,Htr7,,ppi_lr
Cga,Crhr1,,ppi_lr
Cga,Vipr2,,ppi_lr
Cga,Mc3r,,ppi_lr
Cga,Glp1r,,ppi_lr
Cga,Gcgr,,ppi_lr
Cga,Sctr,,ppi_lr
Cga,Gipr,,ppi_lr
Cga,Pth2r,,ppi_lr
Cga,Htr6,,ppi_lr
Cga,Mc2r,,ppi_lr
Cga,Mc1r,,ppi_lr
Cga,Ghrhr,,ppi_lr
Cga,Crhr2,,ppi_lr
Cga,Htr4,,ppi_lr
Cga,Calcrl,,ppi_lr
Cga,Npsr1,,ppi_lr
Cga,Rxfp2,,ppi_lr
Cga,Rxfp1,,ppi_lr
Tshb,Lhcgr,,ppi_lr
Tshb,Fshr,,ppi_lr
Tshb,Hrh2,,ppi_lr
Tshb,Avpr2,,ppi_lr
Tshb,Calcr,,ppi_lr
Tshb,Mc4r,,ppi_lr
Tshb,Mc5r,,ppi_lr
Tshb,Htr7,,ppi_lr
Tshb,Crhr1,,ppi_lr
Tshb,Vipr2,,ppi_lr
Tshb,Mc3r,,ppi_lr
Tshb,Glp1r,,ppi_lr
Tshb,Gcgr,,ppi_lr
Tshb,Sctr,,ppi_lr
Tshb,Gipr,,ppi_lr
Tshb,Pth2r,,ppi_lr
Tshb,Htr6,,ppi_lr
Tshb,Mc2r,,ppi_lr
Tshb,Mc1r,,ppi_lr
Tshb,Ghrhr,,ppi_lr
Tshb,Crhr2,,ppi_lr
Tshb,Htr4,,ppi_lr
Tshb,Calcrl,,ppi_lr
Tshb,Npsr1,,ppi_lr
Tshb,Rxfp2,,ppi_lr
Tshb,Rxfp1,,ppi_lr
Fshb,Lhcgr,,ppi_lr
Fshb,Hrh2,,ppi_lr
Fshb,Avpr2,,ppi_lr
Fshb,Calcr,,ppi_lr
Fshb,Mc4r,,ppi_lr
Fshb,Mc5r,,ppi_lr
Fshb,Htr7,,ppi_lr
Fshb,Crhr1,,ppi_lr
Fshb,Vipr2,,ppi_lr
Fshb,Mc3r,,ppi_lr
Fshb,Glp1r,,ppi_lr
Fshb,Gcgr,,ppi_lr
Fshb,Sctr,,ppi_lr
Fshb,Gipr,,ppi_lr
Fshb,Pth2r,,ppi_lr
Fshb,Htr6,,ppi_lr
Fshb,Mc2r,,ppi_lr
Fshb,Mc1r,,ppi_lr
Fshb,Ghrhr,,ppi_lr
Fshb,Crhr2,,ppi_lr
Fshb,Htr4,,ppi_lr
Fshb,Calcrl,,ppi_lr
Fshb,Npsr1,,ppi_lr
Fshb,Rxfp2,,ppi_lr
Fshb,Rxfp1,,ppi_lr
Lhb,Fshr,,ppi_lr
Lhb,Hrh2,,ppi_lr
Lhb,Avpr2,,ppi_lr
Lhb,Calcr,,ppi_lr
Lhb,Mc4r,,ppi_lr
Lhb,Mc5r,,ppi_lr
Lhb,Htr7,,ppi_lr
Lhb,Crhr1,,ppi_lr
Lhb,Vipr2,,ppi_lr
Lhb,Mc3r,,ppi_lr
Lhb,Glp1r,,ppi_lr
Lhb,Gcgr,,ppi_lr
Lhb,Sctr,,ppi_lr
Lhb,Gipr,,ppi_lr
Lhb,Pth2r,,ppi_lr
Lhb,Htr6,,ppi_lr
Lhb,Mc2r,,ppi_lr
Lhb,Mc1r,,ppi_lr
Lhb,Ghrhr,,ppi_lr
Lhb,Crhr2,,ppi_lr
Lhb,Htr4,,ppi_lr
Lhb,Calcrl,,ppi_lr
Lhb,Npsr1,,ppi_lr
Lhb,Rxfp2,,ppi_lr
Lhb,Rxfp1,,ppi_lr
Pth,Lhcgr,,ppi_lr
Pth,Fshr,,ppi_lr
Pth,Hrh2,,ppi_lr
Pth,Avpr2,,ppi_lr
Pth,Calcr,,ppi_lr
Pth,Mc4r,,ppi_lr
Pth,Mc5r,,ppi_lr
Pth,Htr7,,ppi_lr
Pth,Crhr1,,ppi_lr
Pth,Vipr2,,ppi_lr
Pth,Mc3r,,ppi_lr
Pth,Glp1r,,ppi_lr
Pth,Gcgr,,ppi_lr
Pth,Sctr,,ppi_lr
Pth,Gipr,,ppi_lr
Pth,Htr6,,ppi_lr
Pth,Mc2r,,ppi_lr
Pth,Mc1r,,ppi_lr
Pth,Ghrhr,,ppi_lr
Pth,Crhr2,,ppi_lr
Pth,Htr4,,ppi_lr
Pth,Calcrl,,ppi_lr
Pth,Npsr1,,ppi_lr
Pth,Rxfp2,,ppi_lr
Pth,Rxfp1,,ppi_lr
Vip,Tshr,,ppi_lr
Vip,Lhcgr,,ppi_lr
Vip,Fshr,,ppi_lr
Vip,Hrh2,,ppi_lr
Vip,Avpr2,,ppi_lr
Vip,Calcr,,ppi_lr
Vip,Mc4r,,ppi_lr
Vip,Mc5r,,ppi_lr
Vip,Htr7,,ppi_lr
Vip,Crhr1,,ppi_lr
Vip,Avpr1a,,ppi_lr
Vip,Mc3r,,ppi_lr
Vip,Glp1r,,ppi_lr
Vip,Gcgr,,ppi_lr
Vip,Gipr,,ppi_lr
Vip,Pth2r,,ppi_lr
Vip,Htr6,,ppi_lr
Vip,Mc2r,,ppi_lr
Vip,Mc1r,,ppi_lr
Vip,Ghrhr,,ppi_lr
Vip,Pth1r,,ppi_lr
Vip,Crhr2,,ppi_lr
Vip,Htr4,,ppi_lr
Vip,Calcrl,,ppi_lr
Vip,Npsr1,,ppi_lr
Vip,Rxfp2,,ppi_lr
Vip,Rxfp1,,ppi_lr
Ghrh,Lhcgr,,ppi_lr
Ghrh,Fshr,,ppi_lr
Ghrh,Hrh2,,ppi_lr
Ghrh,Avpr2,,ppi_lr
Ghrh,Calcr,,ppi_lr
Ghrh,Mc4r,,ppi_lr
Ghrh,Mc5r,,ppi_lr
Ghrh,Htr7,,ppi_lr
Ghrh,Crhr1,,ppi_lr
Ghrh,Mc3r,,ppi_lr
Ghrh,Glp1r,,ppi_lr
Ghrh,Gcgr,,ppi_lr
Ghrh,Sctr,,ppi_lr
Ghrh,Gipr,,ppi_lr
Ghrh,Pth2r,,ppi_lr
Ghrh,Htr6,,ppi_lr
Ghrh,Mc2r,,ppi_lr
Ghrh,Mc1r,,ppi_lr
Ghrh,Crhr2,,ppi_lr
Ghrh,Htr4,,ppi_lr
Ghrh,Calcrl,,ppi_lr
Ghrh,Npsr1,,ppi_lr
Ghrh,Rxfp2,,ppi_lr
Ghrh,Rxfp1,,ppi_lr
Ppy,Htr1a,,ppi_lr
Ppy,Fpr1,,ppi_lr
Ppy,C5ar1,,ppi_lr
Ppy,Cxcr1,,ppi_lr
Ppy,Cxcr2,,ppi_lr
Ppy,Fpr2,,ppi_lr
Ppy,Ackr3,,ppi_lr
Ppy,Htr1d,,ppi_lr
Ppy,Htr1b,,ppi_lr
Ppy,Bdkrb2,,ppi_lr
Ppy,Sstr1,,ppi_lr
Ppy,Sstr2,,ppi_lr
Ppy,Htr1f,,ppi_lr
Ppy,Sstr4,,ppi_lr
Ppy,Ccr1,,ppi_lr
Ppy,Ccr7,,ppi_lr
Ppy,Cxcr5,,ppi_lr
Ppy,Sstr3,,ppi_lr
Ppy,Sstr5,,ppi_lr
Ppy,Oprm1,,ppi_lr
Ppy,Aplnr,,ppi_lr
Ppy,Oprd1,,ppi_lr
Ppy,Oprk1,,ppi_lr
Ppy,Oprl1,,ppi_lr
Ppy,Ccr2,,ppi_lr
Ppy,Ccr10,,ppi_lr
Ppy,Bdkrb1,,ppi_lr
Ppy,Galr1,,ppi_lr
Ppy,Htr5a,,ppi_lr
Ppy,Npbwr1,,ppi_lr
Ppy,Mtnr1b,,ppi_lr
Ppy,Cxcr3,,ppi_lr
Ppy,Agtr2,,ppi_lr
Ppy,Ccr3,,ppi_lr
Ppy,Ccr4,,ppi_lr
Ppy,Ccr5,,ppi_lr
Ppy,Ccr6,,ppi_lr
Ppy,Ccr8,,ppi_lr
Ppy,Ccr9,,ppi_lr
Ppy,Cxcr4,,ppi_lr
Ppy,Grm4,,ppi_lr
Ppy,P2ry14,,ppi_lr
Ppy,C3ar1,,ppi_lr
Ppy,Rxfp4,,ppi_lr
Ppy,Lpar1,,ppi_lr
Ppy,Mchr1,,ppi_lr
Ppy,Nmur2,,ppi_lr
Ppy,Hrh4,,ppi_lr
Ppy,Nmur1,,ppi_lr
Ppy,Lpar2,,ppi_lr
Ppy,Rxfp3,,ppi_lr
Ppy,Hrh3,,ppi_lr
Ppy,Ptgdr2,,ppi_lr
Npy,Htr1a,,ppi_lr
Npy,Fpr1,,ppi_lr
Npy,C5ar1,,ppi_lr
Npy,Cxcr1,,ppi_lr
Npy,Cxcr2,,ppi_lr
Npy,Fpr2,,ppi_lr
Npy,Ackr3,,ppi_lr
Npy,Htr1d,,ppi_lr
Npy,Htr1b,,ppi_lr
Npy,Bdkrb2,,ppi_lr
Npy,Sstr1,,ppi_lr
Npy,Sstr2,,ppi_lr
Npy,Htr1f,,ppi_lr
Npy,Sstr4,,ppi_lr
Npy,Ccr1,,ppi_lr
Npy,Ccr7,,ppi_lr
Npy,Cxcr5,,ppi_lr
Npy,Sstr3,,ppi_lr
Npy,Sstr5,,ppi_lr
Npy,Oprm1,,ppi_lr
Npy,Aplnr,,ppi_lr
Npy,Oprd1,,ppi_lr
Npy,Oprk1,,ppi_lr
Npy,Oprl1,,ppi_lr
Npy,Ccr2,,ppi_lr
Npy,Ccr10,,ppi_lr
Npy,Bdkrb1,,ppi_lr
Npy,Galr1,,ppi_lr
Npy,Htr5a,,ppi_lr
Npy,Mtnr1a,,ppi_lr
Npy,Npbwr1,,ppi_lr
Npy,Mtnr1b,,ppi_lr
Npy,Cxcr3,,ppi_lr
Npy,Agtr2,,ppi_lr
Npy,Ccr3,,ppi_lr
Npy,Ccr4,,ppi_lr
Npy,Ccr5,,ppi_lr
Npy,Ccr6,,ppi_lr
Npy,Ccr8,,ppi_lr
Npy,Ccr9,,ppi_lr
Npy,Cxcr4,,ppi_lr
Npy,Grm4,,ppi_lr
Npy,P2ry14,,ppi_lr
Npy,C3ar1,,ppi_lr
Npy,Rxfp4,,ppi_lr
Npy,Lpar1,,ppi_lr
Npy,Mchr1,,ppi_lr
Npy,Nmur2,,ppi_lr
Npy,Hrh4,,ppi_lr
Npy,Nmur1,,ppi_lr
Npy,Lpar2,,ppi_lr
Npy,Rxfp3,,ppi_lr
Npy,Hrh3,,ppi_lr
Npy,Ptgdr2,,ppi_lr
Gast,Tacr2,,ppi_lr
Gast,Ednrb,,ppi_lr
Gast,Fpr2,,ppi_lr
Gast,Ednra,,ppi_lr
Gast,Tacr1,,ppi_lr
Gast,F2r,,ppi_lr
Gast,Htr2a,,ppi_lr
Gast,Htr2c,,ppi_lr
Gast,Nmbr,,ppi_lr
Gast,Tacr3,,ppi_lr
Gast,Bdkrb2,,ppi_lr
Gast,Grpr,,ppi_lr
Gast,Agtr1a,,ppi_lr
Gast,Oxtr,,ppi_lr
Gast,Gnrhr,,ppi_lr
Gast,Ntsr1,,ppi_lr
Gast,Trhr,,ppi_lr
Gast,Hrh1,,ppi_lr
Gast,Avpr1a,,ppi_lr
Gast,Htr2b,,ppi_lr
Gast,Xcr1,,ppi_lr
Gast,Bdkrb1,,ppi_lr
Gast,Gcgr,,ppi_lr
Gast,Avpr1b,,ppi_lr
Gast,F2rl1,,ppi_lr
Gast,Npsr1,,ppi_lr
Gast,Prokr2,,ppi_lr
Gast,Prokr1,,ppi_lr
Gast,Lpar1,,ppi_lr
Gast,Ghsr,,ppi_lr
Gast,Kiss1r,,ppi_lr
Gast,Qrfpr,,ppi_lr
Gast,F2rl3,,ppi_lr
Gast,Lpar4,,ppi_lr
Gast,Mchr1,,ppi_lr
Gast,Nmur2,,ppi_lr
Gast,Npffr1,,ppi_lr
Gast,Nmur1,,ppi_lr
Gast,Lpar2,,ppi_lr
Gast,Uts2r,,ppi_lr
Gast,Npffr2,,ppi_lr
Lta,Traf2,,ppi_lr
Tnf,Fas,,ppi_lr
Tnf,Flt4,,ppi_lr
Apoe,Gpc1,,ppi_lr
Apoe,Tyro3,,ppi_lr
Fga,Itgad,,ppi_lr
Fn1,Tfrc,,ppi_lr
Fn1,Rpsa,,ppi_lr
Fn1,Igf2r,,ppi_lr
Fn1,Ddr1,,ppi_lr
Pf4,Htr1a,,ppi_lr
Pf4,Fpr1,,ppi_lr
Pf4,C5ar1,,ppi_lr
Pf4,Cxcr1,,ppi_lr
Pf4,Cxcr2,,ppi_lr
Pf4,Fpr2,,ppi_lr
Pf4,Ackr3,,ppi_lr
Pf4,Npy1r,,ppi_lr
Pf4,Htr1d,,ppi_lr
Pf4,Htr1b,,ppi_lr
Pf4,Bdkrb2,,ppi_lr
Pf4,Sstr1,,ppi_lr
Pf4,Sstr2,,ppi_lr
Pf4,Htr1f,,ppi_lr
Pf4,Sstr4,,ppi_lr
Pf4,Ccr7,,ppi_lr
Pf4,Cxcr5,,ppi_lr
Pf4,Sstr3,,ppi_lr
Pf4,Sstr5,,ppi_lr
Pf4,Oprm1,,ppi_lr
Pf4,Aplnr,,ppi_lr
Pf4,Oprd1,,ppi_lr
Pf4,Oprk1,,ppi_lr
Pf4,Oprl1,,ppi_lr
Pf4,Ccr2,,ppi_lr
Pf4,Ccr10,,ppi_lr
Pf4,Bdkrb1,,ppi_lr
Pf4,Galr1,,ppi_lr
Pf4,Htr5a,,ppi_lr
Pf4,Mtnr1a,,ppi_lr
Pf4,Npbwr1,,ppi_lr
Pf4,Npy2r,,ppi_lr
Pf4,Mtnr1b,,ppi_lr
Pf4,Agtr2,,ppi_lr
Pf4,Ccr3,,ppi_lr
Pf4,Ccr4,,ppi_lr
Pf4,Ccr5,,ppi_lr
Pf4,Ccr6,,ppi_lr
Pf4,Ccr8,,ppi_lr
Pf4,Ccr9,,ppi_lr
Pf4,Cxcr4,,ppi_lr
Pf4,Grm4,,ppi_lr
Pf4,P2ry14,,ppi_lr
Pf4,Npy5r,,ppi_lr
Pf4,C3ar1,,ppi_lr
Pf4,Rxfp4,,ppi_lr
Pf4,Lpar1,,ppi_lr
Pf4,Mchr1,,ppi_lr
Pf4,Nmur2,,ppi_lr
Pf4,Hrh4,,ppi_lr
Pf4,Nmur1,,ppi_lr
Pf4,Lpar2,,ppi_lr
Pf4,Rxfp3,,ppi_lr
Pf4,Hrh3,,ppi_lr
Pf4,Ptgdr2,,ppi_lr
Cxcl10,Htr1a,,ppi_lr
Cxcl10,Fpr1,,ppi_lr
Cxcl10,C5ar1,,ppi_lr
Cxcl10,Cxcr1,,ppi_lr
Cxcl10,Cxcr2,,ppi_lr
Cxcl10,Fpr2,,ppi_lr
Cxcl10,Ackr3,,ppi_lr
Cxcl10,Npy1r,,ppi_lr
Cxcl10,Htr1d,,ppi_lr
Cxcl10,Htr1b,,ppi_lr
Cxcl10,Bdkrb2,,ppi_lr
Cxcl10,Sstr1,,ppi_lr
Cxcl10,Sstr2,,ppi_lr
Cxcl10,Htr1f,,ppi_lr
Cxcl10,Sstr4,,ppi_lr
Cxcl10,Ccr1,,ppi_lr
Cxcl10,Ccr7,,ppi_lr
Cxcl10,Cxcr5,,ppi_lr
Cxcl10,Sstr3,,ppi_lr
Cxcl10,Sstr5,,ppi_lr
Cxcl10,Oprm1,,ppi_lr
Cxcl10,Aplnr,,ppi_lr
Cxcl10,Oprd1,,ppi_lr
Cxcl10,Oprk1,,ppi_lr
Cxcl10,Oprl1,,ppi_lr
Cxcl10,Ccr2,,ppi_lr
Cxcl10,Ccr10,,ppi_lr
Cxcl10,Bdkrb1,,ppi_lr
Cxcl10,Galr1,,ppi_lr
Cxcl10,Htr5a,,ppi_lr
Cxcl10,Mtnr1a,,ppi_lr
Cxcl10,Npbwr1,,ppi_lr
Cxcl10,Npy2r,,ppi_lr
Cxcl10,Mtnr1b,,ppi_lr
Cxcl10,Agtr2,,ppi_lr
Cxcl10,Ccr4,,ppi_lr
Cxcl10,Ccr5,,ppi_lr
Cxcl10,Ccr6,,ppi_lr
Cxcl10,Ccr8,,ppi_lr
Cxcl10,Ccr9,,ppi_lr
Cxcl10,Grm4,,ppi_lr
Cxcl10,P2ry14,,ppi_lr
Cxcl10,Npy5r,,ppi_lr
Cxcl10,C3ar1,,ppi_lr
Cxcl10,Rxfp4,,ppi_lr
Cxcl10,Lpar1,,ppi_lr
Cxcl10,Mchr1,,ppi_lr
Cxcl10,Nmur2,,ppi_lr
Cxcl10,Hrh4,,ppi_lr
Cxcl10,Nmur1,,ppi_lr
Cxcl10,Lpar2,,ppi_lr
Cxcl10,Rxfp3,,ppi_lr
Cxcl10,Hrh3,,ppi_lr
Cxcl10,Ptgdr2,,ppi_lr
Trf,Igf2r,,ppi_lr
Trf,Avpr2,,ppi_lr
Trf,Lrp2,,ppi_lr
Trf,Fzd4,,ppi_lr
Ltf,Ntrk1,,ppi_lr
Vtn,Sdc1,,ppi_lr
Vtn,Sdc4,,ppi_lr
Vtn,Sdc2,,ppi_lr
Anxa1,Htr1a,,ppi_lr
Anxa1,Tacr2,,ppi_lr
Anxa1,C5ar1,,ppi_lr
Anxa1,Ednrb,,ppi_lr
Anxa1,Cxcr1,,ppi_lr
Anxa1,Cxcr2,,ppi_lr
Anxa1,Ednra,,ppi_lr
Anxa1,Tacr1,,ppi_lr
Anxa1,Ackr3,,ppi_lr
Anxa1,F2r,,ppi_lr
Anxa1,Npy1r,,ppi_lr
Anxa1,Htr1d,,ppi_lr
Anxa1,Htr1b,,ppi_lr
Anxa1,Htr2a,,ppi_lr
Anxa1,Htr2c,,ppi_lr
Anxa1,Nmbr,,ppi_lr
Anxa1,Tacr3,,ppi_lr
Anxa1,Bdkrb2,,ppi_lr
Anxa1,Grpr,,ppi_lr
Anxa1,Agtr1a,,ppi_lr
Anxa1,Oxtr,,ppi_lr
Anxa1,Sstr1,,ppi_lr
Anxa1,Sstr2,,ppi_lr
Anxa1,Htr1f,,ppi_lr
Anxa1,Gnrhr,,ppi_lr
Anxa1,Ntsr1,,ppi_lr
Anxa1,Sstr4,,ppi_lr
Anxa1,Cckar,,ppi_lr
Anxa1,Cckbr,,ppi_lr
Anxa1,Ccr1,,ppi_lr
Anxa1,Ccr7,,ppi_lr
Anxa1,Cxcr5,,ppi_lr
Anxa1,Sstr3,,ppi_lr
Anxa1,Trhr,,ppi_lr
Anxa1,Sstr5,,ppi_lr
Anxa1,Hrh1,,ppi_lr
Anxa1,Oprm1,,ppi_lr
Anxa1,Aplnr,,ppi_lr
Anxa1,Bmpr1a,,ppi_lr
Anxa1,Avpr1a,,ppi_lr
Anxa1,Oprd1,,ppi_lr
Anxa1,Oprk1,,ppi_lr
Anxa1,Oprl1,,ppi_lr
Anxa1,Htr2b,,ppi_lr
Anxa1,Ccr2,,ppi_lr
Anxa1,Ccr10,,ppi_lr
Anxa1,Xcr1,,ppi_lr
Anxa1,Bdkrb1,,ppi_lr
Anxa1,Galr1,,ppi_lr
Anxa1,Gcgr,,ppi_lr
Anxa1,Htr5a,,ppi_lr
Anxa1,Avpr1b,,ppi_lr
Anxa1,Mtnr1a,,ppi_lr
Anxa1,Npbwr1,,ppi_lr
Anxa1,Npy2r,,ppi_lr
Anxa1,Mtnr1b,,ppi_lr
Anxa1,Cxcr3,,ppi_lr
Anxa1,Agtr2,,ppi_lr
Anxa1,Ccr3,,ppi_lr
Anxa1,Ccr4,,ppi_lr
Anxa1,Ccr5,,ppi_lr
Anxa1,Ccr6,,ppi_lr
Anxa1,Ccr8,,ppi_lr
Anxa1,Ccr9,,ppi_lr
Anxa1,F2rl1,,ppi_lr
Anxa1,Cxcr4,,ppi_lr
Anxa1,Grm4,,ppi_lr
Anxa1,P2ry14,,ppi_lr
Anxa1,Npy5r,,ppi_lr
Anxa1,C3ar1,,ppi_lr
Anxa1,Npsr1,,ppi_lr
Anxa1,Prokr2,,ppi_lr
Anxa1,Prokr1,,ppi_lr
Anxa1,Rxfp4,,ppi_lr
Anxa1,Lpar1,,ppi_lr
Anxa1,Ghsr,,ppi_lr
Anxa1,Kiss1r,,ppi_lr
Anxa1,Qrfpr,,ppi_lr
Anxa1,F2rl3,,ppi_lr
Anxa1,Lpar4,,ppi_lr
Anxa1,Mchr1,,ppi_lr
Anxa1,Nmur2,,ppi_lr
Anxa1,Npffr1,,ppi_lr
Anxa1,Hrh4,,ppi_lr
Anxa1,Nmur1,,ppi_lr
Anxa1,Lpar2,,ppi_lr
Anxa1,Rxfp3,,ppi_lr
Anxa1,Uts2r,,ppi_lr
Anxa1,Hrh3,,ppi_lr
Anxa1,Npffr2,,ppi_lr
Anxa1,Ptgdr2,,ppi_lr
Apob,Igf2r,,ppi_lr
Apob,Sdc1,,ppi_lr
Apob,Avpr2,,ppi_lr
Apob,Sdc4,,ppi_lr
Apob,Sdc2,,ppi_lr
Apob,Gpc1,,ppi_lr
Apob,Scarf1,,ppi_lr
Apob,P2ry14,,ppi_lr
Apob,Fzd4,,ppi_lr
Csf2,Il5ra,,ppi_lr
Vwf,Itgb5,,ppi_lr
H2-Bl,Ntrk1,,ppi_lr
H2-Bl,Erbb3,,ppi_lr
H2-Bl,Bmpr1a,,ppi_lr
H2-Bl,Ptch1,,ppi_lr
H2-Bl,Il20rb,,ppi_lr
App,Igf1r,,ppi_lr
App,Htr1a,,ppi_lr
App,Alox5,,ppi_lr
App,Cd36,,ppi_lr
App,Tacr2,,ppi_lr
App,Fpr1,,ppi_lr
App,C5ar1,,ppi_lr
App,Fgfr2,,ppi_lr
App,Itga6,,ppi_lr
App,Ednrb,,ppi_lr
App,Cxcr1,,ppi_lr
App,Cxcr2,,ppi_lr
App,Ednra,,ppi_lr
App,Tacr1,,ppi_lr
App,Ackr3,,ppi_lr
App,F2r,,ppi_lr
App,Npy1r,,ppi_lr
App,Cntfr,,ppi_lr
App,Htr1d,,ppi_lr
App,Htr1b,,ppi_lr
App,Htr2a,,ppi_lr
App,Htr2c,,ppi_lr
App,Nmbr,,ppi_lr
App,Epha2,,ppi_lr
App,Tacr3,,ppi_lr
App,Bdkrb2,,ppi_lr
App,Grpr,,ppi_lr
App,Agtr1a,,ppi_lr
App,Oxtr,,ppi_lr
App,Sstr1,,ppi_lr
App,Sstr2,,ppi_lr
App,Htr1f,,ppi_lr
App,Gnrhr,,ppi_lr
App,Ntsr1,,ppi_lr
App,Sstr4,,ppi_lr
App,Cckar,,ppi_lr
App,Cckbr,,ppi_lr
App,Ccr1,,ppi_lr
App,Ccr7,,ppi_lr
App,Cxcr5,,ppi_lr
App,Sstr3,,ppi_lr
App,Trhr,,ppi_lr
App,Sstr5,,ppi_lr
App,Hrh1,,ppi_lr
App,Oprm1,,ppi_lr
App,Aplnr,,ppi_lr
App,Avpr1a,,ppi_lr
App,Oprd1,,ppi_lr
App,Oprk1,,ppi_lr
App,Oprl1,,ppi_lr
App,Vipr2,,ppi_lr
App,Htr2b,,ppi_lr
App,Ccr2,,ppi_lr
App,Ccr10,,ppi_lr
App,Xcr1,,ppi_lr
App,Bdkrb1,,ppi_lr
App,Galr1,,ppi_lr
App,Gcgr,,ppi_lr
App,Htr5a,,ppi_lr
App,Avpr1b,,ppi_lr
App,Mtnr1a,,ppi_lr
App,Npbwr1,,ppi_lr
App,Npy2r,,ppi_lr
App,Mtnr1b,,ppi_lr
App,Cxcr3,,ppi_lr
App,Agtr2,,ppi_lr
App,Ccr3,,ppi_lr
App,Ccr4,,ppi_lr
App,Ccr5,,ppi_lr
App,Ccr6,,ppi_lr
App,Ccr8,,ppi_lr
App,Ccr9,,ppi_lr
App,Pde1a,,ppi_lr
App,Ephb4,,ppi_lr
App,F2rl1,,ppi_lr
App,Cxcr4,,ppi_lr
App,Tek,,ppi_lr
App,Crhr2,,ppi_lr
App,Grm4,,ppi_lr
App,P2ry14,,ppi_lr
App,Npy5r,,ppi_lr
App,Ntrk3,,ppi_lr
App,C3ar1,,ppi_lr
App,Npsr1,,ppi_lr
App,Prokr2,,ppi_lr
App,Rxfp4,,ppi_lr
App,Lpar1,,ppi_lr
App,Nrcam,,ppi_lr
App,Ghsr,,ppi_lr
App,Tnfrsf14,,ppi_lr
App,Kiss1r,,ppi_lr
App,Lingo1,,ppi_lr
App,Robo3,,ppi_lr
App,Qrfpr,,ppi_lr
App,F2rl3,,ppi_lr
App,Lpar4,,ppi_lr
App,Mchr1,,ppi_lr
App,Nmur2,,ppi_lr
App,Npffr1,,ppi_lr
App,Hrh4,,ppi_lr
App,Nmur1,,ppi_lr
App,Lpar2,,ppi_lr
App,Rxfp3,,ppi_lr
App,Uts2r,,ppi_lr
App,Hrh3,,ppi_lr
App,Npffr2,,ppi_lr
App,Ptgdr2,,ppi_lr
Il5,Csf2ra,,ppi_lr
Il5,Il3ra,,ppi_lr
Fgf1,Tgfbr3,,ppi_lr
Il6,Cntfr,,ppi_lr
Il6,Lifr,,ppi_lr
Edn1,Tacr2,,ppi_lr
Edn1,Fpr2,,ppi_lr
Edn1,Tacr1,,ppi_lr
Edn1,F2r,,ppi_lr
Edn1,Htr2a,,ppi_lr
Edn1,Htr2c,,ppi_lr
Edn1,Nmbr,,ppi_lr
Edn1,Tacr3,,ppi_lr
Edn1,Bdkrb2,,ppi_lr
Edn1,Grpr,,ppi_lr
Edn1,Agtr1a,,ppi_lr
Edn1,Oxtr,,ppi_lr
Edn1,Gnrhr,,ppi_lr
Edn1,Ntsr1,,ppi_lr
Edn1,Cckar,,ppi_lr
Edn1,Cckbr,,ppi_lr
Edn1,Trhr,,ppi_lr
Edn1,Hrh1,,ppi_lr
Edn1,Avpr1a,,ppi_lr
Edn1,Htr2b,,ppi_lr
Edn1,Xcr1,,ppi_lr
Edn1,Bdkrb1,,ppi_lr
Edn1,Gcgr,,ppi_lr
Edn1,Avpr1b,,ppi_lr
Edn1,F2rl1,,ppi_lr
Edn1,Npsr1,,ppi_lr
Edn1,Prokr2,,ppi_lr
Edn1,Prokr1,,ppi_lr
Edn1,Lpar1,,ppi_lr
Edn1,Ghsr,,ppi_lr
Edn1,Kiss1r,,ppi_lr
Edn1,Qrfpr,,ppi_lr
Edn1,F2rl3,,ppi_lr
Edn1,Lpar4,,ppi_lr
Edn1,Mchr1,,ppi_lr
Edn1,Nmur2,,ppi_lr
Edn1,Npffr1,,ppi_lr
Edn1,Nmur1,,ppi_lr
Edn1,Lpar2,,ppi_lr
Edn1,Uts2r,,ppi_lr
Edn1,Npffr2,,ppi_lr
Cck,Tacr2,,ppi_lr
Cck,Ednrb,,ppi_lr
Cck,Fpr2,,ppi_lr
Cck,Ednra,,ppi_lr
Cck,Tacr1,,ppi_lr
Cck,F2r,,ppi_lr
Cck,Htr2a,,ppi_lr
Cck,Htr2c,,ppi_lr
Cck,Nmbr,,ppi_lr
Cck,Tacr3,,ppi_lr
Cck,Bdkrb2,,ppi_lr
Cck,Grpr,,ppi_lr
Cck,Agtr1a,,ppi_lr
Cck,Oxtr,,ppi_lr
Cck,Gnrhr,,ppi_lr
Cck,Ntsr1,,ppi_lr
Cck,Trhr,,ppi_lr
Cck,Hrh1,,ppi_lr
Cck,Avpr1a,,ppi_lr
Cck,Htr2b,,ppi_lr
Cck,Xcr1,,ppi_lr
Cck,Bdkrb1,,ppi_lr
Cck,Gcgr,,ppi_lr
Cck,Avpr1b,,ppi_lr
Cck,F2rl1,,ppi_lr
Cck,Npsr1,,ppi_lr
Cck,Prokr2,,ppi_lr
Cck,Prokr1,,ppi_lr
Cck,Lpar1,,ppi_lr
Cck,Ghsr,,ppi_lr
Cck,Kiss1r,,ppi_lr
Cck,Qrfpr,,ppi_lr
Cck,F2rl3,,ppi_lr
Cck,Lpar4,,ppi_lr
Cck,Mchr1,,ppi_lr
Cck,Nmur2,,ppi_lr
Cck,Npffr1,,ppi_lr
Cck,Nmur1,,ppi_lr
Cck,Lpar2,,ppi_lr
Cck,Uts2r,,ppi_lr
Cck,Npffr2,,ppi_lr
Crh,Tshr,,ppi_lr
Crh,Lhcgr,,ppi_lr
Crh,Fshr,,ppi_lr
Crh,Hrh2,,ppi_lr
Crh,Avpr2,,ppi_lr
Crh,Calcr,,ppi_lr
Crh,Vipr1,,ppi_lr
Crh,Mc4r,,ppi_lr
Crh,Mc5r,,ppi_lr
Crh,Htr7,,ppi_lr
Crh,Adcyap1r1,,ppi_lr
Crh,Vipr2,,ppi_lr
Crh,Mc3r,,ppi_lr
Crh,Glp1r,,ppi_lr
Crh,Gcgr,,ppi_lr
Crh,Sctr,,ppi_lr
Crh,Gipr,,ppi_lr
Crh,Pth2r,,ppi_lr
Crh,Htr6,,ppi_lr
Crh,Mc1r,,ppi_lr
Crh,Ghrhr,,ppi_lr
Crh,Pth1r,,ppi_lr
Crh,Htr4,,ppi_lr
Crh,Calcrl,,ppi_lr
Crh,Npsr1,,ppi_lr
Crh,Rxfp2,,ppi_lr
Crh,Rxfp1,,ppi_lr
Grp,Tacr2,,ppi_lr
Grp,Ednrb,,ppi_lr
Grp,Fpr2,,ppi_lr
Grp,Ednra,,ppi_lr
Grp,Tacr1,,ppi_lr
Grp,F2r,,ppi_lr
Grp,Htr2a,,ppi_lr
Grp,Htr2c,,ppi_lr
Grp,Tacr3,,ppi_lr
Grp,Bdkrb2,,ppi_lr
Grp,Agtr1a,,ppi_lr
Grp,Oxtr,,ppi_lr
Grp,Gnrhr,,ppi_lr
Grp,Ntsr1,,ppi_lr
Grp,Cckar,,ppi_lr
Grp,Cckbr,,ppi_lr
Grp,Trhr,,ppi_lr
Grp,Hrh1,,ppi_lr
Grp,Avpr1a,,ppi_lr
Grp,Htr2b,,ppi_lr
Grp,Xcr1,,ppi_lr
Grp,Bdkrb1,,ppi_lr
Grp,Gcgr,,ppi_lr
Grp,Avpr1b,,ppi_lr
Grp,F2rl1,,ppi_lr
Grp,Npsr1,,ppi_lr
Grp,Prokr2,,ppi_lr
Grp,Prokr1,,ppi_lr
Grp,Lpar1,,ppi_lr
Grp,Ghsr,,ppi_lr
Grp,Kiss1r,,ppi_lr
Grp,Qrfpr,,ppi_lr
Grp,F2rl3,,ppi_lr
Grp,Lpar4,,ppi_lr
Grp,Mchr1,,ppi_lr
Grp,Nmur2,,ppi_lr
Grp,Npffr1,,ppi_lr
Grp,Nmur1,,ppi_lr
Grp,Lpar2,,ppi_lr
Grp,Uts2r,,ppi_lr
Grp,Npffr2,,ppi_lr
Thbs1,Calcr,,ppi_lr
Thbs1,Lrp2,,ppi_lr
Inhba,Acvrl1,,ppi_lr
Nmb,Tacr2,,ppi_lr
Nmb,Ednrb,,ppi_lr
Nmb,Fpr2,,ppi_lr
Nmb,Ednra,,ppi_lr
Nmb,Tacr1,,ppi_lr
Nmb,F2r,,ppi_lr
Nmb,Htr2a,,ppi_lr
Nmb,Htr2c,,ppi_lr
Nmb,Tacr3,,ppi_lr
Nmb,Bdkrb2,,ppi_lr
Nmb,Agtr1a,,ppi_lr
Nmb,Oxtr,,ppi_lr
Nmb,Gnrhr,,ppi_lr
Nmb,Ntsr1,,ppi_lr
Nmb,Cckar,,ppi_lr
Nmb,Cckbr,,ppi_lr
Nmb,Trhr,,ppi_lr
Nmb,Hrh1,,ppi_lr
Nmb,Avpr1a,,ppi_lr
Nmb,Htr2b,,ppi_lr
Nmb,Xcr1,,ppi_lr
Nmb,Bdkrb1,,ppi_lr
Nmb,Gcgr,,ppi_lr
Nmb,Avpr1b,,ppi_lr
Nmb,F2rl1,,ppi_lr
Nmb,Npsr1,,ppi_lr
Nmb,Prokr2,,ppi_lr
Nmb,Prokr1,,ppi_lr
Nmb,Lpar1,,ppi_lr
Nmb,Ghsr,,ppi_lr
Nmb,Kiss1r,,ppi_lr
Nmb,Qrfpr,,ppi_lr
Nmb,F2rl3,,ppi_lr
Nmb,Lpar4,,ppi_lr
Nmb,Mchr1,,ppi_lr
Nmb,Nmur2,,ppi_lr
Nmb,Npffr1,,ppi_lr
Nmb,Nmur1,,ppi_lr
Nmb,Lpar2,,ppi_lr
Nmb,Uts2r,,ppi_lr
Nmb,Npffr2,,ppi_lr
Gip,Tshr,,ppi_lr
Gip,Lhcgr,,ppi_lr
Gip,Fshr,,ppi_lr
Gip,Hrh2,,ppi_lr
Gip,Avpr2,,ppi_lr
Gip,Calcr,,ppi_lr
Gip,Vipr1,,ppi_lr
Gip,Mc4r,,ppi_lr
Gip,Mc5r,,ppi_lr
Gip,Htr7,,ppi_lr
Gip,Crhr1,,ppi_lr
Gip,Adcyap1r1,,ppi_lr
Gip,Vipr2,,ppi_lr
Gip,Mc3r,,ppi_lr
Gip,Glp1r,,ppi_lr
Gip,Gcgr,,ppi_lr
Gip,Sctr,,ppi_lr
Gip,Pth2r,,ppi_lr
Gip,Htr6,,ppi_lr
Gip,Mc2r,,ppi_lr
Gip,Mc1r,,ppi_lr
Gip,Ghrhr,,ppi_lr
Gip,Pth1r,,ppi_lr
Gip,Crhr2,,ppi_lr
Gip,Htr4,,ppi_lr
Gip,Calcrl,,ppi_lr
Gip,Npsr1,,ppi_lr
Gip,Rxfp2,,ppi_lr
Gip,Rxfp1,,ppi_lr
Nps,Tacr2,,ppi_lr
Nps,Lhcgr,,ppi_lr
Nps,Fshr,,ppi_lr
Nps,Ednrb,,ppi_lr
Nps,Hrh2,,ppi_lr
Nps,Fpr2,,ppi_lr
Nps,Ednra,,ppi_lr
Nps,Tacr1,,ppi_lr
Nps,F2r,,ppi_lr
Nps,Htr2a,,ppi_lr
Nps,Htr2c,,ppi_lr
Nps,Nmbr,,ppi_lr
Nps,Tacr3,,ppi_lr
Nps,Bdkrb2,,ppi_lr
Nps,Avpr2,,ppi_lr
Nps,Grpr,,ppi_lr
Nps,Agtr1a,,ppi_lr
Nps,Oxtr,,ppi_lr
Nps,Gnrhr,,ppi_lr
Nps,Calcr,,ppi_lr
Nps,Ntsr1,,ppi_lr
Nps,Cckar,,ppi_lr
Nps,Cckbr,,ppi_lr
Nps,Mc4r,,ppi_lr
Nps,Mc5r,,ppi_lr
Nps,Htr7,,ppi_lr
Nps,Trhr,,ppi_lr
Nps,Crhr1,,ppi_lr
Nps,Hrh1,,ppi_lr
Nps,Avpr1a,,ppi_lr
Nps,Vipr2,,ppi_lr
Nps,Htr2b,,ppi_lr
Nps,Mc3r,,ppi_lr
Nps,Glp1r,,ppi_lr
Nps,Xcr1,,ppi_lr
Nps,Bdkrb1,,ppi_lr
Nps,Gcgr,,ppi_lr
Nps,Sctr,,ppi_lr
Nps,Avpr1b,,ppi_lr
Nps,Gipr,,ppi_lr
Nps,Pth2r,,ppi_lr
Nps,Htr6,,ppi_lr
Nps,F2rl1,,ppi_lr
Nps,Mc2r,,ppi_lr
Nps,Mc1r,,ppi_lr
Nps,Ghrhr,,ppi_lr
Nps,Crhr2,,ppi_lr
Nps,Htr4,,ppi_lr
Nps,Calcrl,,ppi_lr
Nps,Prokr2,,ppi_lr
Nps,Prokr1,,ppi_lr
Nps,Rxfp2,,ppi_lr
Nps,Lpar1,,ppi_lr
Nps,Ghsr,,ppi_lr
Nps,Kiss1r,,ppi_lr
Nps,Qrfpr,,ppi_lr
Nps,F2rl3,,ppi_lr
Nps,Lpar4,,ppi_lr
Nps,Mchr1,,ppi_lr
Nps,Nmur2,,ppi_lr
Nps,Npffr1,,ppi_lr
Nps,Nmur1,,ppi_lr
Nps,Lpar2,,ppi_lr
Nps,Rxfp1,,ppi_lr
Nps,Uts2r,,ppi_lr
Nps,Npffr2,,ppi_lr
Saa1,Tacr2,,ppi_lr
Saa1,C5ar1,,ppi_lr
Saa1,Ednrb,,ppi_lr
Saa1,Cxcr1,,ppi_lr
Saa1,Cxcr2,,ppi_lr
Saa1,Ednra,,ppi_lr
Saa1,Tacr1,,ppi_lr
Saa1,Ackr3,,ppi_lr
Saa1,F2r,,ppi_lr
Saa1,Npy1r,,ppi_lr
Saa1,Htr1d,,ppi_lr
Saa1,Htr1b,,ppi_lr
Saa1,Htr2a,,ppi_lr
Saa1,Htr2c,,ppi_lr
Saa1,Nmbr,,ppi_lr
Saa1,Tacr3,,ppi_lr
Saa1,Bdkrb2,,ppi_lr
Saa1,Grpr,,ppi_lr
Saa1,Agtr1a,,ppi_lr
Saa1,Oxtr,,ppi_lr
Saa1,Sstr1,,ppi_lr
Saa1,Sstr2,,ppi_lr
Saa1,Htr1f,,ppi_lr
Saa1,Gnrhr,,ppi_lr
Saa1,Ntsr1,,ppi_lr
Saa1,Sstr4,,ppi_lr
Saa1,Cckar,,ppi_lr
Saa1,Cckbr,,ppi_lr
Saa1,Ccr1,,ppi_lr
Saa1,Ccr7,,ppi_lr
Saa1,Cxcr5,,ppi_lr
Saa1,Sstr3,,ppi_lr
Saa1,Trhr,,ppi_lr
Saa1,Sstr5,,ppi_lr
Saa1,Hrh1,,ppi_lr
Saa1,Oprm1,,ppi_lr
Saa1,Aplnr,,ppi_lr
Saa1,Avpr1a,,ppi_lr
Saa1,Oprd1,,ppi_lr
Saa1,Oprk1,,ppi_lr
Saa1,Oprl1,,ppi_lr
Saa1,Htr2b,,ppi_lr
Saa1,Ccr2,,ppi_lr
Saa1,Ccr10,,ppi_lr
Saa1,Xcr1,,ppi_lr
Saa1,Bdkrb1,,ppi_lr
Saa1,Galr1,,ppi_lr
Saa1,Gcgr,,ppi_lr
Saa1,Htr5a,,ppi_lr
Saa1,Avpr1b,,ppi_lr
Saa1,Npbwr1,,ppi_lr
Saa1,Npy2r,,ppi_lr
Saa1,Mtnr1b,,ppi_lr
Saa1,Cxcr3,,ppi_lr
Saa1,Agtr2,,ppi_lr
Saa1,Ccr3,,ppi_lr
Saa1,Ccr4,,ppi_lr
Saa1,Ccr5,,ppi_lr
Saa1,Ccr6,,ppi_lr
Saa1,Ccr8,,ppi_lr
Saa1,Ccr9,,ppi_lr
Saa1,F2rl1,,ppi_lr
Saa1,Cxcr4,,ppi_lr
Saa1,Grm4,,ppi_lr
Saa1,P2ry14,,ppi_lr
Saa1,Npy5r,,ppi_lr
Saa1,C3ar1,,ppi_lr
Saa1,Npsr1,,ppi_lr
Saa1,Prokr2,,ppi_lr
Saa1,Prokr1,,ppi_lr
Saa1,Rxfp4,,ppi_lr
Saa1,Lpar1,,ppi_lr
Saa1,Ghsr,,ppi_lr
Saa1,Kiss1r,,ppi_lr
Saa1,Qrfpr,,ppi_lr
Saa1,F2rl3,,ppi_lr
Saa1,Lpar4,,ppi_lr
Saa1,Mchr1,,ppi_lr
Saa1,Nmur2,,ppi_lr
Saa1,Npffr1,,ppi_lr
Saa1,Hrh4,,ppi_lr
Saa1,Nmur1,,ppi_lr
Saa1,Lpar2,,ppi_lr
Saa1,Rxfp3,,ppi_lr
Saa1,Uts2r,,ppi_lr
Saa1,Hrh3,,ppi_lr
Saa1,Npffr2,,ppi_lr
Saa1,Ptgdr2,,ppi_lr
Pyy,Fpr1,,ppi_lr
Pyy,C5ar1,,ppi_lr
Pyy,Cxcr1,,ppi_lr
Pyy,Cxcr2,,ppi_lr
Pyy,Fpr2,,ppi_lr
Pyy,Ackr3,,ppi_lr
Pyy,Htr1d,,ppi_lr
Pyy,Htr1b,,ppi_lr
Pyy,Bdkrb2,,ppi_lr
Pyy,Sstr1,,ppi_lr
Pyy,Sstr2,,ppi_lr
Pyy,Htr1f,,ppi_lr
Pyy,Sstr4,,ppi_lr
Pyy,Ccr1,,ppi_lr
Pyy,Ccr7,,ppi_lr
Pyy,Cxcr5,,ppi_lr
Pyy,Sstr3,,ppi_lr
Pyy,Sstr5,,ppi_lr
Pyy,Oprm1,,ppi_lr
Pyy,Aplnr,,ppi_lr
Pyy,Oprd1,,ppi_lr
Pyy,Oprk1,,ppi_lr
Pyy,Oprl1,,ppi_lr
Pyy,Ccr2,,ppi_lr
Pyy,Ccr10,,ppi_lr
Pyy,Bdkrb1,,ppi_lr
Pyy,Galr1,,ppi_lr
Pyy,Htr5a,,ppi_lr
Pyy,Mtnr1a,,ppi_lr
Pyy,Npbwr1,,ppi_lr
Pyy,Mtnr1b,,ppi_lr
Pyy,Cxcr3,,ppi_lr
Pyy,Agtr2,,ppi_lr
Pyy,Ccr3,,ppi_lr
Pyy,Ccr4,,ppi_lr
Pyy,Ccr5,,ppi_lr
Pyy,Ccr6,,ppi_lr
Pyy,Ccr8,,ppi_lr
Pyy,Ccr9,,ppi_lr
Pyy,Cxcr4,,ppi_lr
Pyy,Grm4,,ppi_lr
Pyy,P2ry14,,ppi_lr
Pyy,C3ar1,,ppi_lr
Pyy,Rxfp4,,ppi_lr
Pyy,Lpar1,,ppi_lr
Pyy,Mchr1,,ppi_lr
Pyy,Nmur2,,ppi_lr
Pyy,Hrh4,,ppi_lr
Pyy,Nmur1,,ppi_lr
Pyy,Lpar2,,ppi_lr
Pyy,Rxfp3,,ppi_lr
Pyy,Hrh3,,ppi_lr
Pyy,Ptgdr2,,ppi_lr
Calca,Tshr,,ppi_lr
Calca,Lhcgr,,ppi_lr
Calca,Fshr,,ppi_lr
Calca,Hrh2,,ppi_lr
Calca,Avpr2,,ppi_lr
Calca,Vipr1,,ppi_lr
Calca,Mc4r,,ppi_lr
Calca,Mc5r,,ppi_lr
Calca,Htr7,,ppi_lr
Calca,Crhr1,,ppi_lr
Calca,Adcyap1r1,,ppi_lr
Calca,Vipr2,,ppi_lr
Calca,Mc3r,,ppi_lr
Calca,Glp1r,,ppi_lr
Calca,Gcgr,,ppi_lr
Calca,Sctr,,ppi_lr
Calca,Gipr,,ppi_lr
Calca,Pth2r,,ppi_lr
Calca,Htr6,,ppi_lr
Calca,Mc2r,,ppi_lr
Calca,Mc1r,,ppi_lr
Calca,Ghrhr,,ppi_lr
Calca,Pth1r,,ppi_lr
Calca,Crhr2,,ppi_lr
Calca,Htr4,,ppi_lr
Calca,Npsr1,,ppi_lr
Calca,Rxfp2,,ppi_lr
Calca,Rxfp1,,ppi_lr
Spp1,Ncstn,,ppi_lr
Tgfb3,Itgb5,,ppi_lr
Tgfb3,Itgb8,,ppi_lr
Iapp,Tshr,,ppi_lr
Iapp,Lhcgr,,ppi_lr
Iapp,Fshr,,ppi_lr
Iapp,Hrh2,,ppi_lr
Iapp,Avpr2,,ppi_lr
Iapp,Vipr1,,ppi_lr
Iapp,Mc4r,,ppi_lr
Iapp,Mc5r,,ppi_lr
Iapp,Htr7,,ppi_lr
Iapp,Crhr1,,ppi_lr
Iapp,Adcyap1r1,,ppi_lr
Iapp,Vipr2,,ppi_lr
Iapp,Mc3r,,ppi_lr
Iapp,Glp1r,,ppi_lr
Iapp,Gcgr,,ppi_lr
Iapp,Sctr,,ppi_lr
Iapp,Gipr,,ppi_lr
Iapp,Pth2r,,ppi_lr
Iapp,Htr6,,ppi_lr
Iapp,Mc2r,,ppi_lr
Iapp,Mc1r,,ppi_lr
Iapp,Ghrhr,,ppi_lr
Iapp,Pth1r,,ppi_lr
Iapp,Crhr2,,ppi_lr
Iapp,Htr4,,ppi_lr
Iapp,Npsr1,,ppi_lr
Iapp,Rxfp2,,ppi_lr
Iapp,Rxfp1,,ppi_lr
Pthlh,Lhcgr,,ppi_lr
Pthlh,Fshr,,ppi_lr
Pthlh,Hrh2,,ppi_lr
Pthlh,Avpr2,,ppi_lr
Pthlh,Calcr,,ppi_lr
Pthlh,Mc4r,,ppi_lr
Pthlh,Mc5r,,ppi_lr
Pthlh,Htr7,,ppi_lr
Pthlh,Crhr1,,ppi_lr
Pthlh,Vipr2,,ppi_lr
Pthlh,Mc3r,,ppi_lr
Pthlh,Glp1r,,ppi_lr
Pthlh,Gcgr,,ppi_lr
Pthlh,Sctr,,ppi_lr
Pthlh,Gipr,,ppi_lr
Pthlh,Htr6,,ppi_lr
Pthlh,Mc2r,,ppi_lr
Pthlh,Mc1r,,ppi_lr
Pthlh,Ghrhr,,ppi_lr
Pthlh,Crhr2,,ppi_lr
Pthlh,Htr4,,ppi_lr
Pthlh,Calcrl,,ppi_lr
Pthlh,Npsr1,,ppi_lr
Pthlh,Rxfp2,,ppi_lr
Pthlh,Rxfp1,,ppi_lr
Bmp2,Fgfr2,,ppi_lr
Bmp2,Fgfr4,,ppi_lr
Bmp2,Fgfr3,,ppi_lr
Bmp2,Neo1,,ppi_lr
Bmp4,Fgfr2,,ppi_lr
Bmp4,Fgfr4,,ppi_lr
Bmp4,Fgfr3,,ppi_lr
Ccl5,Fpr1,,ppi_lr
Ccl5,C5ar1,,ppi_lr
Ccl5,Cxcr1,,ppi_lr
Ccl5,Cxcr2,,ppi_lr
Ccl5,Fpr2,,ppi_lr
Ccl5,Ackr3,,ppi_lr
Ccl5,Npy1r,,ppi_lr
Ccl5,Htr1d,,ppi_lr
Ccl5,Htr1b,,ppi_lr
Ccl5,Bdkrb2,,ppi_lr
Ccl5,Sstr1,,ppi_lr
Ccl5,Sstr2,,ppi_lr
Ccl5,Htr1f,,ppi_lr
Ccl5,Sstr4,,ppi_lr
Ccl5,Ccr7,,ppi_lr
Ccl5,Sstr3,,ppi_lr
Ccl5,Sstr5,,ppi_lr
Ccl5,Oprm1,,ppi_lr
Ccl5,Aplnr,,ppi_lr
Ccl5,Oprd1,,ppi_lr
Ccl5,Oprk1,,ppi_lr
Ccl5,Oprl1,,ppi_lr
Ccl5,Ccr2,,ppi_lr
Ccl5,Ccr10,,ppi_lr
Ccl5,Bdkrb1,,ppi_lr
Ccl5,Galr1,,ppi_lr
Ccl5,Htr5a,,ppi_lr
Ccl5,Mtnr1a,,ppi_lr
Ccl5,Npbwr1,,ppi_lr
Ccl5,Npy2r,,ppi_lr
Ccl5,Mtnr1b,,ppi_lr
Ccl5,Agtr2,,ppi_lr
Ccl5,Ccr6,,ppi_lr
Ccl5,Ccr8,,ppi_lr
Ccl5,Ccr9,,ppi_lr
Ccl5,Cxcr4,,ppi_lr
Ccl5,Grm4,,ppi_lr
Ccl5,P2ry14,,ppi_lr
Ccl5,Npy5r,,ppi_lr
Ccl5,C3ar1,,ppi_lr
Ccl5,Rxfp4,,ppi_lr
Ccl5,Lpar1,,ppi_lr
Ccl5,Mchr1,,ppi_lr
Ccl5,Nmur2,,ppi_lr
Ccl5,Hrh4,,ppi_lr
Ccl5,Nmur1,,ppi_lr
Ccl5,Lpar2,,ppi_lr
Ccl5,Rxfp3,,ppi_lr
Ccl5,Hrh3,,ppi_lr
Ccl5,Ptgdr2,,ppi_lr
H2-T23,Itga6,,ppi_lr
H2-T23,Plxna3,,ppi_lr
H2-T23,Ephb4,,ppi_lr
Edn3,Tacr2,,ppi_lr
Edn3,Fpr2,,ppi_lr
Edn3,Tacr1,,ppi_lr
Edn3,F2r,,ppi_lr
Edn3,Htr2a,,ppi_lr
Edn3,Htr2c,,ppi_lr
Edn3,Nmbr,,ppi_lr
Edn3,Tacr3,,ppi_lr
Edn3,Bdkrb2,,ppi_lr
Edn3,Grpr,,ppi_lr
Edn3,Agtr1a,,ppi_lr
Edn3,Oxtr,,ppi_lr
Edn3,Gnrhr,,ppi_lr
Edn3,Ntsr1,,ppi_lr
Edn3,Cckar,,ppi_lr
Edn3,Cckbr,,ppi_lr
Edn3,Trhr,,ppi_lr
Edn3,Hrh1,,ppi_lr
Edn3,Avpr1a,,ppi_lr
Edn3,Htr2b,,ppi_lr
Edn3,Xcr1,,ppi_lr
Edn3,Bdkrb1,,ppi_lr
Edn3,Gcgr,,ppi_lr
Edn3,Avpr1b,,ppi_lr
Edn3,F2rl1,,ppi_lr
Edn3,Npsr1,,ppi_lr
Edn3,Prokr2,,ppi_lr
Edn3,Prokr1,,ppi_lr
Edn3,Lpar1,,ppi_lr
Edn3,Ghsr,,ppi_lr
Edn3,Kiss1r,,ppi_lr
Edn3,Qrfpr,,ppi_lr
Edn3,F2rl3,,ppi_lr
Edn3,Lpar4,,ppi_lr
Edn3,Mchr1,,ppi_lr
Edn3,Nmur2,,ppi_lr
Edn3,Npffr1,,ppi_lr
Edn3,Nmur1,,ppi_lr
Edn3,Lpar2,,ppi_lr
Edn3,Uts2r,,ppi_lr
Edn3,Npffr2,,ppi_lr
Nid1,Notch1,,ppi_lr
Nid1,Notch2,,ppi_lr
Nid1,Notch3,,ppi_lr
Hsp90b1,Bmpr1a,,ppi_lr
Hsp90b1,Amfr,,ppi_lr
Lif,Cntfr,,ppi_lr
Vegfa,Pdgfra,,ppi_lr
Vegfa,Flt4,,ppi_lr
Adcyap1,Lhcgr,,ppi_lr
Adcyap1,Fshr,,ppi_lr
Adcyap1,Hrh2,,ppi_lr
Adcyap1,Avpr2,,ppi_lr
Adcyap1,Calcr,,ppi_lr
Adcyap1,Mc4r,,ppi_lr
Adcyap1,Mc5r,,ppi_lr
Adcyap1,Htr7,,ppi_lr
Adcyap1,Crhr1,,ppi_lr
Adcyap1,Mc3r,,ppi_lr
Adcyap1,Glp1r,,ppi_lr
Adcyap1,Gcgr,,ppi_lr
Adcyap1,Gipr,,ppi_lr
Adcyap1,Pth2r,,ppi_lr
Adcyap1,Htr6,,ppi_lr
Adcyap1,Mc2r,,ppi_lr
Adcyap1,Mc1r,,ppi_lr
Adcyap1,Ghrhr,,ppi_lr
Adcyap1,Pth1r,,ppi_lr
Adcyap1,Crhr2,,ppi_lr
Adcyap1,Htr4,,ppi_lr
Adcyap1,Calcrl,,ppi_lr
Adcyap1,Ntrk2,,ppi_lr
Adcyap1,Npsr1,,ppi_lr
Adcyap1,Rxfp2,,ppi_lr
Adcyap1,Rxfp1,,ppi_lr
Cxcl1,Fpr1,,ppi_lr
Cxcl1,C5ar1,,ppi_lr
Cxcl1,Fpr2,,ppi_lr
Cxcl1,Ackr3,,ppi_lr
Cxcl1,Npy1r,,ppi_lr
Cxcl1,Htr1d,,ppi_lr
Cxcl1,Htr1b,,ppi_lr
Cxcl1,Bdkrb2,,ppi_lr
Cxcl1,Sstr1,,ppi_lr
Cxcl1,Sstr2,,ppi_lr
Cxcl1,Htr1f,,ppi_lr
Cxcl1,Sstr4,,ppi_lr
Cxcl1,Ccr1,,ppi_lr
Cxcl1,Ccr7,,ppi_lr
Cxcl1,Cxcr5,,ppi_lr
Cxcl1,Sstr3,,ppi_lr
Cxcl1,Sstr5,,ppi_lr
Cxcl1,Oprm1,,ppi_lr
Cxcl1,Aplnr,,ppi_lr
Cxcl1,Oprd1,,ppi_lr
Cxcl1,Oprk1,,ppi_lr
Cxcl1,Oprl1,,ppi_lr
Cxcl1,Ccr2,,ppi_lr
Cxcl1,Ccr10,,ppi_lr
Cxcl1,Bdkrb1,,ppi_lr
Cxcl1,Galr1,,ppi_lr
Cxcl1,Htr5a,,ppi_lr
Cxcl1,Mtnr1a,,ppi_lr
Cxcl1,Npbwr1,,ppi_lr
Cxcl1,Npy2r,,ppi_lr
Cxcl1,Mtnr1b,,ppi_lr
Cxcl1,Cxcr3,,ppi_lr
Cxcl1,Agtr2,,ppi_lr
Cxcl1,Ccr3,,ppi_lr
Cxcl1,Ccr4,,ppi_lr
Cxcl1,Ccr5,,ppi_lr
Cxcl1,Ccr6,,ppi_lr
Cxcl1,Ccr8,,ppi_lr
Cxcl1,Ccr9,,ppi_lr
Cxcl1,Cxcr4,,ppi_lr
Cxcl1,Grm4,,ppi_lr
Cxcl1,P2ry14,,ppi_lr
Cxcl1,Npy5r,,ppi_lr
Cxcl1,C3ar1,,ppi_lr
Cxcl1,Rxfp4,,ppi_lr
Cxcl1,Lpar1,,ppi_lr
Cxcl1,Mchr1,,ppi_lr
Cxcl1,Nmur2,,ppi_lr
Cxcl1,Hrh4,,ppi_lr
Cxcl1,Nmur1,,ppi_lr
Cxcl1,Lpar2,,ppi_lr
Cxcl1,Rxfp3,,ppi_lr
Cxcl1,Hrh3,,ppi_lr
Cxcl1,Ptgdr2,,ppi_lr
Cxcl2,Fpr1,,ppi_lr
Cxcl2,C5ar1,,ppi_lr
Cxcl2,Fpr2,,ppi_lr
Cxcl2,Ackr3,,ppi_lr
Cxcl2,Npy1r,,ppi_lr
Cxcl2,Htr1d,,ppi_lr
Cxcl2,Htr1b,,ppi_lr
Cxcl2,Bdkrb2,,ppi_lr
Cxcl2,Sstr1,,ppi_lr
Cxcl2,Sstr2,,ppi_lr
Cxcl2,Htr1f,,ppi_lr
Cxcl2,Sstr4,,ppi_lr
Cxcl2,Ccr1,,ppi_lr
Cxcl2,Ccr7,,ppi_lr
Cxcl2,Cxcr5,,ppi_lr
Cxcl2,Sstr3,,ppi_lr
Cxcl2,Sstr5,,ppi_lr
Cxcl2,Oprm1,,ppi_lr
Cxcl2,Aplnr,,ppi_lr
Cxcl2,Oprd1,,ppi_lr
Cxcl2,Oprk1,,ppi_lr
Cxcl2,Oprl1,,ppi_lr
Cxcl2,Ccr2,,ppi_lr
Cxcl2,Ccr10,,ppi_lr
Cxcl2,Bdkrb1,,ppi_lr
Cxcl2,Galr1,,ppi_lr
Cxcl2,Htr5a,,ppi_lr
Cxcl2,Npbwr1,,ppi_lr
Cxcl2,Npy2r,,ppi_lr
Cxcl2,Mtnr1b,,ppi_lr
Cxcl2,Cxcr3,,ppi_lr
Cxcl2,Agtr2,,ppi_lr
Cxcl2,Ccr3,,ppi_lr
Cxcl2,Ccr4,,ppi_lr
Cxcl2,Ccr5,,ppi_lr
Cxcl2,Ccr6,,ppi_lr
Cxcl2,Ccr8,,ppi_lr
Cxcl2,Ccr9,,ppi_lr
Cxcl2,Cxcr4,,ppi_lr
Cxcl2,Grm4,,ppi_lr
Cxcl2,P2ry14,,ppi_lr
Cxcl2,Npy5r,,ppi_lr
Cxcl2,C3ar1,,ppi_lr
Cxcl2,Rxfp4,,ppi_lr
Cxcl2,Lpar1,,ppi_lr
Cxcl2,Mchr1,,ppi_lr
Cxcl2,Nmur2,,ppi_lr
Cxcl2,Hrh4,,ppi_lr
Cxcl2,Nmur1,,ppi_lr
Cxcl2,Lpar2,,ppi_lr
Cxcl2,Rxfp3,,ppi_lr
Cxcl2,Hrh3,,ppi_lr
Cxcl2,Ptgdr2,,ppi_lr
Tac1,Ednrb,,ppi_lr
Tac1,Fpr2,,ppi_lr
Tac1,Ednra,,ppi_lr
Tac1,F2r,,ppi_lr
Tac1,Htr2a,,ppi_lr
Tac1,Htr2c,,ppi_lr
Tac1,Nmbr,,ppi_lr
Tac1,Bdkrb2,,ppi_lr
Tac1,Agtr1a,,ppi_lr
Tac1,Oxtr,,ppi_lr
Tac1,Gnrhr,,ppi_lr
Tac1,Ntsr1,,ppi_lr
Tac1,Cckar,,ppi_lr
Tac1,Cckbr,,ppi_lr
Tac1,Trhr,,ppi_lr
Tac1,Hrh1,,ppi_lr
Tac1,Avpr1a,,ppi_lr
Tac1,Oprd1,,ppi_lr
Tac1,Htr2b,,ppi_lr
Tac1,Xcr1,,ppi_lr
Tac1,Bdkrb1,,ppi_lr
Tac1,Gcgr,,ppi_lr
Tac1,Avpr1b,,ppi_lr
Tac1,F2rl1,,ppi_lr
Tac1,Npsr1,,ppi_lr
Tac1,Prokr2,,ppi_lr
Tac1,Prokr1,,ppi_lr
Tac1,Lpar1,,ppi_lr
Tac1,Ghsr,,ppi_lr
Tac1,Kiss1r,,ppi_lr
Tac1,Qrfpr,,ppi_lr
Tac1,F2rl3,,ppi_lr
Tac1,Lpar4,,ppi_lr
Tac1,Mchr1,,ppi_lr
Tac1,Nmur2,,ppi_lr
Tac1,Npffr1,,ppi_lr
Tac1,Nmur1,,ppi_lr
Tac1,Lpar2,,ppi_lr
Tac1,Uts2r,,ppi_lr
Tac1,Npffr2,,ppi_lr
Pmch,Tacr2,,ppi_lr
Pmch,Fpr1,,ppi_lr
Pmch,C5ar1,,ppi_lr
Pmch,Ednrb,,ppi_lr
Pmch,Cxcr1,,ppi_lr
Pmch,Cxcr2,,ppi_lr
Pmch,Fpr2,,ppi_lr
Pmch,Ednra,,ppi_lr
Pmch,Tacr1,,ppi_lr
Pmch,Ackr3,,ppi_lr
Pmch,F2r,,ppi_lr
Pmch,Npy1r,,ppi_lr
Pmch,Htr1d,,ppi_lr
Pmch,Htr1b,,ppi_lr
Pmch,Htr2a,,ppi_lr
Pmch,Htr2c,,ppi_lr
Pmch,Nmbr,,ppi_lr
Pmch,Tacr3,,ppi_lr
Pmch,Bdkrb2,,ppi_lr
Pmch,Grpr,,ppi_lr
Pmch,Agtr1a,,ppi_lr
Pmch,Oxtr,,ppi_lr
Pmch,Sstr1,,ppi_lr
Pmch,Sstr2,,ppi_lr
Pmch,Htr1f,,ppi_lr
Pmch,Gnrhr,,ppi_lr
Pmch,Ntsr1,,ppi_lr
Pmch,Sstr4,,ppi_lr
Pmch,Cckar,,ppi_lr
Pmch,Cckbr,,ppi_lr
Pmch,Ccr1,,ppi_lr
Pmch,Ccr7,,ppi_lr
Pmch,Cxcr5,,ppi_lr
Pmch,Sstr3,,ppi_lr
Pmch,Trhr,,ppi_lr
Pmch,Sstr5,,ppi_lr
Pmch,Hrh1,,ppi_lr
Pmch,Oprm1,,ppi_lr
Pmch,Aplnr,,ppi_lr
Pmch,Avpr1a,,ppi_lr
Pmch,Oprd1,,ppi_lr
Pmch,Oprk1,,ppi_lr
Pmch,Oprl1,,ppi_lr
Pmch,Htr2b,,ppi_lr
Pmch,Ccr2,,ppi_lr
Pmch,Ccr10,,ppi_lr
Pmch,Xcr1,,ppi_lr
Pmch,Bdkrb1,,ppi_lr
Pmch,Galr1,,ppi_lr
Pmch,Gcgr,,ppi_lr
Pmch,Htr5a,,ppi_lr
Pmch,Avpr1b,,ppi_lr
Pmch,Mtnr1a,,ppi_lr
Pmch,Npbwr1,,ppi_lr
Pmch,Npy2r,,ppi_lr
Pmch,Mtnr1b,,ppi_lr
Pmch,Cxcr3,,ppi_lr
Pmch,Agtr2,,ppi_lr
Pmch,Ccr3,,ppi_lr
Pmch,Ccr4,,ppi_lr
Pmch,Ccr5,,ppi_lr
Pmch,Ccr6,,ppi_lr
Pmch,Ccr8,,ppi_lr
Pmch,Ccr9,,ppi_lr
Pmch,F2rl1,,ppi_lr
Pmch,Cxcr4,,ppi_lr
Pmch,Grm4,,ppi_lr
Pmch,P2ry14,,ppi_lr
Pmch,Npy5r,,ppi_lr
Pmch,C3ar1,,ppi_lr
Pmch,Npsr1,,ppi_lr
Pmch,Prokr2,,ppi_lr
Pmch,Prokr1,,ppi_lr
Pmch,Rxfp4,,ppi_lr
Pmch,Lpar1,,ppi_lr
Pmch,Ghsr,,ppi_lr
Pmch,Kiss1r,,ppi_lr
Pmch,Qrfpr,,ppi_lr
Pmch,F2rl3,,ppi_lr
Pmch,Lpar4,,ppi_lr
Pmch,Nmur2,,ppi_lr
Pmch,Npffr1,,ppi_lr
Pmch,Hrh4,,ppi_lr
Pmch,Nmur1,,ppi_lr
Pmch,Lpar2,,ppi_lr
Pmch,Rxfp3,,ppi_lr
Pmch,Uts2r,,ppi_lr
Pmch,Hrh3,,ppi_lr
Pmch,Npffr2,,ppi_lr
Pmch,Ptgdr2,,ppi_lr
Trh,Tacr2,,ppi_lr
Trh,Ednrb,,ppi_lr
Trh,Fpr2,,ppi_lr
Trh,Ednra,,ppi_lr
Trh,Tacr1,,ppi_lr
Trh,F2r,,ppi_lr
Trh,Htr2a,,ppi_lr
Trh,Htr2c,,ppi_lr
Trh,Nmbr,,ppi_lr
Trh,Tacr3,,ppi_lr
Trh,Bdkrb2,,ppi_lr
Trh,Grpr,,ppi_lr
Trh,Agtr1a,,ppi_lr
Trh,Oxtr,,ppi_lr
Trh,Gnrhr,,ppi_lr
Trh,Ntsr1,,ppi_lr
Trh,Cckar,,ppi_lr
Trh,Cckbr,,ppi_lr
Trh,Hrh1,,ppi_lr
Trh,Avpr1a,,ppi_lr
Trh,Htr2b,,ppi_lr
Trh,Xcr1,,ppi_lr
Trh,Bdkrb1,,ppi_lr
Trh,Gcgr,,ppi_lr
Trh,Avpr1b,,ppi_lr
Trh,F2rl1,,ppi_lr
Trh,Npsr1,,ppi_lr
Trh,Prokr2,,ppi_lr
Trh,Prokr1,,ppi_lr
Trh,Lpar1,,ppi_lr
Trh,Ghsr,,ppi_lr
Trh,Kiss1r,,ppi_lr
Trh,Qrfpr,,ppi_lr
Trh,F2rl3,,ppi_lr
Trh,Lpar4,,ppi_lr
Trh,Mchr1,,ppi_lr
Trh,Nmur2,,ppi_lr
Trh,Npffr1,,ppi_lr
Trh,Nmur1,,ppi_lr
Trh,Lpar2,,ppi_lr
Trh,Uts2r,,ppi_lr
Trh,Npffr2,,ppi_lr
Edn2,Tacr2,,ppi_lr
Edn2,Fpr2,,ppi_lr
Edn2,Tacr1,,ppi_lr
Edn2,F2r,,ppi_lr
Edn2,Htr2a,,ppi_lr
Edn2,Htr2c,,ppi_lr
Edn2,Nmbr,,ppi_lr
Edn2,Tacr3,,ppi_lr
Edn2,Bdkrb2,,ppi_lr
Edn2,Grpr,,ppi_lr
Edn2,Agtr1a,,ppi_lr
Edn2,Oxtr,,ppi_lr
Edn2,Gnrhr,,ppi_lr
Edn2,Ntsr1,,ppi_lr
Edn2,Cckar,,ppi_lr
Edn2,Cckbr,,ppi_lr
Edn2,Trhr,,ppi_lr
Edn2,Hrh1,,ppi_lr
Edn2,Avpr1a,,ppi_lr
Edn2,Htr2b,,ppi_lr
Edn2,Xcr1,,ppi_lr
Edn2,Bdkrb1,,ppi_lr
Edn2,Gcgr,,ppi_lr
Edn2,Avpr1b,,ppi_lr
Edn2,F2rl1,,ppi_lr
Edn2,Npsr1,,ppi_lr
Edn2,Prokr2,,ppi_lr
Edn2,Prokr1,,ppi_lr
Edn2,Lpar1,,ppi_lr
Edn2,Ghsr,,ppi_lr
Edn2,Kiss1r,,ppi_lr
Edn2,Qrfpr,,ppi_lr
Edn2,F2rl3,,ppi_lr
Edn2,Lpar4,,ppi_lr
Edn2,Mchr1,,ppi_lr
Edn2,Nmur2,,ppi_lr
Edn2,Npffr1,,ppi_lr
Edn2,Nmur1,,ppi_lr
Edn2,Lpar2,,ppi_lr
Edn2,Uts2r,,ppi_lr
Edn2,Npffr2,,ppi_lr
Efna1,Ephb2,,ppi_lr
Efna1,Tgfbr1,,ppi_lr
Efna1,Ephb3,,ppi_lr
Efna1,Ephb4,,ppi_lr
Fgf7,Ddr1,,ppi_lr
Il10,Il22ra1,,ppi_lr
Gal,Cxcr1,,ppi_lr
Gal,Cxcr2,,ppi_lr
Gal,Fpr2,,ppi_lr
Gal,Ackr3,,ppi_lr
Gal,Npy1r,,ppi_lr
Gal,Htr1d,,ppi_lr
Gal,Htr1b,,ppi_lr
Gal,Bdkrb2,,ppi_lr
Gal,Sstr1,,ppi_lr
Gal,Sstr2,,ppi_lr
Gal,Htr1f,,ppi_lr
Gal,Sstr4,,ppi_lr
Gal,Ccr1,,ppi_lr
Gal,Ccr7,,ppi_lr
Gal,Cxcr5,,ppi_lr
Gal,Sstr3,,ppi_lr
Gal,Sstr5,,ppi_lr
Gal,Oprm1,,ppi_lr
Gal,Aplnr,,ppi_lr
Gal,Oprd1,,ppi_lr
Gal,Oprk1,,ppi_lr
Gal,Oprl1,,ppi_lr
Gal,Ccr2,,ppi_lr
Gal,Ccr10,,ppi_lr
Gal,Bdkrb1,,ppi_lr
Gal,Htr5a,,ppi_lr
Gal,Mtnr1a,,ppi_lr
Gal,Npbwr1,,ppi_lr
Gal,Npy2r,,ppi_lr
Gal,Mtnr1b,,ppi_lr
Gal,Cxcr3,,ppi_lr
Gal,Agtr2,,ppi_lr
Gal,Ccr3,,ppi_lr
Gal,Ccr4,,ppi_lr
Gal,Ccr5,,ppi_lr
Gal,Ccr6,,ppi_lr
Gal,Ccr8,,ppi_lr
Gal,Ccr9,,ppi_lr
Gal,Cxcr4,,ppi_lr
Gal,Grm4,,ppi_lr
Gal,P2ry14,,ppi_lr
Gal,Npy5r,,ppi_lr
Gal,C3ar1,,ppi_lr
Gal,Rxfp4,,ppi_lr
Gal,Lpar1,,ppi_lr
Gal,Mchr1,,ppi_lr
Gal,Nmur2,,ppi_lr
Gal,Hrh4,,ppi_lr
Gal,Nmur1,,ppi_lr
Gal,Lpar2,,ppi_lr
Gal,Rxfp3,,ppi_lr
Gal,Hrh3,,ppi_lr
Gal,Ptgdr2,,ppi_lr
Calr,Ncstn,,ppi_lr
Calr,Lgr4,,ppi_lr
Lrpap1,Mtnr1b,,ppi_lr
Nts,Cckar,,ppi_lr
Nts,Cckbr,,ppi_lr
Nts,Trhr,,ppi_lr
Nts,Hrh1,,ppi_lr
Nts,Avpr1a,,ppi_lr
Nts,Htr2b,,ppi_lr
Nts,Xcr1,,ppi_lr
Nts,Bdkrb1,,ppi_lr
Nts,Gcgr,,ppi_lr
Nts,Avpr1b,,ppi_lr
Nts,F2rl1,,ppi_lr
Nts,Npsr1,,ppi_lr
Nts,Prokr2,,ppi_lr
Nts,Prokr1,,ppi_lr
Nts,Lpar1,,ppi_lr
Nts,Ghsr,,ppi_lr
Nts,Kiss1r,,ppi_lr
Nts,Qrfpr,,ppi_lr
Nts,F2rl3,,ppi_lr
Nts,Lpar4,,ppi_lr
Nts,Mchr1,,ppi_lr
Nts,Nmur2,,ppi_lr
Nts,Npffr1,,ppi_lr
Nts,Nmur1,,ppi_lr
Nts,Lpar2,,ppi_lr
Nts,Uts2r,,ppi_lr
Nts,Npffr2,,ppi_lr
Adm,Adcyap1r1,,ppi_lr
Adm,Vipr2,,ppi_lr
Adm,Mc3r,,ppi_lr
Adm,Glp1r,,ppi_lr
Adm,Gcgr,,ppi_lr
Adm,Sctr,,ppi_lr
Adm,Gipr,,ppi_lr
Adm,Pth2r,,ppi_lr
Adm,Htr6,,ppi_lr
Adm,Mc2r,,ppi_lr
Adm,Mc1r,,ppi_lr
Adm,Ghrhr,,ppi_lr
Adm,Pth1r,,ppi_lr
Adm,Crhr2,,ppi_lr
Adm,Htr4,,ppi_lr
Adm,Npsr1,,ppi_lr
Adm,Rxfp2,,ppi_lr
Adm,Rxfp1,,ppi_lr
Ptgs2,Mtnr1b,,ppi_lr
Thbs2,Lrp1,,ppi_lr
Col18a1,Ptch1,,ppi_lr
Wnt5a,Lrp2,,ppi_lr
Xcl1,F2rl1,,ppi_lr
Xcl1,Npsr1,,ppi_lr
Xcl1,Prokr2,,ppi_lr
Xcl1,Prokr1,,ppi_lr
Xcl1,Lpar1,,ppi_lr
Xcl1,Ghsr,,ppi_lr
Xcl1,Kiss1r,,ppi_lr
Xcl1,Qrfpr,,ppi_lr
Xcl1,F2rl3,,ppi_lr
Xcl1,Lpar4,,ppi_lr
Xcl1,Mchr1,,ppi_lr
Xcl1,Nmur2,,ppi_lr
Xcl1,Npffr1,,ppi_lr
Xcl1,Nmur1,,ppi_lr
Xcl1,Lpar2,,ppi_lr
Xcl1,Uts2r,,ppi_lr
Xcl1,Npffr2,,ppi_lr
Cxcl12,Npbwr1,,ppi_lr
Cxcl12,Npy2r,,ppi_lr
Cxcl12,Mtnr1b,,ppi_lr
Cxcl12,Agtr2,,ppi_lr
Cxcl12,Ccr3,,ppi_lr
Cxcl12,Ccr4,,ppi_lr
Cxcl12,Ccr5,,ppi_lr
Cxcl12,Ccr6,,ppi_lr
Cxcl12,Ccr8,,ppi_lr
Cxcl12,Ccr9,,ppi_lr
Cxcl12,Grm4,,ppi_lr
Cxcl12,P2ry14,,ppi_lr
Cxcl12,Npy5r,,ppi_lr
Cxcl12,C3ar1,,ppi_lr
Cxcl12,Rxfp4,,ppi_lr
Cxcl12,Lpar1,,ppi_lr
Cxcl12,Mchr1,,ppi_lr
Cxcl12,Nmur2,,ppi_lr
Cxcl12,Hrh4,,ppi_lr
Cxcl12,Nmur1,,ppi_lr
Cxcl12,Lpar2,,ppi_lr
Cxcl12,Rxfp3,,ppi_lr
Cxcl12,Hrh3,,ppi_lr
Cxcl12,Ptgdr2,,ppi_lr
Nmu,Npy2r,,ppi_lr
Nmu,Mtnr1b,,ppi_lr
Nmu,Cxcr3,,ppi_lr
Nmu,Agtr2,,ppi_lr
Nmu,Ccr3,,ppi_lr
Nmu,Ccr4,,ppi_lr
Nmu,Ccr5,,ppi_lr
Nmu,Ccr6,,ppi_lr
Nmu,Ccr8,,ppi_lr
Nmu,Ccr9,,ppi_lr
Nmu,F2rl1,,ppi_lr
Nmu,Cxcr4,,ppi_lr
Nmu,Grm4,,ppi_lr
Nmu,P2ry14,,ppi_lr
Nmu,Npy5r,,ppi_lr
Nmu,C3ar1,,ppi_lr
Nmu,Il20rb,,ppi_lr
Nmu,Npsr1,,ppi_lr
Nmu,Prokr2,,ppi_lr
Nmu,Prokr1,,ppi_lr
Nmu,Rxfp4,,ppi_lr
Nmu,Lpar1,,ppi_lr
Nmu,Ghsr,,ppi_lr
Nmu,Kiss1r,,ppi_lr
Nmu,Qrfpr,,ppi_lr
Nmu,F2rl3,,ppi_lr
Nmu,Lpar4,,ppi_lr
Nmu,Mchr1,,ppi_lr
Nmu,Npffr1,,ppi_lr
Nmu,Hrh4,,ppi_lr
Nmu,Lpar2,,ppi_lr
Nmu,Rxfp3,,ppi_lr
Nmu,Uts2r,,ppi_lr
Nmu,Hrh3,,ppi_lr
Nmu,Npffr2,,ppi_lr
Nmu,Ptgdr2,,ppi_lr
Psen1,Dag1,,ppi_lr
Tnfsf10,Traf2,,ppi_lr
Insl3,Mc2r,,ppi_lr
Insl3,Mc1r,,ppi_lr
Insl3,Ghrhr,,ppi_lr
Insl3,Crhr2,,ppi_lr
Insl3,Htr4,,ppi_lr
Insl3,Calcrl,,ppi_lr
Insl3,Npsr1,,ppi_lr
Efna3,Ephb3,,ppi_lr
Efna3,Ephb4,,ppi_lr
Efna4,Ephb3,,ppi_lr
Efna4,Ephb4,,ppi_lr
Efna4,Ephb1,,ppi_lr
Efna5,Ephb3,,ppi_lr
Efna5,Ephb4,,ppi_lr
Copa,Notch2,,ppi_lr
Copa,Ncstn,,ppi_lr
Copa,Notch3,,ppi_lr
Lamb2,Plaur,,ppi_lr
Wnt3a,Ror2,,ppi_lr
Wnt3a,Traf2,,ppi_lr
Wnt4,Ror2,,ppi_lr
Prok1,Npsr1,,ppi_lr
Prok1,Lpar1,,ppi_lr
Prok1,Ghsr,,ppi_lr
Prok1,Kiss1r,,ppi_lr
Prok1,Qrfpr,,ppi_lr
Prok1,F2rl3,,ppi_lr
Prok1,Lpar4,,ppi_lr
Prok1,Mchr1,,ppi_lr
Prok1,Nmur2,,ppi_lr
Prok1,Npffr1,,ppi_lr
Prok1,Nmur1,,ppi_lr
Prok1,Lpar2,,ppi_lr
Prok1,Uts2r,,ppi_lr
Prok1,Npffr2,,ppi_lr
Il2,Il21r,,ppi_lr
Sst,Grm4,,ppi_lr
Sst,P2ry14,,ppi_lr
Sst,Npy5r,,ppi_lr
Sst,C3ar1,,ppi_lr
Sst,Rxfp4,,ppi_lr
Sst,Lpar1,,ppi_lr
Sst,Mchr1,,ppi_lr
Sst,Nmur2,,ppi_lr
Sst,Hrh4,,ppi_lr
Sst,Nmur1,,ppi_lr
Sst,Lpar2,,ppi_lr
Sst,Rxfp3,,ppi_lr
Sst,Hrh3,,ppi_lr
Sst,Ptgdr2,,ppi_lr
Jag1,Lrp1,,ppi_lr
Adam17,Ptch1,,ppi_lr
Ccl20,Grm4,,ppi_lr
Ccl20,P2ry14,,ppi_lr
Ccl20,Npy5r,,ppi_lr
Ccl20,C3ar1,,ppi_lr
Ccl20,Rxfp4,,ppi_lr
Ccl20,Lpar1,,ppi_lr
Ccl20,Mchr1,,ppi_lr
Ccl20,Nmur2,,ppi_lr
Ccl20,Hrh4,,ppi_lr
Ccl20,Nmur1,,ppi_lr
Ccl20,Lpar2,,ppi_lr
Ccl20,Rxfp3,,ppi_lr
Ccl20,Hrh3,,ppi_lr
Ccl20,Ptgdr2,,ppi_lr
Cxcl5,Grm4,,ppi_lr
Cxcl5,P2ry14,,ppi_lr
Cxcl5,Npy5r,,ppi_lr
Cxcl5,C3ar1,,ppi_lr
Cxcl5,Rxfp4,,ppi_lr
Cxcl5,Lpar1,,ppi_lr
Cxcl5,Mchr1,,ppi_lr
Cxcl5,Nmur2,,ppi_lr
Cxcl5,Hrh4,,ppi_lr
Cxcl5,Nmur1,,ppi_lr
Cxcl5,Lpar2,,ppi_lr
Cxcl5,Rxfp3,,ppi_lr
Cxcl5,Hrh3,,ppi_lr
Cxcl5,Ptgdr2,,ppi_lr
Qrfp,Npsr1,,ppi_lr
Qrfp,Prokr2,,ppi_lr
Qrfp,Prokr1,,ppi_lr
Qrfp,Lpar1,,ppi_lr
Qrfp,Ghsr,,ppi_lr
Qrfp,Kiss1r,,ppi_lr
Qrfp,F2rl3,,ppi_lr
Qrfp,Lpar4,,ppi_lr
Qrfp,Mchr1,,ppi_lr
Qrfp,Nmur2,,ppi_lr
Qrfp,Npffr1,,ppi_lr
Qrfp,Nmur1,,ppi_lr
Qrfp,Lpar2,,ppi_lr
Qrfp,Uts2r,,ppi_lr
Qrfp,Npffr2,,ppi_lr
Hspg2,Lrp8,,ppi_lr
Ltb,Traf2,,ppi_lr
Pnoc,Grm4,,ppi_lr
Pnoc,P2ry14,,ppi_lr
Pnoc,Npy5r,,ppi_lr
Pnoc,C3ar1,,ppi_lr
Pnoc,Rxfp4,,ppi_lr
Pnoc,Lpar1,,ppi_lr
Pnoc,Mchr1,,ppi_lr
Pnoc,Nmur2,,ppi_lr
Pnoc,Hrh4,,ppi_lr
Pnoc,Nmur1,,ppi_lr
Pnoc,Lpar2,,ppi_lr
Pnoc,Rxfp3,,ppi_lr
Pnoc,Hrh3,,ppi_lr
Pnoc,Ptgdr2,,ppi_lr
Kiss1,Npsr1,,ppi_lr
Kiss1,Prokr2,,ppi_lr
Kiss1,Prokr1,,ppi_lr
Kiss1,Lpar1,,ppi_lr
Kiss1,Ghsr,,ppi_lr
Kiss1,Qrfpr,,ppi_lr
Kiss1,F2rl3,,ppi_lr
Kiss1,Lpar4,,ppi_lr
Kiss1,Mchr1,,ppi_lr
Kiss1,Nmur2,,ppi_lr
Kiss1,Npffr1,,ppi_lr
Kiss1,Nmur1,,ppi_lr
Kiss1,Lpar2,,ppi_lr
Kiss1,Uts2r,,ppi_lr
Kiss1,Npffr2,,ppi_lr
Efnb3,Epha6,,ppi_lr
Rspo1,Sorl1,,ppi_lr
Rspo1,Kremen1,,ppi_lr
Nms,Npsr1,,ppi_lr
Nms,Prokr2,,ppi_lr
Nms,Prokr1,,ppi_lr
Nms,Rxfp4,,ppi_lr
Nms,Lpar1,,ppi_lr
Nms,Ghsr,,ppi_lr
Nms,Kiss1r,,ppi_lr
Nms,Qrfpr,,ppi_lr
Nms,F2rl3,,ppi_lr
Nms,Lpar4,,ppi_lr
Nms,Mchr1,,ppi_lr
Nms,Npffr1,,ppi_lr
Nms,Hrh4,,ppi_lr
Nms,Lpar2,,ppi_lr
Nms,Rxfp3,,ppi_lr
Nms,Uts2r,,ppi_lr
Nms,Hrh3,,ppi_lr
Nms,Npffr2,,ppi_lr
Nms,Ptgdr2,,ppi_lr
Artn,Gfra4,,ppi_lr
Uts2b,Prokr2,,ppi_lr
Uts2b,Prokr1,,ppi_lr
Uts2b,Lpar1,,ppi_lr
Uts2b,Ghsr,,ppi_lr
Uts2b,Kiss1r,,ppi_lr
Uts2b,Qrfpr,,ppi_lr
Uts2b,F2rl3,,ppi_lr
Uts2b,Lpar4,,ppi_lr
Uts2b,Mchr1,,ppi_lr
Uts2b,Nmur2,,ppi_lr
Uts2b,Npffr1,,ppi_lr
Uts2b,Nmur1,,ppi_lr
Uts2b,Lpar2,,ppi_lr
Uts2b,Npffr2,,ppi_lr
Adm2,Rxfp2,,ppi_lr
Adm2,Rxfp1,,ppi_lr
Npw,Rxfp4,,ppi_lr
Npw,Lpar1,,ppi_lr
Npw,Mchr1,,ppi_lr
Npw,Nmur2,,ppi_lr
Npw,Hrh4,,ppi_lr
Npw,Nmur1,,ppi_lr
Npw,Lpar2,,ppi_lr
Npw,Rxfp3,,ppi_lr
Npw,Hrh3,,ppi_lr
Npw,Ptgdr2,,ppi_lr
Npb,Rxfp4,,ppi_lr
Npb,Lpar1,,ppi_lr
Npb,Mchr1,,ppi_lr
Npb,Nmur2,,ppi_lr
Npb,Hrh4,,ppi_lr
Npb,Nmur1,,ppi_lr
Npb,Lpar2,,ppi_lr
Npb,Rxfp3,,ppi_lr
Npb,Hrh3,,ppi_lr
Npb,Ptgdr2,,ppi_lr
Rln3,Lpar1,,ppi_lr
Rln3,Mchr1,,ppi_lr
Rln3,Nmur2,,ppi_lr
Rln3,Hrh4,,ppi_lr
Rln3,Nmur1,,ppi_lr
Rln3,Lpar2,,ppi_lr
Rln3,Hrh3,,ppi_lr
Rln3,Ptgdr2,,ppi_lr
Pth2,Rxfp1,,ppi_lr
Ccl19,Nmur2,,ppi_lr
Ccl19,Hrh4,,ppi_lr
Ccl19,Nmur1,,ppi_lr
Ccl19,Lpar2,,ppi_lr
Ccl19,Rxfp3,,ppi_lr
Ccl19,Hrh3,,ppi_lr
Ccl19,Ptgdr2,,ppi_lr
Nrtn,Gfra4,,ppi_lr
Cxcl16,Hrh4,,ppi_lr
Cxcl16,Nmur1,,ppi_lr
Cxcl16,Lpar2,,ppi_lr
Cxcl16,Rxfp3,,ppi_lr
Cxcl16,Hrh3,,ppi_lr
Cxcl16,Ptgdr2,,ppi_lr
Prok2,Uts2r,,ppi_lr
Prok2,Npffr2,,ppi_lr
Ccl28,Rxfp3,,ppi_lr
Ccl28,Hrh3,,ppi_lr
Ccl28,Ptgdr2,,ppi_lr
Hebp1,Rxfp3,,ppi_lr
Hebp1,Hrh3,,ppi_lr
Hebp1,Ptgdr2,,ppi_lr
Ghrl,Uts2r,,ppi_lr
Ghrl,Npffr2,,ppi_lr
Tac2,Uts2r,,ppi_lr
Tac2,Npffr2,,ppi_lr
Apln,Hrh3,,ppi_lr
Apln,Ptgdr2,,ppi_lr
Ccl27al,Hrh3,,ppi_lr
Ccl27al,Ptgdr2,,ppi_lr
Insl5,Ptgdr2,,ppi_lr
Il24,Ccr5,,ppi_lr
Il24,Hmmr,,ppi_lr
Proc,Kit,,ppi_lr
Wnt3,Lrp1,,ppi_lr
Vegfc,Nrp1,,ppi_lr
Anxa1,Cd4,,ppi_lr
Calr,Egfr,,ppi_lr
Tnf,Nrp1,,ppi_lr
Nampt,Ntrk1,,ppi_lr
Lamb1,Ntrk1,,ppi_lr
Nampt,Igf1r,,ppi_lr
Insl3,Lepr,,ppi_lr
Hebp1,Egfr,,ppi_lr
Lama1,Sdc2,,ppi_lr
Jag2,Ephb4,,ppi_lr
Jag2,Lrp6,,ppi_lr
Efnb1,Lrp6,,ppi_lr
Efnb1,Fzd6,,ppi_lr
Efnb1,Epha2,,ppi_lr
Efnb1,Insr,,ppi_lr
Efnb1,Ror2,,ppi_lr
Anxa1,Ptprf,,ppi_lr
Icam5,Fzd6,,ppi_lr
Gstp2,Egfr,,ppi_lr
Icam5,Ret,,ppi_lr
Jag2,Unc5c,,ppi_lr
Efnb1,Unc5c,,ppi_lr
Trf,Sdc2,,ppi_lr
Lama1,Fas,,ppi_lr
Lamb1,Mylk2,,ppi_lr
Anxa1,Erbb2,,ppi_lr
Anxa1,Met,,ppi_lr
Il25,Mylk2,,ppi_lr
Icam5,Robo1,,ppi_lr
Icam5,Robo2,,ppi_lr
Lama1,Lifr,,ppi_lr
Lama1,Osmr,,ppi_lr
Calr,Mylk,,ppi_lr
Anxa1,Fas,,ppi_lr
Rtn4,Cd44,,ppi_lr
Anxa1,Cd44,,ppi_lr
Gstp2,Cd44,,ppi_lr
Lama1,Ptprf,,ppi_lr
Lamb1,Ptprf,,ppi_lr
Ptgs2,Erbb2,,ppi_lr
Bmp4,Notch1,,ppi_lr
Calr,Il7r,,ppi_lr
Psen1,Cxcr1,,ppi_lr
Mmp9,Gnrhr,,ppi_lr
Jag2,Ncstn,,ppi_lr
Calr,Cd40,,ppi_lr
Copa,Pdgfrb,,ppi_lr
Dusp18,Insr,,ppi_lr
Hsp90b1,Erbb2,,ppi_lr
Psap,Erbb2,,ppi_lr
App,Egfr,,ppi_lr
Cx3cl1,Itgb4,,ppi_lr
Psen1,Tgfbr1,,ppi_lr
Fn1,Egfr,,ppi_lr
Ptgs2,Egfr,,ppi_lr
Hsp90b1,Egfr,,ppi_lr
Fasl,Tnfrsf1a,,ppi_lr
Hspg2,Kdr,,ppi_lr
Ntn4,Neo1,,ppi_lr
Ccl27al,Ackr4,,ppi_lr
Hspg2,Flt1,,ppi_lr
Rps19,Rpsa,,ppi_lr
Ctsg,Gp1ba,,ppi_lr
Nlgn3,Tgfbr1,,ppi_lr
Il24,Notch2,,ppi_lr
Hspg2,Fgfr3,,ppi_lr
Lrrc4c,Ntng2,,ppi_lr
Lrpap1,Ldlr,,ppi_lr
App,Bmpr1b,,ppi_lr
Npff,F2rl2,,ppi_lr
Hcrt,F2rl2,,ppi_lr
Uts2,F2rl2,,ppi_lr
Agt,F2rl2,,ppi_lr
Kng1,F2rl2,,ppi_lr
Gnrh1,F2rl2,,ppi_lr
Oxt,F2rl2,,ppi_lr
Avp,F2rl2,,ppi_lr
Gast,F2rl2,,ppi_lr
Anxa1,F2rl2,,ppi_lr
App,F2rl2,,ppi_lr
Edn1,F2rl2,,ppi_lr
Cck,F2rl2,,ppi_lr
Grp,F2rl2,,ppi_lr
Nmb,F2rl2,,ppi_lr
Nps,F2rl2,,ppi_lr
Saa1,F2rl2,,ppi_lr
Edn3,F2rl2,,ppi_lr
Tac1,F2rl2,,ppi_lr
Pmch,F2rl2,,ppi_lr
Trh,F2rl2,,ppi_lr
Edn2,F2rl2,,ppi_lr
Nts,F2rl2,,ppi_lr
Xcl1,F2rl2,,ppi_lr
Nmu,F2rl2,,ppi_lr
Prok1,F2rl2,,ppi_lr
Qrfp,F2rl2,,ppi_lr
Kiss1,F2rl2,,ppi_lr
Nms,F2rl2,,ppi_lr
Uts2b,F2rl2,,ppi_lr
Prok2,F2rl2,,ppi_lr
Ghrl,F2rl2,,ppi_lr
Tac2,F2rl2,,ppi_lr
Ccl21a,Cxcr6,,ppi_lr
Ccl25,Cxcr6,,ppi_lr
Cxcl13,Cxcr6,,ppi_lr
Agt,Cxcr6,,ppi_lr
C3,Cxcr6,,ppi_lr
Hc,Cxcr6,,ppi_lr
Kng1,Cxcr6,,ppi_lr
Pomc,Cxcr6,,ppi_lr
Penk,Cxcr6,,ppi_lr
Pdyn,Cxcr6,,ppi_lr
Ppy,Cxcr6,,ppi_lr
Npy,Cxcr6,,ppi_lr
Pf4,Cxcr6,,ppi_lr
Cxcl10,Cxcr6,,ppi_lr
Anxa1,Cxcr6,,ppi_lr
App,Cxcr6,,ppi_lr
Saa1,Cxcr6,,ppi_lr
Pyy,Cxcr6,,ppi_lr
Ccl5,Cxcr6,,ppi_lr
Cxcl1,Cxcr6,,ppi_lr
Cxcl2,Cxcr6,,ppi_lr
Pmch,Cxcr6,,ppi_lr
Gal,Cxcr6,,ppi_lr
Cxcl12,Cxcr6,,ppi_lr
Nmu,Cxcr6,,ppi_lr
Sst,Cxcr6,,ppi_lr
Ccl20,Cxcr6,,ppi_lr
Cxcl5,Cxcr6,,ppi_lr
Pnoc,Cxcr6,,ppi_lr
Nms,Cxcr6,,ppi_lr
Npw,Cxcr6,,ppi_lr
Npb,Cxcr6,,ppi_lr
Rln3,Cxcr6,,ppi_lr
Ccl19,Cxcr6,,ppi_lr
Ccl28,Cxcr6,,ppi_lr
Hebp1,Cxcr6,,ppi_lr
Apln,Cxcr6,,ppi_lr
Ccl27al,Cxcr6,,ppi_lr
Insl5,Cxcr6,,ppi_lr
App,Ackr2,,ppi_lr
Sost,Nrp1,,ppi_lr
H2-T23,Plxnb2,,ppi_lr
Efna2,Ephb6,,ppi_lr
Efna1,Ephb6,,ppi_lr
Efna3,Ephb6,,ppi_lr
Efna4,Ephb6,,ppi_lr
Cxcl13,Galr2,,ppi_lr
Agt,Galr2,,ppi_lr
C3,Galr2,,ppi_lr
Hc,Galr2,,ppi_lr
Kng1,Galr2,,ppi_lr
Pomc,Galr2,,ppi_lr
Penk,Galr2,,ppi_lr
Pdyn,Galr2,,ppi_lr
Ppy,Galr2,,ppi_lr
Npy,Galr2,,ppi_lr
Pf4,Galr2,,ppi_lr
Cxcl10,Galr2,,ppi_lr
Anxa1,Galr2,,ppi_lr
App,Galr2,,ppi_lr
Saa1,Galr2,,ppi_lr
Pyy,Galr2,,ppi_lr
Ccl5,Galr2,,ppi_lr
Cxcl1,Galr2,,ppi_lr
Cxcl2,Galr2,,ppi_lr
Pmch,Galr2,,ppi_lr
Cxcl12,Galr2,,ppi_lr
Nmu,Galr2,,ppi_lr
Sst,Galr2,,ppi_lr
Ccl20,Galr2,,ppi_lr
Cxcl5,Galr2,,ppi_lr
Pnoc,Galr2,,ppi_lr
Nms,Galr2,,ppi_lr
Npw,Galr2,,ppi_lr
Npb,Galr2,,ppi_lr
Rln3,Galr2,,ppi_lr
Ccl19,Galr2,,ppi_lr
Cxcl16,Galr2,,ppi_lr
Ccl28,Galr2,,ppi_lr
Hebp1,Galr2,,ppi_lr
Apln,Galr2,,ppi_lr
Ccl27al,Galr2,,ppi_lr
Insl5,Galr2,,ppi_lr
Uts2,Hcrtr1,,ppi_lr
F2,Hcrtr1,,ppi_lr
Agt,Hcrtr1,,ppi_lr
Kng1,Hcrtr1,,ppi_lr
Gnrh1,Hcrtr1,,ppi_lr
Oxt,Hcrtr1,,ppi_lr
Avp,Hcrtr1,,ppi_lr
Npy,Hcrtr1,,ppi_lr
Gast,Hcrtr1,,ppi_lr
Anxa1,Hcrtr1,,ppi_lr
App,Hcrtr1,,ppi_lr
Edn1,Hcrtr1,,ppi_lr
Cck,Hcrtr1,,ppi_lr
Grp,Hcrtr1,,ppi_lr
Nmb,Hcrtr1,,ppi_lr
Nps,Hcrtr1,,ppi_lr
Saa1,Hcrtr1,,ppi_lr
Edn3,Hcrtr1,,ppi_lr
Tac1,Hcrtr1,,ppi_lr
Pmch,Hcrtr1,,ppi_lr
Trh,Hcrtr1,,ppi_lr
Edn2,Hcrtr1,,ppi_lr
Nts,Hcrtr1,,ppi_lr
Xcl1,Hcrtr1,,ppi_lr
Nmu,Hcrtr1,,ppi_lr
Prok1,Hcrtr1,,ppi_lr
Qrfp,Hcrtr1,,ppi_lr
Kiss1,Hcrtr1,,ppi_lr
Nms,Hcrtr1,,ppi_lr
Uts2b,Hcrtr1,,ppi_lr
Prok2,Hcrtr1,,ppi_lr
Ghrl,Hcrtr1,,ppi_lr
Tac2,Hcrtr1,,ppi_lr
Uts2,Hcrtr2,,ppi_lr
F2,Hcrtr2,,ppi_lr
Agt,Hcrtr2,,ppi_lr
Kng1,Hcrtr2,,ppi_lr
Gnrh1,Hcrtr2,,ppi_lr
Oxt,Hcrtr2,,ppi_lr
Avp,Hcrtr2,,ppi_lr
Gast,Hcrtr2,,ppi_lr
Anxa1,Hcrtr2,,ppi_lr
App,Hcrtr2,,ppi_lr
Edn1,Hcrtr2,,ppi_lr
Cck,Hcrtr2,,ppi_lr
Grp,Hcrtr2,,ppi_lr
Nmb,Hcrtr2,,ppi_lr
Nps,Hcrtr2,,ppi_lr
Saa1,Hcrtr2,,ppi_lr
Edn3,Hcrtr2,,ppi_lr
Tac1,Hcrtr2,,ppi_lr
Pmch,Hcrtr2,,ppi_lr
Trh,Hcrtr2,,ppi_lr
Edn2,Hcrtr2,,ppi_lr
Nts,Hcrtr2,,ppi_lr
Xcl1,Hcrtr2,,ppi_lr
Nmu,Hcrtr2,,ppi_lr
Prok1,Hcrtr2,,ppi_lr
Qrfp,Hcrtr2,,ppi_lr
Kiss1,Hcrtr2,,ppi_lr
Nms,Hcrtr2,,ppi_lr
Uts2b,Hcrtr2,,ppi_lr
Prok2,Hcrtr2,,ppi_lr
Ghrl,Hcrtr2,,ppi_lr
Tac2,Hcrtr2,,ppi_lr
Agt,Galr3,,ppi_lr
C3,Galr3,,ppi_lr
Hc,Galr3,,ppi_lr
Kng1,Galr3,,ppi_lr
Pomc,Galr3,,ppi_lr
Penk,Galr3,,ppi_lr
Pdyn,Galr3,,ppi_lr
Ppy,Galr3,,ppi_lr
Npy,Galr3,,ppi_lr
Pf4,Galr3,,ppi_lr
Cxcl10,Galr3,,ppi_lr
Anxa1,Galr3,,ppi_lr
App,Galr3,,ppi_lr
Saa1,Galr3,,ppi_lr
Pyy,Galr3,,ppi_lr
Ccl5,Galr3,,ppi_lr
Cxcl1,Galr3,,ppi_lr
Cxcl2,Galr3,,ppi_lr
Pmch,Galr3,,ppi_lr
Cxcl12,Galr3,,ppi_lr
Nmu,Galr3,,ppi_lr
Sst,Galr3,,ppi_lr
Ccl20,Galr3,,ppi_lr
Cxcl5,Galr3,,ppi_lr
Pnoc,Galr3,,ppi_lr
Nms,Galr3,,ppi_lr
Npw,Galr3,,ppi_lr
Npb,Galr3,,ppi_lr
Rln3,Galr3,,ppi_lr
Ccl19,Galr3,,ppi_lr
Cxcl16,Galr3,,ppi_lr
Ccl28,Galr3,,ppi_lr
Hebp1,Galr3,,ppi_lr
Apln,Galr3,,ppi_lr
Ccl27al,Galr3,,ppi_lr
Insl5,Galr3,,ppi_lr
Avp,Ramp1,,ppi_lr
Pomc,Ramp1,,ppi_lr
Cga,Ramp1,,ppi_lr
Tshb,Ramp1,,ppi_lr
Fshb,Ramp1,,ppi_lr
Lhb,Ramp1,,ppi_lr
Ghrh,Ramp1,,ppi_lr
Crh,Ramp1,,ppi_lr
Gip,Ramp1,,ppi_lr
Nps,Ramp1,,ppi_lr
Pthlh,Ramp1,,ppi_lr
Adcyap1,Ramp1,,ppi_lr
Insl3,Ramp1,,ppi_lr
Rln3,Ramp1,,ppi_lr
Avp,Ramp2,,ppi_lr
Pomc,Ramp2,,ppi_lr
Crh,Ramp2,,ppi_lr
Gip,Ramp2,,ppi_lr
Rln3,Ramp2,,ppi_lr
Tnf,Plxna2,,ppi_lr
Sema6d,Plxna2,,ppi_lr
Gpha2,Plxna2,,ppi_lr
Apoe,Sdc3,,ppi_lr
Apob,Sdc3,,ppi_lr
Tnc,Sdc3,,ppi_lr
Liph,Lrp5,,ppi_lr
Agt,Atp6ap2,,ppi_lr
Gstp2,Atrn,,ppi_lr
App,Il18rap,,ppi_lr
F2,Ntsr2,,ppi_lr
Agt,Ntsr2,,ppi_lr
Kng1,Ntsr2,,ppi_lr
Gnrh1,Ntsr2,,ppi_lr
Oxt,Ntsr2,,ppi_lr
Avp,Ntsr2,,ppi_lr
Gast,Ntsr2,,ppi_lr
Anxa1,Ntsr2,,ppi_lr
App,Ntsr2,,ppi_lr
Edn1,Ntsr2,,ppi_lr
Cck,Ntsr2,,ppi_lr
Grp,Ntsr2,,ppi_lr
Nmb,Ntsr2,,ppi_lr
Nps,Ntsr2,,ppi_lr
Saa1,Ntsr2,,ppi_lr
Edn3,Ntsr2,,ppi_lr
Tac1,Ntsr2,,ppi_lr
Pmch,Ntsr2,,ppi_lr
Trh,Ntsr2,,ppi_lr
Edn2,Ntsr2,,ppi_lr
Xcl1,Ntsr2,,ppi_lr
Nmu,Ntsr2,,ppi_lr
Prok1,Ntsr2,,ppi_lr
Qrfp,Ntsr2,,ppi_lr
Kiss1,Ntsr2,,ppi_lr
Nms,Ntsr2,,ppi_lr
Uts2b,Ntsr2,,ppi_lr
Prok2,Ntsr2,,ppi_lr
Ghrl,Ntsr2,,ppi_lr
Tac2,Ntsr2,,ppi_lr
Avp,Glp2r,,ppi_lr
Pomc,Glp2r,,ppi_lr
Cga,Glp2r,,ppi_lr
Tshb,Glp2r,,ppi_lr
Fshb,Glp2r,,ppi_lr
Lhb,Glp2r,,ppi_lr
Pth,Glp2r,,ppi_lr
Vip,Glp2r,,ppi_lr
Ghrh,Glp2r,,ppi_lr
Crh,Glp2r,,ppi_lr
Gip,Glp2r,,ppi_lr
Nps,Glp2r,,ppi_lr
Calca,Glp2r,,ppi_lr
Iapp,Glp2r,,ppi_lr
Pthlh,Glp2r,,ppi_lr
Adcyap1,Glp2r,,ppi_lr
Adm,Glp2r,,ppi_lr
Insl3,Glp2r,,ppi_lr
Adm2,Glp2r,,ppi_lr
Rln3,Glp2r,,ppi_lr
Pth2,Glp2r,,ppi_lr
Avp,Egfr,,ppi_lr
Trf,Egfr,,ppi_lr
H2-Bl,Egfr,,ppi_lr
Wnt5a,Egfr,,ppi_lr
Copa,Egfr,,ppi_lr
Egf,Ldlr,,ppi_lr
Avp,Ldlr,,ppi_lr
Trf,Ldlr,,ppi_lr
Hsp90b1,Ldlr,,ppi_lr
Wnt5a,Ldlr,,ppi_lr
Trf,Cd4,,ppi_lr
Apob,Cd4,,ppi_lr
Rps19,Cd4,,ppi_lr
Wnt5a,Cd4,,ppi_lr
Arf1,Cd4,,ppi_lr
Pdcd1lg2,Cd4,,ppi_lr
Copa,Cd8a,,ppi_lr
Apob,Tfrc,,ppi_lr
Wnt5a,Tfrc,,ppi_lr
Dlk1,Tfrc,,ppi_lr
Ptdss1,Erbb2,,ppi_lr
Gpi1,Ntrk1,,ppi_lr
Hsp90b1,Ntrk1,,ppi_lr
Adcyap1,Ntrk1,,ppi_lr
Col18a1,Itgb3,,ppi_lr
Hgf,Insr,,ppi_lr
Tgfb3,Itgav,,ppi_lr
Col18a1,Itgav,,ppi_lr
Psen1,Ngfr,,ppi_lr
Adam17,Ngfr,,ppi_lr
Mmp9,Itga5,,ppi_lr
Calr,Itga5,,ppi_lr
Saa1,Htr1a,,ppi_lr
Pyy,Htr1a,,ppi_lr
Ccl5,Htr1a,,ppi_lr
Cxcl1,Htr1a,,ppi_lr
Cxcl2,Htr1a,,ppi_lr
Pmch,Htr1a,,ppi_lr
Gal,Htr1a,,ppi_lr
Cxcl12,Htr1a,,ppi_lr
Nmu,Htr1a,,ppi_lr
Sst,Htr1a,,ppi_lr
Ccl20,Htr1a,,ppi_lr
Cxcl5,Htr1a,,ppi_lr
Pnoc,Htr1a,,ppi_lr
Nms,Htr1a,,ppi_lr
Npw,Htr1a,,ppi_lr
Npb,Htr1a,,ppi_lr
Rln3,Htr1a,,ppi_lr
Ccl19,Htr1a,,ppi_lr
Cxcl16,Htr1a,,ppi_lr
Ccl28,Htr1a,,ppi_lr
Hebp1,Htr1a,,ppi_lr
Apln,Htr1a,,ppi_lr
Ccl27al,Htr1a,,ppi_lr
Insl5,Htr1a,,ppi_lr
Vegfa,Pdgfrb,,ppi_lr
Hsp90b1,Kit,,ppi_lr
Bmp2,Fgfr1,,ppi_lr
Bmp4,Fgfr1,,ppi_lr
Wnt5a,Igf2r,,ppi_lr
Psen1,Npr1,,ppi_lr
Sema3a,Npr1,,ppi_lr
Adcyap1,Tshr,,ppi_lr
Adm,Tshr,,ppi_lr
Rln3,Tshr,,ppi_lr
Psen1,Npr3,,ppi_lr
Col18a1,Flt1,,ppi_lr
Tnc,Itgax,,ppi_lr
Nts,Tacr2,,ppi_lr
Xcl1,Tacr2,,ppi_lr
Nmu,Tacr2,,ppi_lr
Prok1,Tacr2,,ppi_lr
Qrfp,Tacr2,,ppi_lr
Kiss1,Tacr2,,ppi_lr
Nms,Tacr2,,ppi_lr
Uts2b,Tacr2,,ppi_lr
Prok2,Tacr2,,ppi_lr
Ghrl,Tacr2,,ppi_lr
Gal,Fpr1,,ppi_lr
Cxcl12,Fpr1,,ppi_lr
Nmu,Fpr1,,ppi_lr
Sst,Fpr1,,ppi_lr
Ccl20,Fpr1,,ppi_lr
Cxcl5,Fpr1,,ppi_lr
Pnoc,Fpr1,,ppi_lr
Nms,Fpr1,,ppi_lr
Npw,Fpr1,,ppi_lr
Npb,Fpr1,,ppi_lr
Rln3,Fpr1,,ppi_lr
Ccl19,Fpr1,,ppi_lr
Cxcl16,Fpr1,,ppi_lr
Ccl28,Fpr1,,ppi_lr
Hebp1,Fpr1,,ppi_lr
Apln,Fpr1,,ppi_lr
Ccl27al,Fpr1,,ppi_lr
Insl5,Fpr1,,ppi_lr
Efnb2,Epha1,,ppi_lr
Efnb1,Epha1,,ppi_lr
Efnb3,Epha1,,ppi_lr
Gal,C5ar1,,ppi_lr
Cxcl12,C5ar1,,ppi_lr
Nmu,C5ar1,,ppi_lr
Sst,C5ar1,,ppi_lr
Ccl20,C5ar1,,ppi_lr
Cxcl5,C5ar1,,ppi_lr
Pnoc,C5ar1,,ppi_lr
Nms,C5ar1,,ppi_lr
Npw,C5ar1,,ppi_lr
Npb,C5ar1,,ppi_lr
Rln3,C5ar1,,ppi_lr
Ccl19,C5ar1,,ppi_lr
Cxcl16,C5ar1,,ppi_lr
Ccl28,C5ar1,,ppi_lr
Hebp1,C5ar1,,ppi_lr
Apln,C5ar1,,ppi_lr
Ccl27al,C5ar1,,ppi_lr
Insl5,C5ar1,,ppi_lr
Nrg4,Erbb3,,ppi_lr
Adm,Lhcgr,,ppi_lr
Insl3,Lhcgr,,ppi_lr
Adm2,Lhcgr,,ppi_lr
Rln3,Lhcgr,,ppi_lr
Pth2,Lhcgr,,ppi_lr
Adm,Fshr,,ppi_lr
Insl3,Fshr,,ppi_lr
Adm2,Fshr,,ppi_lr
Rln3,Fshr,,ppi_lr
Pth2,Fshr,,ppi_lr
Nts,Ednrb,,ppi_lr
Xcl1,Ednrb,,ppi_lr
Nmu,Ednrb,,ppi_lr
Prok1,Ednrb,,ppi_lr
Qrfp,Ednrb,,ppi_lr
Kiss1,Ednrb,,ppi_lr
Nms,Ednrb,,ppi_lr
Uts2b,Ednrb,,ppi_lr
Prok2,Ednrb,,ppi_lr
Ghrl,Ednrb,,ppi_lr
Tac2,Ednrb,,ppi_lr
Adm,Hrh2,,ppi_lr
Insl3,Hrh2,,ppi_lr
Adm2,Hrh2,,ppi_lr
Rln3,Hrh2,,ppi_lr
Pth2,Hrh2,,ppi_lr
Cxcl12,Cxcr1,,ppi_lr
Nmu,Cxcr1,,ppi_lr
Sst,Cxcr1,,ppi_lr
Ccl20,Cxcr1,,ppi_lr
Pnoc,Cxcr1,,ppi_lr
Nms,Cxcr1,,ppi_lr
Npw,Cxcr1,,ppi_lr
Npb,Cxcr1,,ppi_lr
Rln3,Cxcr1,,ppi_lr
Ccl19,Cxcr1,,ppi_lr
Cxcl16,Cxcr1,,ppi_lr
Ccl28,Cxcr1,,ppi_lr
Hebp1,Cxcr1,,ppi_lr
Apln,Cxcr1,,ppi_lr
Ccl27al,Cxcr1,,ppi_lr
Insl5,Cxcr1,,ppi_lr
Cxcl12,Cxcr2,,ppi_lr
Nmu,Cxcr2,,ppi_lr
Sst,Cxcr2,,ppi_lr
Ccl20,Cxcr2,,ppi_lr
Pnoc,Cxcr2,,ppi_lr
Nms,Cxcr2,,ppi_lr
Npw,Cxcr2,,ppi_lr
Npb,Cxcr2,,ppi_lr
Rln3,Cxcr2,,ppi_lr
Ccl19,Cxcr2,,ppi_lr
Cxcl16,Cxcr2,,ppi_lr
Ccl28,Cxcr2,,ppi_lr
Hebp1,Cxcr2,,ppi_lr
Apln,Cxcr2,,ppi_lr
Ccl27al,Cxcr2,,ppi_lr
Insl5,Cxcr2,,ppi_lr
Nts,Fpr2,,ppi_lr
Xcl1,Fpr2,,ppi_lr
Cxcl12,Fpr2,,ppi_lr
Nmu,Fpr2,,ppi_lr
Prok1,Fpr2,,ppi_lr
Sst,Fpr2,,ppi_lr
Ccl20,Fpr2,,ppi_lr
Cxcl5,Fpr2,,ppi_lr
Qrfp,Fpr2,,ppi_lr
Pnoc,Fpr2,,ppi_lr
Kiss1,Fpr2,,ppi_lr
Nms,Fpr2,,ppi_lr
Uts2b,Fpr2,,ppi_lr
Npw,Fpr2,,ppi_lr
Npb,Fpr2,,ppi_lr
Rln3,Fpr2,,ppi_lr
Ccl19,Fpr2,,ppi_lr
Cxcl16,Fpr2,,ppi_lr
Prok2,Fpr2,,ppi_lr
Ccl28,Fpr2,,ppi_lr
Ghrl,Fpr2,,ppi_lr
Tac2,Fpr2,,ppi_lr
Apln,Fpr2,,ppi_lr
Ccl27al,Fpr2,,ppi_lr
Insl5,Fpr2,,ppi_lr
Nts,Ednra,,ppi_lr
Xcl1,Ednra,,ppi_lr
Nmu,Ednra,,ppi_lr
Prok1,Ednra,,ppi_lr
Qrfp,Ednra,,ppi_lr
Kiss1,Ednra,,ppi_lr
Nms,Ednra,,ppi_lr
Uts2b,Ednra,,ppi_lr
Prok2,Ednra,,ppi_lr
Ghrl,Ednra,,ppi_lr
Tac2,Ednra,,ppi_lr
Nts,Tacr1,,ppi_lr
Xcl1,Tacr1,,ppi_lr
Nmu,Tacr1,,ppi_lr
Prok1,Tacr1,,ppi_lr
Qrfp,Tacr1,,ppi_lr
Kiss1,Tacr1,,ppi_lr
Nms,Tacr1,,ppi_lr
Uts2b,Tacr1,,ppi_lr
Prok2,Tacr1,,ppi_lr
Ghrl,Tacr1,,ppi_lr
Nmu,Ackr3,,ppi_lr
Sst,Ackr3,,ppi_lr
Ccl20,Ackr3,,ppi_lr
Cxcl5,Ackr3,,ppi_lr
Pnoc,Ackr3,,ppi_lr
Nms,Ackr3,,ppi_lr
Npw,Ackr3,,ppi_lr
Npb,Ackr3,,ppi_lr
Rln3,Ackr3,,ppi_lr
Ccl19,Ackr3,,ppi_lr
Cxcl16,Ackr3,,ppi_lr
Ccl28,Ackr3,,ppi_lr
Hebp1,Ackr3,,ppi_lr
Apln,Ackr3,,ppi_lr
Ccl27al,Ackr3,,ppi_lr
Insl5,Ackr3,,ppi_lr
Nts,F2r,,ppi_lr
Xcl1,F2r,,ppi_lr
Nmu,F2r,,ppi_lr
Prok1,F2r,,ppi_lr
Qrfp,F2r,,ppi_lr
Kiss1,F2r,,ppi_lr
Nms,F2r,,ppi_lr
Uts2b,F2r,,ppi_lr
Prok2,F2r,,ppi_lr
Ghrl,F2r,,ppi_lr
Tac2,F2r,,ppi_lr
Cxcl12,Npy1r,,ppi_lr
Nmu,Npy1r,,ppi_lr
Sst,Npy1r,,ppi_lr
Ccl20,Npy1r,,ppi_lr
Cxcl5,Npy1r,,ppi_lr
Pnoc,Npy1r,,ppi_lr
Nms,Npy1r,,ppi_lr
Npw,Npy1r,,ppi_lr
Npb,Npy1r,,ppi_lr
Rln3,Npy1r,,ppi_lr
Ccl19,Npy1r,,ppi_lr
Cxcl16,Npy1r,,ppi_lr
Ccl28,Npy1r,,ppi_lr
Hebp1,Npy1r,,ppi_lr
Apln,Npy1r,,ppi_lr
Ccl27al,Npy1r,,ppi_lr
Insl5,Npy1r,,ppi_lr
Col18a1,Itga3,,ppi_lr
Cxcl12,Htr1d,,ppi_lr
Nmu,Htr1d,,ppi_lr
Sst,Htr1d,,ppi_lr
Ccl20,Htr1d,,ppi_lr
Cxcl5,Htr1d,,ppi_lr
Pnoc,Htr1d,,ppi_lr
Nms,Htr1d,,ppi_lr
Npw,Htr1d,,ppi_lr
Npb,Htr1d,,ppi_lr
Rln3,Htr1d,,ppi_lr
Ccl19,Htr1d,,ppi_lr
Cxcl16,Htr1d,,ppi_lr
Ccl28,Htr1d,,ppi_lr
Hebp1,Htr1d,,ppi_lr
Apln,Htr1d,,ppi_lr
Ccl27al,Htr1d,,ppi_lr
Insl5,Htr1d,,ppi_lr
Cxcl12,Htr1b,,ppi_lr
Nmu,Htr1b,,ppi_lr
Sst,Htr1b,,ppi_lr
Ccl20,Htr1b,,ppi_lr
Cxcl5,Htr1b,,ppi_lr
Pnoc,Htr1b,,ppi_lr
Nms,Htr1b,,ppi_lr
Npw,Htr1b,,ppi_lr
Npb,Htr1b,,ppi_lr
Rln3,Htr1b,,ppi_lr
Ccl19,Htr1b,,ppi_lr
Cxcl16,Htr1b,,ppi_lr
Ccl28,Htr1b,,ppi_lr
Hebp1,Htr1b,,ppi_lr
Apln,Htr1b,,ppi_lr
Ccl27al,Htr1b,,ppi_lr
Insl5,Htr1b,,ppi_lr
Nts,Htr2a,,ppi_lr
Xcl1,Htr2a,,ppi_lr
Nmu,Htr2a,,ppi_lr
Prok1,Htr2a,,ppi_lr
Qrfp,Htr2a,,ppi_lr
Kiss1,Htr2a,,ppi_lr
Nms,Htr2a,,ppi_lr
Uts2b,Htr2a,,ppi_lr
Prok2,Htr2a,,ppi_lr
Ghrl,Htr2a,,ppi_lr
Tac2,Htr2a,,ppi_lr
Nts,Htr2c,,ppi_lr
Xcl1,Htr2c,,ppi_lr
Nmu,Htr2c,,ppi_lr
Prok1,Htr2c,,ppi_lr
Qrfp,Htr2c,,ppi_lr
Kiss1,Htr2c,,ppi_lr
Nms,Htr2c,,ppi_lr
Uts2b,Htr2c,,ppi_lr
Prok2,Htr2c,,ppi_lr
Ghrl,Htr2c,,ppi_lr
Tac2,Htr2c,,ppi_lr
Nts,Nmbr,,ppi_lr
Xcl1,Nmbr,,ppi_lr
Nmu,Nmbr,,ppi_lr
Prok1,Nmbr,,ppi_lr
Qrfp,Nmbr,,ppi_lr
Kiss1,Nmbr,,ppi_lr
Nms,Nmbr,,ppi_lr
Uts2b,Nmbr,,ppi_lr
Prok2,Nmbr,,ppi_lr
Ghrl,Nmbr,,ppi_lr
Tac2,Nmbr,,ppi_lr
Efnb3,Epha2,,ppi_lr
Efnb1,Epha8,,ppi_lr
Efnb3,Epha8,,ppi_lr
Efna3,Ephb2,,ppi_lr
Efna4,Ephb2,,ppi_lr
Nts,Tacr3,,ppi_lr
Xcl1,Tacr3,,ppi_lr
Nmu,Tacr3,,ppi_lr
Prok1,Tacr3,,ppi_lr
Qrfp,Tacr3,,ppi_lr
Kiss1,Tacr3,,ppi_lr
Nms,Tacr3,,ppi_lr
Uts2b,Tacr3,,ppi_lr
Prok2,Tacr3,,ppi_lr
Ghrl,Tacr3,,ppi_lr
Nts,Bdkrb2,,ppi_lr
Xcl1,Bdkrb2,,ppi_lr
Cxcl12,Bdkrb2,,ppi_lr
Nmu,Bdkrb2,,ppi_lr
Prok1,Bdkrb2,,ppi_lr
Sst,Bdkrb2,,ppi_lr
Ccl20,Bdkrb2,,ppi_lr
Cxcl5,Bdkrb2,,ppi_lr
Qrfp,Bdkrb2,,ppi_lr
Pnoc,Bdkrb2,,ppi_lr
Kiss1,Bdkrb2,,ppi_lr
Nms,Bdkrb2,,ppi_lr
Uts2b,Bdkrb2,,ppi_lr
Npw,Bdkrb2,,ppi_lr
Npb,Bdkrb2,,ppi_lr
Rln3,Bdkrb2,,ppi_lr
Ccl19,Bdkrb2,,ppi_lr
Cxcl16,Bdkrb2,,ppi_lr
Prok2,Bdkrb2,,ppi_lr
Ccl28,Bdkrb2,,ppi_lr
Hebp1,Bdkrb2,,ppi_lr
Ghrl,Bdkrb2,,ppi_lr
Tac2,Bdkrb2,,ppi_lr
Apln,Bdkrb2,,ppi_lr
Ccl27al,Bdkrb2,,ppi_lr
Insl5,Bdkrb2,,ppi_lr
Adm,Avpr2,,ppi_lr
Wnt5a,Avpr2,,ppi_lr
Insl3,Avpr2,,ppi_lr
Adm2,Avpr2,,ppi_lr
Rln3,Avpr2,,ppi_lr
Pth2,Avpr2,,ppi_lr
Nts,Grpr,,ppi_lr
Xcl1,Grpr,,ppi_lr
Nmu,Grpr,,ppi_lr
Prok1,Grpr,,ppi_lr
Qrfp,Grpr,,ppi_lr
Kiss1,Grpr,,ppi_lr
Nms,Grpr,,ppi_lr
Uts2b,Grpr,,ppi_lr
Prok2,Grpr,,ppi_lr
Ghrl,Grpr,,ppi_lr
Tac2,Grpr,,ppi_lr
Nts,Agtr1a,,ppi_lr
Xcl1,Agtr1a,,ppi_lr
Nmu,Agtr1a,,ppi_lr
Prok1,Agtr1a,,ppi_lr
Qrfp,Agtr1a,,ppi_lr
Kiss1,Agtr1a,,ppi_lr
Nms,Agtr1a,,ppi_lr
Uts2b,Agtr1a,,ppi_lr
Prok2,Agtr1a,,ppi_lr
Ghrl,Agtr1a,,ppi_lr
Tac2,Agtr1a,,ppi_lr
Nts,Oxtr,,ppi_lr
Xcl1,Oxtr,,ppi_lr
Nmu,Oxtr,,ppi_lr
Prok1,Oxtr,,ppi_lr
Qrfp,Oxtr,,ppi_lr
Kiss1,Oxtr,,ppi_lr
Nms,Oxtr,,ppi_lr
Uts2b,Oxtr,,ppi_lr
Prok2,Oxtr,,ppi_lr
Ghrl,Oxtr,,ppi_lr
Tac2,Oxtr,,ppi_lr
Cxcl12,Sstr1,,ppi_lr
Nmu,Sstr1,,ppi_lr
Ccl20,Sstr1,,ppi_lr
Cxcl5,Sstr1,,ppi_lr
Pnoc,Sstr1,,ppi_lr
Nms,Sstr1,,ppi_lr
Npw,Sstr1,,ppi_lr
Npb,Sstr1,,ppi_lr
Rln3,Sstr1,,ppi_lr
Ccl19,Sstr1,,ppi_lr
Cxcl16,Sstr1,,ppi_lr
Ccl28,Sstr1,,ppi_lr
Hebp1,Sstr1,,ppi_lr
Apln,Sstr1,,ppi_lr
Ccl27al,Sstr1,,ppi_lr
Insl5,Sstr1,,ppi_lr
Cxcl12,Sstr2,,ppi_lr
Nmu,Sstr2,,ppi_lr
Ccl20,Sstr2,,ppi_lr
Cxcl5,Sstr2,,ppi_lr
Pnoc,Sstr2,,ppi_lr
Nms,Sstr2,,ppi_lr
Npw,Sstr2,,ppi_lr
Npb,Sstr2,,ppi_lr
Rln3,Sstr2,,ppi_lr
Ccl19,Sstr2,,ppi_lr
Cxcl16,Sstr2,,ppi_lr
Ccl28,Sstr2,,ppi_lr
Hebp1,Sstr2,,ppi_lr
Apln,Sstr2,,ppi_lr
Ccl27al,Sstr2,,ppi_lr
Insl5,Sstr2,,ppi_lr
Cxcl12,Htr1f,,ppi_lr
Nmu,Htr1f,,ppi_lr
Sst,Htr1f,,ppi_lr
Ccl20,Htr1f,,ppi_lr
Cxcl5,Htr1f,,ppi_lr
Pnoc,Htr1f,,ppi_lr
Nms,Htr1f,,ppi_lr
Npw,Htr1f,,ppi_lr
Npb,Htr1f,,ppi_lr
Rln3,Htr1f,,ppi_lr
Ccl19,Htr1f,,ppi_lr
Cxcl16,Htr1f,,ppi_lr
Ccl28,Htr1f,,ppi_lr
Hebp1,Htr1f,,ppi_lr
Apln,Htr1f,,ppi_lr
Ccl27al,Htr1f,,ppi_lr
Insl5,Htr1f,,ppi_lr
Nts,Gnrhr,,ppi_lr
Xcl1,Gnrhr,,ppi_lr
Nmu,Gnrhr,,ppi_lr
Prok1,Gnrhr,,ppi_lr
Qrfp,Gnrhr,,ppi_lr
Kiss1,Gnrhr,,ppi_lr
Nms,Gnrhr,,ppi_lr
Uts2b,Gnrhr,,ppi_lr
Prok2,Gnrhr,,ppi_lr
Ghrl,Gnrhr,,ppi_lr
Tac2,Gnrhr,,ppi_lr
Insl3,Calcr,,ppi_lr
Rln3,Calcr,,ppi_lr
Pth2,Calcr,,ppi_lr
Xcl1,Ntsr1,,ppi_lr
Nmu,Ntsr1,,ppi_lr
Prok1,Ntsr1,,ppi_lr
Qrfp,Ntsr1,,ppi_lr
Kiss1,Ntsr1,,ppi_lr
Nms,Ntsr1,,ppi_lr
Uts2b,Ntsr1,,ppi_lr
Prok2,Ntsr1,,ppi_lr
Ghrl,Ntsr1,,ppi_lr
Tac2,Ntsr1,,ppi_lr
Cxcl12,Sstr4,,ppi_lr
Nmu,Sstr4,,ppi_lr
Ccl20,Sstr4,,ppi_lr
Cxcl5,Sstr4,,ppi_lr
Pnoc,Sstr4,,ppi_lr
Nms,Sstr4,,ppi_lr
Npw,Sstr4,,ppi_lr
Npb,Sstr4,,ppi_lr
Rln3,Sstr4,,ppi_lr
Ccl19,Sstr4,,ppi_lr
Cxcl16,Sstr4,,ppi_lr
Ccl28,Sstr4,,ppi_lr
Hebp1,Sstr4,,ppi_lr
Apln,Sstr4,,ppi_lr
Ccl27al,Sstr4,,ppi_lr
Insl5,Sstr4,,ppi_lr
Xcl1,Cckar,,ppi_lr
Nmu,Cckar,,ppi_lr
Prok1,Cckar,,ppi_lr
Qrfp,Cckar,,ppi_lr
Kiss1,Cckar,,ppi_lr
Nms,Cckar,,ppi_lr
Uts2b,Cckar,,ppi_lr
Prok2,Cckar,,ppi_lr
Ghrl,Cckar,,ppi_lr
Tac2,Cckar,,ppi_lr
Xcl1,Cckbr,,ppi_lr
Nmu,Cckbr,,ppi_lr
Prok1,Cckbr,,ppi_lr
Qrfp,Cckbr,,ppi_lr
Kiss1,Cckbr,,ppi_lr
Nms,Cckbr,,ppi_lr
Uts2b,Cckbr,,ppi_lr
Prok2,Cckbr,,ppi_lr
Ghrl,Cckbr,,ppi_lr
Tac2,Cckbr,,ppi_lr
Adm,Vipr1,,ppi_lr
Rln3,Vipr1,,ppi_lr
Adm,Mc4r,,ppi_lr
Insl3,Mc4r,,ppi_lr
Adm2,Mc4r,,ppi_lr
Rln3,Mc4r,,ppi_lr
Pth2,Mc4r,,ppi_lr
Cxcl12,Ccr1,,ppi_lr
Nmu,Ccr1,,ppi_lr
Sst,Ccr1,,ppi_lr
Ccl20,Ccr1,,ppi_lr
Cxcl5,Ccr1,,ppi_lr
Pnoc,Ccr1,,ppi_lr
Nms,Ccr1,,ppi_lr
Npw,Ccr1,,ppi_lr
Npb,Ccr1,,ppi_lr
Rln3,Ccr1,,ppi_lr
Ccl19,Ccr1,,ppi_lr
Cxcl16,Ccr1,,ppi_lr
Ccl28,Ccr1,,ppi_lr
Hebp1,Ccr1,,ppi_lr
Apln,Ccr1,,ppi_lr
Ccl27al,Ccr1,,ppi_lr
Insl5,Ccr1,,ppi_lr
Cxcl12,Ccr7,,ppi_lr
Nmu,Ccr7,,ppi_lr
Sst,Ccr7,,ppi_lr
Ccl20,Ccr7,,ppi_lr
Cxcl5,Ccr7,,ppi_lr
Pnoc,Ccr7,,ppi_lr
Nms,Ccr7,,ppi_lr
Npw,Ccr7,,ppi_lr
Npb,Ccr7,,ppi_lr
Rln3,Ccr7,,ppi_lr
Cxcl16,Ccr7,,ppi_lr
Ccl28,Ccr7,,ppi_lr
Hebp1,Ccr7,,ppi_lr
Apln,Ccr7,,ppi_lr
Ccl27al,Ccr7,,ppi_lr
Insl5,Ccr7,,ppi_lr
Cxcl12,Cxcr5,,ppi_lr
Nmu,Cxcr5,,ppi_lr
Sst,Cxcr5,,ppi_lr
Ccl20,Cxcr5,,ppi_lr
Cxcl5,Cxcr5,,ppi_lr
Pnoc,Cxcr5,,ppi_lr
Nms,Cxcr5,,ppi_lr
Npw,Cxcr5,,ppi_lr
Npb,Cxcr5,,ppi_lr
Rln3,Cxcr5,,ppi_lr
Ccl19,Cxcr5,,ppi_lr
Cxcl16,Cxcr5,,ppi_lr
Ccl28,Cxcr5,,ppi_lr
Hebp1,Cxcr5,,ppi_lr
Apln,Cxcr5,,ppi_lr
Ccl27al,Cxcr5,,ppi_lr
Insl5,Cxcr5,,ppi_lr
Cxcl12,Sstr3,,ppi_lr
Nmu,Sstr3,,ppi_lr
Ccl20,Sstr3,,ppi_lr
Cxcl5,Sstr3,,ppi_lr
Pnoc,Sstr3,,ppi_lr
Nms,Sstr3,,ppi_lr
Npw,Sstr3,,ppi_lr
Npb,Sstr3,,ppi_lr
Rln3,Sstr3,,ppi_lr
Ccl19,Sstr3,,ppi_lr
Cxcl16,Sstr3,,ppi_lr
Ccl28,Sstr3,,ppi_lr
Hebp1,Sstr3,,ppi_lr
Apln,Sstr3,,ppi_lr
Ccl27al,Sstr3,,ppi_lr
Insl5,Sstr3,,ppi_lr
Adm,Mc5r,,ppi_lr
Insl3,Mc5r,,ppi_lr
Adm2,Mc5r,,ppi_lr
Rln3,Mc5r,,ppi_lr
Pth2,Mc5r,,ppi_lr
Efnb1,Sdc2,,ppi_lr
Efnb3,Sdc2,,ppi_lr
Adm,Htr7,,ppi_lr
Insl3,Htr7,,ppi_lr
Adm2,Htr7,,ppi_lr
Rln3,Htr7,,ppi_lr
Pth2,Htr7,,ppi_lr
Xcl1,Trhr,,ppi_lr
Nmu,Trhr,,ppi_lr
Prok1,Trhr,,ppi_lr
Qrfp,Trhr,,ppi_lr
Kiss1,Trhr,,ppi_lr
Nms,Trhr,,ppi_lr
Uts2b,Trhr,,ppi_lr
Prok2,Trhr,,ppi_lr
Ghrl,Trhr,,ppi_lr
Tac2,Trhr,,ppi_lr
Adm,Crhr1,,ppi_lr
Insl3,Crhr1,,ppi_lr
Adm2,Crhr1,,ppi_lr
Rln3,Crhr1,,ppi_lr
Pth2,Crhr1,,ppi_lr
Cxcl12,Sstr5,,ppi_lr
Nmu,Sstr5,,ppi_lr
Ccl20,Sstr5,,ppi_lr
Cxcl5,Sstr5,,ppi_lr
Pnoc,Sstr5,,ppi_lr
Nms,Sstr5,,ppi_lr
Npw,Sstr5,,ppi_lr
Npb,Sstr5,,ppi_lr
Rln3,Sstr5,,ppi_lr
Ccl19,Sstr5,,ppi_lr
Cxcl16,Sstr5,,ppi_lr
Ccl28,Sstr5,,ppi_lr
Hebp1,Sstr5,,ppi_lr
Apln,Sstr5,,ppi_lr
Ccl27al,Sstr5,,ppi_lr
Insl5,Sstr5,,ppi_lr
Xcl1,Hrh1,,ppi_lr
Nmu,Hrh1,,ppi_lr
Prok1,Hrh1,,ppi_lr
Qrfp,Hrh1,,ppi_lr
Kiss1,Hrh1,,ppi_lr
Nms,Hrh1,,ppi_lr
Uts2b,Hrh1,,ppi_lr
Prok2,Hrh1,,ppi_lr
Ghrl,Hrh1,,ppi_lr
Tac2,Hrh1,,ppi_lr
Nmu,Oprm1,,ppi_lr
Sst,Oprm1,,ppi_lr
Ccl20,Oprm1,,ppi_lr
Cxcl5,Oprm1,,ppi_lr
Arf1,Oprm1,,ppi_lr
Pnoc,Oprm1,,ppi_lr
Nms,Oprm1,,ppi_lr
Npw,Oprm1,,ppi_lr
Npb,Oprm1,,ppi_lr
Rln3,Oprm1,,ppi_lr
Ccl19,Oprm1,,ppi_lr
Cxcl16,Oprm1,,ppi_lr
Ccl28,Oprm1,,ppi_lr
Hebp1,Oprm1,,ppi_lr
Apln,Oprm1,,ppi_lr
Ccl27al,Oprm1,,ppi_lr
Insl5,Oprm1,,ppi_lr
Cxcl12,Aplnr,,ppi_lr
Nmu,Aplnr,,ppi_lr
Sst,Aplnr,,ppi_lr
Ccl20,Aplnr,,ppi_lr
Cxcl5,Aplnr,,ppi_lr
Pnoc,Aplnr,,ppi_lr
Nms,Aplnr,,ppi_lr
Npw,Aplnr,,ppi_lr
Npb,Aplnr,,ppi_lr
Rln3,Aplnr,,ppi_lr
Ccl19,Aplnr,,ppi_lr
Cxcl16,Aplnr,,ppi_lr
Ccl28,Aplnr,,ppi_lr
Hebp1,Aplnr,,ppi_lr
Ccl27al,Aplnr,,ppi_lr
Insl5,Aplnr,,ppi_lr
Efnb2,Flt4,,ppi_lr
Efnb1,Flt4,,ppi_lr
Efnb3,Flt4,,ppi_lr
Liph,Flt4,,ppi_lr
Efna3,Tgfbr1,,ppi_lr
Efna4,Tgfbr1,,ppi_lr
Efna5,Tgfbr1,,ppi_lr
Xcl1,Avpr1a,,ppi_lr
Nmu,Avpr1a,,ppi_lr
Prok1,Avpr1a,,ppi_lr
Qrfp,Avpr1a,,ppi_lr
Kiss1,Avpr1a,,ppi_lr
Nms,Avpr1a,,ppi_lr
Uts2b,Avpr1a,,ppi_lr
Prok2,Avpr1a,,ppi_lr
Ghrl,Avpr1a,,ppi_lr
Tac2,Avpr1a,,ppi_lr
Nmu,Oprd1,,ppi_lr
Sst,Oprd1,,ppi_lr
Ccl20,Oprd1,,ppi_lr
Cxcl5,Oprd1,,ppi_lr
Pnoc,Oprd1,,ppi_lr
Nms,Oprd1,,ppi_lr
Npw,Oprd1,,ppi_lr
Npb,Oprd1,,ppi_lr
Rln3,Oprd1,,ppi_lr
Ccl19,Oprd1,,ppi_lr
Cxcl16,Oprd1,,ppi_lr
Ccl28,Oprd1,,ppi_lr
Hebp1,Oprd1,,ppi_lr
Apln,Oprd1,,ppi_lr
Ccl27al,Oprd1,,ppi_lr
Insl5,Oprd1,,ppi_lr
Cxcl12,Oprk1,,ppi_lr
Nmu,Oprk1,,ppi_lr
Sst,Oprk1,,ppi_lr
Ccl20,Oprk1,,ppi_lr
Cxcl5,Oprk1,,ppi_lr
Pnoc,Oprk1,,ppi_lr
Nms,Oprk1,,ppi_lr
Npw,Oprk1,,ppi_lr
Npb,Oprk1,,ppi_lr
Rln3,Oprk1,,ppi_lr
Ccl19,Oprk1,,ppi_lr
Cxcl16,Oprk1,,ppi_lr
Ccl28,Oprk1,,ppi_lr
Hebp1,Oprk1,,ppi_lr
Apln,Oprk1,,ppi_lr
Ccl27al,Oprk1,,ppi_lr
Insl5,Oprk1,,ppi_lr
Cxcl12,Oprl1,,ppi_lr
Nmu,Oprl1,,ppi_lr
Sst,Oprl1,,ppi_lr
Ccl20,Oprl1,,ppi_lr
Cxcl5,Oprl1,,ppi_lr
Nms,Oprl1,,ppi_lr
Npw,Oprl1,,ppi_lr
Npb,Oprl1,,ppi_lr
Rln3,Oprl1,,ppi_lr
Ccl19,Oprl1,,ppi_lr
Cxcl16,Oprl1,,ppi_lr
Ccl28,Oprl1,,ppi_lr
Hebp1,Oprl1,,ppi_lr
Apln,Oprl1,,ppi_lr
Ccl27al,Oprl1,,ppi_lr
Insl5,Oprl1,,ppi_lr
Rln3,Adcyap1r1,,ppi_lr
Insl3,Vipr2,,ppi_lr
Adm2,Vipr2,,ppi_lr
Rln3,Vipr2,,ppi_lr
Pth2,Vipr2,,ppi_lr
Xcl1,Htr2b,,ppi_lr
Nmu,Htr2b,,ppi_lr
Prok1,Htr2b,,ppi_lr
Qrfp,Htr2b,,ppi_lr
Kiss1,Htr2b,,ppi_lr
Nms,Htr2b,,ppi_lr
Uts2b,Htr2b,,ppi_lr
Prok2,Htr2b,,ppi_lr
Ghrl,Htr2b,,ppi_lr
Tac2,Htr2b,,ppi_lr
Cxcl12,Ccr2,,ppi_lr
Nmu,Ccr2,,ppi_lr
Sst,Ccr2,,ppi_lr
Ccl20,Ccr2,,ppi_lr
Cxcl5,Ccr2,,ppi_lr
Pnoc,Ccr2,,ppi_lr
Nms,Ccr2,,ppi_lr
Npw,Ccr2,,ppi_lr
Npb,Ccr2,,ppi_lr
Rln3,Ccr2,,ppi_lr
Ccl19,Ccr2,,ppi_lr
Cxcl16,Ccr2,,ppi_lr
Ccl28,Ccr2,,ppi_lr
Hebp1,Ccr2,,ppi_lr
Apln,Ccr2,,ppi_lr
Insl5,Ccr2,,ppi_lr
Insl3,Mc3r,,ppi_lr
Adm2,Mc3r,,ppi_lr
Rln3,Mc3r,,ppi_lr
Pth2,Mc3r,,ppi_lr
Insl3,Glp1r,,ppi_lr
Adm2,Glp1r,,ppi_lr
Rln3,Glp1r,,ppi_lr
Pth2,Glp1r,,ppi_lr
Cxcl12,Ccr10,,ppi_lr
Nmu,Ccr10,,ppi_lr
Sst,Ccr10,,ppi_lr
Ccl20,Ccr10,,ppi_lr
Cxcl5,Ccr10,,ppi_lr
Pnoc,Ccr10,,ppi_lr
Nms,Ccr10,,ppi_lr
Npw,Ccr10,,ppi_lr
Npb,Ccr10,,ppi_lr
Rln3,Ccr10,,ppi_lr
Cxcl16,Ccr10,,ppi_lr
Hebp1,Ccr10,,ppi_lr
Apln,Ccr10,,ppi_lr
Insl5,Ccr10,,ppi_lr
Nmu,Xcr1,,ppi_lr
Prok1,Xcr1,,ppi_lr
Qrfp,Xcr1,,ppi_lr
Kiss1,Xcr1,,ppi_lr
Nms,Xcr1,,ppi_lr
Uts2b,Xcr1,,ppi_lr
Prok2,Xcr1,,ppi_lr
Ghrl,Xcr1,,ppi_lr
Tac2,Xcr1,,ppi_lr
Copa,Notch1,,ppi_lr
Xcl1,Bdkrb1,,ppi_lr
Cxcl12,Bdkrb1,,ppi_lr
Nmu,Bdkrb1,,ppi_lr
Prok1,Bdkrb1,,ppi_lr
Sst,Bdkrb1,,ppi_lr
Ccl20,Bdkrb1,,ppi_lr
Cxcl5,Bdkrb1,,ppi_lr
Qrfp,Bdkrb1,,ppi_lr
Pnoc,Bdkrb1,,ppi_lr
Kiss1,Bdkrb1,,ppi_lr
Nms,Bdkrb1,,ppi_lr
Uts2b,Bdkrb1,,ppi_lr
Npw,Bdkrb1,,ppi_lr
Npb,Bdkrb1,,ppi_lr
Rln3,Bdkrb1,,ppi_lr
Ccl19,Bdkrb1,,ppi_lr
Cxcl16,Bdkrb1,,ppi_lr
Prok2,Bdkrb1,,ppi_lr
Ccl28,Bdkrb1,,ppi_lr
Hebp1,Bdkrb1,,ppi_lr
Ghrl,Bdkrb1,,ppi_lr
Tac2,Bdkrb1,,ppi_lr
Apln,Bdkrb1,,ppi_lr
Ccl27al,Bdkrb1,,ppi_lr
Insl5,Bdkrb1,,ppi_lr
Cxcl12,Galr1,,ppi_lr
Nmu,Galr1,,ppi_lr
Sst,Galr1,,ppi_lr
Ccl20,Galr1,,ppi_lr
Cxcl5,Galr1,,ppi_lr
Pnoc,Galr1,,ppi_lr
Nms,Galr1,,ppi_lr
Npw,Galr1,,ppi_lr
Npb,Galr1,,ppi_lr
Rln3,Galr1,,ppi_lr
Ccl19,Galr1,,ppi_lr
Cxcl16,Galr1,,ppi_lr
Ccl28,Galr1,,ppi_lr
Hebp1,Galr1,,ppi_lr
Apln,Galr1,,ppi_lr
Ccl27al,Galr1,,ppi_lr
Insl5,Galr1,,ppi_lr
Xcl1,Gcgr,,ppi_lr
Nmu,Gcgr,,ppi_lr
Insl3,Gcgr,,ppi_lr
Prok1,Gcgr,,ppi_lr
Qrfp,Gcgr,,ppi_lr
Kiss1,Gcgr,,ppi_lr
Nms,Gcgr,,ppi_lr
Uts2b,Gcgr,,ppi_lr
Adm2,Gcgr,,ppi_lr
Rln3,Gcgr,,ppi_lr
Pth2,Gcgr,,ppi_lr
Prok2,Gcgr,,ppi_lr
Ghrl,Gcgr,,ppi_lr
Tac2,Gcgr,,ppi_lr
Insl3,Sctr,,ppi_lr
Adm2,Sctr,,ppi_lr
Rln3,Sctr,,ppi_lr
Pth2,Sctr,,ppi_lr
Cxcl12,Htr5a,,ppi_lr
Nmu,Htr5a,,ppi_lr
Sst,Htr5a,,ppi_lr
Ccl20,Htr5a,,ppi_lr
Cxcl5,Htr5a,,ppi_lr
Pnoc,Htr5a,,ppi_lr
Nms,Htr5a,,ppi_lr
Npw,Htr5a,,ppi_lr
Npb,Htr5a,,ppi_lr
Rln3,Htr5a,,ppi_lr
Ccl19,Htr5a,,ppi_lr
Cxcl16,Htr5a,,ppi_lr
Ccl28,Htr5a,,ppi_lr
Hebp1,Htr5a,,ppi_lr
Apln,Htr5a,,ppi_lr
Ccl27al,Htr5a,,ppi_lr
Insl5,Htr5a,,ppi_lr
Xcl1,Avpr1b,,ppi_lr
Nmu,Avpr1b,,ppi_lr
Prok1,Avpr1b,,ppi_lr
Qrfp,Avpr1b,,ppi_lr
Kiss1,Avpr1b,,ppi_lr
Nms,Avpr1b,,ppi_lr
Uts2b,Avpr1b,,ppi_lr
Prok2,Avpr1b,,ppi_lr
Ghrl,Avpr1b,,ppi_lr
Tac2,Avpr1b,,ppi_lr
Cxcl12,Mtnr1a,,ppi_lr
Nmu,Mtnr1a,,ppi_lr
Sst,Mtnr1a,,ppi_lr
Ccl20,Mtnr1a,,ppi_lr
Pnoc,Mtnr1a,,ppi_lr
Rln3,Mtnr1a,,ppi_lr
Ccl19,Mtnr1a,,ppi_lr
Hebp1,Mtnr1a,,ppi_lr
Apln,Mtnr1a,,ppi_lr
Ccl27al,Mtnr1a,,ppi_lr
Nmu,Npbwr1,,ppi_lr
Sst,Npbwr1,,ppi_lr
Ccl20,Npbwr1,,ppi_lr
Cxcl5,Npbwr1,,ppi_lr
Pnoc,Npbwr1,,ppi_lr
Nms,Npbwr1,,ppi_lr
Rln3,Npbwr1,,ppi_lr
Ccl19,Npbwr1,,ppi_lr
Cxcl16,Npbwr1,,ppi_lr
Ccl28,Npbwr1,,ppi_lr
Hebp1,Npbwr1,,ppi_lr
Apln,Npbwr1,,ppi_lr
Ccl27al,Npbwr1,,ppi_lr
Insl5,Npbwr1,,ppi_lr
Insl3,Gipr,,ppi_lr
Adm2,Gipr,,ppi_lr
Rln3,Gipr,,ppi_lr
Pth2,Gipr,,ppi_lr
Sst,Npy2r,,ppi_lr
Ccl20,Npy2r,,ppi_lr
Cxcl5,Npy2r,,ppi_lr
Pnoc,Npy2r,,ppi_lr
Nms,Npy2r,,ppi_lr
Npw,Npy2r,,ppi_lr
Npb,Npy2r,,ppi_lr
Rln3,Npy2r,,ppi_lr
Ccl19,Npy2r,,ppi_lr
Cxcl16,Npy2r,,ppi_lr
Ccl28,Npy2r,,ppi_lr
Hebp1,Npy2r,,ppi_lr
Apln,Npy2r,,ppi_lr
Ccl27al,Npy2r,,ppi_lr
Insl5,Npy2r,,ppi_lr
Insl3,Pth2r,,ppi_lr
Adm2,Pth2r,,ppi_lr
Rln3,Pth2r,,ppi_lr
Sst,Mtnr1b,,ppi_lr
Ccl20,Mtnr1b,,ppi_lr
Cxcl5,Mtnr1b,,ppi_lr
Pnoc,Mtnr1b,,ppi_lr
Nms,Mtnr1b,,ppi_lr
Npw,Mtnr1b,,ppi_lr
Npb,Mtnr1b,,ppi_lr
Rln3,Mtnr1b,,ppi_lr
Ccl19,Mtnr1b,,ppi_lr
Cxcl16,Mtnr1b,,ppi_lr
Ccl28,Mtnr1b,,ppi_lr
Hebp1,Mtnr1b,,ppi_lr
Apln,Mtnr1b,,ppi_lr
Ccl27al,Mtnr1b,,ppi_lr
Insl5,Mtnr1b,,ppi_lr
Sst,Cxcr3,,ppi_lr
Cxcl5,Cxcr3,,ppi_lr
Pnoc,Cxcr3,,ppi_lr
Nms,Cxcr3,,ppi_lr
Npw,Cxcr3,,ppi_lr
Npb,Cxcr3,,ppi_lr
Rln3,Cxcr3,,ppi_lr
Cxcl16,Cxcr3,,ppi_lr
Ccl28,Cxcr3,,ppi_lr
Hebp1,Cxcr3,,ppi_lr
Apln,Cxcr3,,ppi_lr
Ccl27al,Cxcr3,,ppi_lr
Insl5,Cxcr3,,ppi_lr
Sst,Agtr2,,ppi_lr
Ccl20,Agtr2,,ppi_lr
Cxcl5,Agtr2,,ppi_lr
Pnoc,Agtr2,,ppi_lr
Nms,Agtr2,,ppi_lr
Npw,Agtr2,,ppi_lr
Npb,Agtr2,,ppi_lr
Rln3,Agtr2,,ppi_lr
Ccl19,Agtr2,,ppi_lr
Cxcl16,Agtr2,,ppi_lr
Ccl28,Agtr2,,ppi_lr
Hebp1,Agtr2,,ppi_lr
Apln,Agtr2,,ppi_lr
Ccl27al,Agtr2,,ppi_lr
Insl5,Agtr2,,ppi_lr
Insl3,Htr6,,ppi_lr
Adm2,Htr6,,ppi_lr
Rln3,Htr6,,ppi_lr
Pth2,Htr6,,ppi_lr
Sst,Ccr3,,ppi_lr
Ccl20,Ccr3,,ppi_lr
Cxcl5,Ccr3,,ppi_lr
Pnoc,Ccr3,,ppi_lr
Nms,Ccr3,,ppi_lr
Npw,Ccr3,,ppi_lr
Npb,Ccr3,,ppi_lr
Rln3,Ccr3,,ppi_lr
Ccl19,Ccr3,,ppi_lr
Cxcl16,Ccr3,,ppi_lr
Hebp1,Ccr3,,ppi_lr
Apln,Ccr3,,ppi_lr
Insl5,Ccr3,,ppi_lr
Sst,Ccr4,,ppi_lr
Ccl20,Ccr4,,ppi_lr
Cxcl5,Ccr4,,ppi_lr
Pnoc,Ccr4,,ppi_lr
Nms,Ccr4,,ppi_lr
Npw,Ccr4,,ppi_lr
Npb,Ccr4,,ppi_lr
Rln3,Ccr4,,ppi_lr
Ccl19,Ccr4,,ppi_lr
Cxcl16,Ccr4,,ppi_lr
Ccl28,Ccr4,,ppi_lr
Hebp1,Ccr4,,ppi_lr
Apln,Ccr4,,ppi_lr
Ccl27al,Ccr4,,ppi_lr
Insl5,Ccr4,,ppi_lr
Sst,Ccr5,,ppi_lr
Ccl20,Ccr5,,ppi_lr
Cxcl5,Ccr5,,ppi_lr
Pnoc,Ccr5,,ppi_lr
Nms,Ccr5,,ppi_lr
Npw,Ccr5,,ppi_lr
Npb,Ccr5,,ppi_lr
Rln3,Ccr5,,ppi_lr
Ccl19,Ccr5,,ppi_lr
Cxcl16,Ccr5,,ppi_lr
Ccl28,Ccr5,,ppi_lr
Hebp1,Ccr5,,ppi_lr
Apln,Ccr5,,ppi_lr
Ccl27al,Ccr5,,ppi_lr
Insl5,Ccr5,,ppi_lr
Sst,Ccr6,,ppi_lr
Cxcl5,Ccr6,,ppi_lr
Pnoc,Ccr6,,ppi_lr
Nms,Ccr6,,ppi_lr
Npw,Ccr6,,ppi_lr
Npb,Ccr6,,ppi_lr
Rln3,Ccr6,,ppi_lr
Ccl19,Ccr6,,ppi_lr
Cxcl16,Ccr6,,ppi_lr
Ccl28,Ccr6,,ppi_lr
Hebp1,Ccr6,,ppi_lr
Apln,Ccr6,,ppi_lr
Ccl27al,Ccr6,,ppi_lr
Insl5,Ccr6,,ppi_lr
Sst,Ccr8,,ppi_lr
Ccl20,Ccr8,,ppi_lr
Cxcl5,Ccr8,,ppi_lr
Pnoc,Ccr8,,ppi_lr
Nms,Ccr8,,ppi_lr
Npw,Ccr8,,ppi_lr
Npb,Ccr8,,ppi_lr
Rln3,Ccr8,,ppi_lr
Ccl19,Ccr8,,ppi_lr
Cxcl16,Ccr8,,ppi_lr
Ccl28,Ccr8,,ppi_lr
Hebp1,Ccr8,,ppi_lr
Apln,Ccr8,,ppi_lr
Ccl27al,Ccr8,,ppi_lr
Insl5,Ccr8,,ppi_lr
Sst,Ccr9,,ppi_lr
Ccl20,Ccr9,,ppi_lr
Cxcl5,Ccr9,,ppi_lr
Pnoc,Ccr9,,ppi_lr
Nms,Ccr9,,ppi_lr
Npw,Ccr9,,ppi_lr
Npb,Ccr9,,ppi_lr
Rln3,Ccr9,,ppi_lr
Ccl19,Ccr9,,ppi_lr
Cxcl16,Ccr9,,ppi_lr
Ccl28,Ccr9,,ppi_lr
Hebp1,Ccr9,,ppi_lr
Apln,Ccr9,,ppi_lr
Ccl27al,Ccr9,,ppi_lr
Insl5,Ccr9,,ppi_lr
Sema6d,Plxna3,,ppi_lr
Efnb3,Epha5,,ppi_lr
Prok1,F2rl1,,ppi_lr
Qrfp,F2rl1,,ppi_lr
Kiss1,F2rl1,,ppi_lr
Nms,F2rl1,,ppi_lr
Uts2b,F2rl1,,ppi_lr
Prok2,F2rl1,,ppi_lr
Ghrl,F2rl1,,ppi_lr
Tac2,F2rl1,,ppi_lr
Sst,Cxcr4,,ppi_lr
Ccl20,Cxcr4,,ppi_lr
Cxcl5,Cxcr4,,ppi_lr
Pnoc,Cxcr4,,ppi_lr
Nms,Cxcr4,,ppi_lr
Npw,Cxcr4,,ppi_lr
Npb,Cxcr4,,ppi_lr
Rln3,Cxcr4,,ppi_lr
Ccl19,Cxcr4,,ppi_lr
Cxcl16,Cxcr4,,ppi_lr
Ccl28,Cxcr4,,ppi_lr
Hebp1,Cxcr4,,ppi_lr
Apln,Cxcr4,,ppi_lr
Ccl27al,Cxcr4,,ppi_lr
Insl5,Cxcr4,,ppi_lr
Efnb3,Vldlr,,ppi_lr
Adm2,Mc2r,,ppi_lr
Rln3,Mc2r,,ppi_lr
Pth2,Mc2r,,ppi_lr
Adm2,Mc1r,,ppi_lr
Rln3,Mc1r,,ppi_lr
Pth2,Mc1r,,ppi_lr
Adm2,Ghrhr,,ppi_lr
Rln3,Ghrhr,,ppi_lr
Pth2,Ghrhr,,ppi_lr
Rln3,Pth1r,,ppi_lr
Clec11a,Traf2,,ppi_lr
Tnfsf13b,Traf2,,ppi_lr
Adm2,Crhr2,,ppi_lr
Rln3,Crhr2,,ppi_lr
Pth2,Crhr2,,ppi_lr
Adm2,Htr4,,ppi_lr
Rln3,Htr4,,ppi_lr
Pth2,Htr4,,ppi_lr
Tnfsf13b,Itga7,,ppi_lr
Efnb3,Lrp8,,ppi_lr
Nms,Grm4,,ppi_lr
Npw,Grm4,,ppi_lr
Npb,Grm4,,ppi_lr
Rln3,Grm4,,ppi_lr
Ccl19,Grm4,,ppi_lr
Cxcl16,Grm4,,ppi_lr
Ccl28,Grm4,,ppi_lr
Hebp1,Grm4,,ppi_lr
Apln,Grm4,,ppi_lr
Ccl27al,Grm4,,ppi_lr
Insl5,Grm4,,ppi_lr
Efnb3,Epha7,,ppi_lr
Nms,P2ry14,,ppi_lr
Npw,P2ry14,,ppi_lr
Npb,P2ry14,,ppi_lr
Rln3,P2ry14,,ppi_lr
Ccl19,P2ry14,,ppi_lr
Cxcl16,P2ry14,,ppi_lr
Ccl28,P2ry14,,ppi_lr
Hebp1,P2ry14,,ppi_lr
Apln,P2ry14,,ppi_lr
Ccl27al,P2ry14,,ppi_lr
Insl5,P2ry14,,ppi_lr
Nms,Npy5r,,ppi_lr
Npw,Npy5r,,ppi_lr
Npb,Npy5r,,ppi_lr
Rln3,Npy5r,,ppi_lr
Ccl19,Npy5r,,ppi_lr
Cxcl16,Npy5r,,ppi_lr
Ccl28,Npy5r,,ppi_lr
Hebp1,Npy5r,,ppi_lr
Apln,Npy5r,,ppi_lr
Ccl27al,Npy5r,,ppi_lr
Insl5,Npy5r,,ppi_lr
Nms,C3ar1,,ppi_lr
Npw,C3ar1,,ppi_lr
Npb,C3ar1,,ppi_lr
Rln3,C3ar1,,ppi_lr
Ccl19,C3ar1,,ppi_lr
Cxcl16,C3ar1,,ppi_lr
Ccl28,C3ar1,,ppi_lr
Hebp1,C3ar1,,ppi_lr
Apln,C3ar1,,ppi_lr
Ccl27al,C3ar1,,ppi_lr
Insl5,C3ar1,,ppi_lr
Rln3,Calcrl,,ppi_lr
Pth2,Calcrl,,ppi_lr
Uts2b,Npsr1,,ppi_lr
Adm2,Npsr1,,ppi_lr
Rln3,Npsr1,,ppi_lr
Pth2,Npsr1,,ppi_lr
Prok2,Npsr1,,ppi_lr
Ghrl,Npsr1,,ppi_lr
Tac2,Npsr1,,ppi_lr
Ghrl,Prokr2,,ppi_lr
Tac2,Prokr2,,ppi_lr
Ghrl,Prokr1,,ppi_lr
Tac2,Prokr1,,ppi_lr
Ccl19,Rxfp4,,ppi_lr
Cxcl16,Rxfp4,,ppi_lr
Ccl28,Rxfp4,,ppi_lr
Hebp1,Rxfp4,,ppi_lr
Apln,Rxfp4,,ppi_lr
Ccl27al,Rxfp4,,ppi_lr
Pth2,Rxfp2,,ppi_lr
Ccl19,Lpar1,,ppi_lr
Cxcl16,Lpar1,,ppi_lr
Prok2,Lpar1,,ppi_lr
Ccl28,Lpar1,,ppi_lr
Hebp1,Lpar1,,ppi_lr
Ghrl,Lpar1,,ppi_lr
Tac2,Lpar1,,ppi_lr
Apln,Lpar1,,ppi_lr
Ccl27al,Lpar1,,ppi_lr
Insl5,Lpar1,,ppi_lr
Prok2,Ghsr,,ppi_lr
Tac2,Ghsr,,ppi_lr
Prok2,Kiss1r,,ppi_lr
Ghrl,Kiss1r,,ppi_lr
Tac2,Kiss1r,,ppi_lr
Prok2,Qrfpr,,ppi_lr
Ghrl,Qrfpr,,ppi_lr
Tac2,Qrfpr,,ppi_lr
Prok2,F2rl3,,ppi_lr
Ghrl,F2rl3,,ppi_lr
Tac2,F2rl3,,ppi_lr
Icam5,Sort1,,ppi_lr
Prok2,Lpar4,,ppi_lr
Ghrl,Lpar4,,ppi_lr
Tac2,Lpar4,,ppi_lr
Ccl19,Mchr1,,ppi_lr
Cxcl16,Mchr1,,ppi_lr
Prok2,Mchr1,,ppi_lr
Ccl28,Mchr1,,ppi_lr
Hebp1,Mchr1,,ppi_lr
Ghrl,Mchr1,,ppi_lr
Tac2,Mchr1,,ppi_lr
Apln,Mchr1,,ppi_lr
Ccl27al,Mchr1,,ppi_lr
Insl5,Mchr1,,ppi_lr
Cxcl16,Nmur2,,ppi_lr
Prok2,Nmur2,,ppi_lr
Ccl28,Nmur2,,ppi_lr
Hebp1,Nmur2,,ppi_lr
Ghrl,Nmur2,,ppi_lr
Tac2,Nmur2,,ppi_lr
Apln,Nmur2,,ppi_lr
Ccl27al,Nmur2,,ppi_lr
Insl5,Nmur2,,ppi_lr
Prok2,Npffr1,,ppi_lr
Ghrl,Npffr1,,ppi_lr
Tac2,Npffr1,,ppi_lr
Ccl28,Hrh4,,ppi_lr
Hebp1,Hrh4,,ppi_lr
Apln,Hrh4,,ppi_lr
Ccl27al,Hrh4,,ppi_lr
Insl5,Hrh4,,ppi_lr
Prok2,Nmur1,,ppi_lr
Ccl28,Nmur1,,ppi_lr
Hebp1,Nmur1,,ppi_lr
Ghrl,Nmur1,,ppi_lr
Tac2,Nmur1,,ppi_lr
Apln,Nmur1,,ppi_lr
Ccl27al,Nmur1,,ppi_lr
Insl5,Nmur1,,ppi_lr
Prok2,Lpar2,,ppi_lr
Ccl28,Lpar2,,ppi_lr
Hebp1,Lpar2,,ppi_lr
Ghrl,Lpar2,,ppi_lr
Tac2,Lpar2,,ppi_lr
Apln,Lpar2,,ppi_lr
Ccl27al,Lpar2,,ppi_lr
Insl5,Lpar2,,ppi_lr
Apln,Rxfp3,,ppi_lr
Ccl27al,Rxfp3,,ppi_lr
Insl5,Hrh3,,ppi_lr
Ccl17,Vcam1,,ppi_l_bidir
Bdnf,Ncam1,,ppi_l_bidir
Gstp2,Vcam1,,ppi_l_bidir
Areg,Icam1,,ppi_l_bidir
Arf1,Vcam1,,ppi_l_bidir
Ccl22,Vcam1,,ppi_l_bidir
Bdnf,F11r,,ppi_l_bidir
Thbs1,Itgam,,ppi_l_bidir
Ctsg,Vcam1,,ppi_l_bidir
Ctsg,Selplg,,ppi_l_bidir
Agrn,Ncam1,,ppi_l_bidir
Pspn,Ncam1,,ppi_l_bidir
Plg,Cdh1,,ppi_l_bidir
Tgfb1,F11r,,ppi_l_bidir
Col1a1,Mag,,ppi_l_bidir
Col4a1,Ncam1,,ppi_l_bidir
Col4a1,Mag,,ppi_l_bidir
Apoe,Vcam1,,ppi_l_bidir
Anxa1,Itga4,,ppi_l_bidir
Anxa1,Vcam1,,ppi_l_bidir
App,Ncam1,,ppi_l_bidir
App,Mag,,ppi_l_bidir
App,Cntn1,,ppi_l_bidir
Lamb1,L1cam,,ppi_l_bidir
Fgf2,Glg1,,ppi_l_bidir
Gstp2,Itga4,,ppi_l_bidir
Lama1,L1cam,,ppi_l_bidir
Dlk1,Ocln,,ppi_l_bidir
Cd86,Cd80,,ppi_l_bidir
Il13,Vcam1,,ppi_l_bidir
Cx3cl1,Itgb2,,ppi_l_bidir
Mmp13,Itgam,,ppi_l_bidir
Col18a1,Selp,,ppi_l_bidir
Sema4d,Ptprc,,ppi_l_bidir
Col18a1,Sell,,ppi_l_bidir
Ccl5,Cdh1,,ppi_l_bidir
Nlgn1,Cntnap1,,ppi_l_bidir
Csf1,Cldn11,,ppi_l_bidir
App,Nfasc,,ppi_l_bidir
Rps19,Icam1,,ppi_l_bidir
Tgfb3,Itgb1,,ppi_l_bidir
Hsp90b1,Itgb1,,ppi_l_bidir
Mmp9,Itgb1,,ppi_l_bidir
Vegfb,Itgb1,,ppi_l_bidir
Psen1,Itgb1,,ppi_l_bidir
Ltb,Itgb1,,ppi_l_bidir
Tnfsf13b,Itgb1,,ppi_l_bidir
Il10,Cd28,,ppi_l_bidir
Il21,Cd28,,ppi_l_bidir
Mmp9,Cdh1,,ppi_l_bidir
Adam9,Cdh1,,ppi_l_bidir
Adam15,Cdh1,,ppi_l_bidir
Mdk,Ncam1,,ppi_l_bidir
Nrtn,Ncam1,,ppi_l_bidir
Rps19,Itga4,,ppi_l_bidir
Copa,Itga4,,ppi_l_bidir
Arf1,Itga4,,ppi_l_bidir
Wnt3,Cdh2,,ppi_l_bidir
Wnt3a,Cdh2,,ppi_l_bidir
Rps19,Vcam1,,ppi_l_bidir
Copa,Vcam1,,ppi_l_bidir
Ptprc,Epor,,ppi_bidir_r
Ptprc,Met,,ppi_bidir_r
Ptprc,Insr,,ppi_bidir_r
Cntn2,Egfr,,ppi_bidir_r
Ptprc,Lepr,,ppi_bidir_r
Ptprc,Erbb2,,ppi_bidir_r
Ptprc,Ghr,,ppi_bidir_r
Ptprc,Cxcr4,,ppi_bidir_r
Ncam1,Ntrk1,,ppi_bidir_r
Cdh1,Lrp6,,ppi_bidir_r
Ptprc,Pdgfrb,,ppi_bidir_r
Itgb1,Csf2rb,,ppi_bidir_r
Icam1,Csf2rb,,ppi_bidir_r
Itgb1,Itga5,,ppi_bidir_r
Itgb1,Dag1,,ppi_bidir_r
Itgb1,Igf1r,,ppi_bidir_r
Itgb1,Itga3,,ppi_bidir_r
Itgb1,Cd36,,ppi_bidir_r
Itgb1,Plaur,,ppi_bidir_r
Itgb1,Cd47,,ppi_bidir_r
Itgb1,Flt4,,ppi_bidir_r
Itgb1,Itgav,,ppi_bidir_r
Itgb1,Itga6,,ppi_bidir_r
Itgb1,Itga2,,ppi_bidir_r
Itgb1,Itga1,,ppi_bidir_r
Itgb1,Itga8,,ppi_bidir_r
Itgb1,Itga11,,ppi_bidir_r
Pecam1,Sdc1,,ppi_bidir_r
Itgb2,Plaur,,ppi_bidir_r
Itgb2,Itgax,,ppi_bidir_r
Itgb2,Itgad,,ppi_bidir_r
Ptprc,Ifnar1,,ppi_bidir_r
Pecam1,Sdc4,,ppi_bidir_r
Itgam,Plaur,,ppi_bidir_r
Itgb7,Itgae,,ppi_bidir_r
Cdh5,Kdr,,ppi_bidir_r
Ptprc,Tek,,ppi_bidir_r
Itga4,Cxcr4,,ppi_bidir_r
Pecam1,Cxcr4,,ppi_bidir_r
Itga4,Cd44,,ppi_bidir_r
Cdh2,Ptprb,,ppi_bidir_r
Cdh2,Boc,,ppi_bidir_r
Cdh15,Boc,,ppi_bidir_r
Ptprc,Tie1,,ppi_bidir_r
Cdh2,Fgfr4,,ppi_bidir_r
Pecam1,Ackr3,,ppi_bidir_r
Pecam1,Gpc1,,ppi_bidir_r
Ptprm,Ptprs,,ppi_bidir_r
Mag,Rtn4r,,ppi_bidir_r
Itgb2,Ptch1,,ppi_bidir_r
Itgb2,Ptch2,,ppi_bidir_r
Icam1,Eda2r,,ppi_bidir_r
Itgb1,Pdgfrb,,ppi_bidir_r
Itgb1,Igf2r,,ppi_bidir_r
Itgb1,Sdc1,,ppi_bidir_r
Itgb1,Itgax,,ppi_bidir_r
Itgb1,Epha2,,ppi_bidir_r
Itgb1,Ptch1,,ppi_bidir_r
Itgb1,Itga7,,ppi_bidir_r
Itgb1,Ncstn,,ppi_bidir_r
Itgb1,Ptch2,,ppi_bidir_r
Cd28,Ctla4,,ppi_bidir_r
Cdh1,Kdr,,ppi_bidir_r
Cdh1,Ddr1,,ppi_bidir_r
Cdh1,Ddr2,,ppi_bidir_r
Cdh1,Cdon,,ppi_bidir_r
Cdh1,Ncstn,,ppi_bidir_r
Cdh1,Boc,,ppi_bidir_r
Itga4,Ptch1,,ppi_bidir_r
Cdh2,Ryk,,ppi_bidir_r
Cdh2,Ddr1,,ppi_bidir_r
Cdh2,Ddr2,,ppi_bidir_r
Cdh2,Neo1,,ppi_bidir_r
Mag,Ntrk2,,ppi_bidir_r
Mag,Lingo1,,ppi_bidir_r
Itgb7,Ptch1,,ppi_bidir_r
Itgb7,Ptch2,,ppi_bidir_r
Cdh5,Tgfbr1,,ppi_bidir_r
Cdh5,Acvrl1,,ppi_bidir_r
Cdh5,Tgfbr2,,ppi_bidir_r
Cdh15,Neo1,,ppi_bidir_r
Nectin2,Tnfrsf12a,,ppi_bidir_r
Ptprc,Egfr,,ppi_bidir_r
Cd2,Cd4,,ppi_bidir_r
Cntn1,Ptprb,,ppi_bidir_r
Ptprc,Cd44,,ppi_bidir_r
Ncam1,Egfr,,ppi_bidir_r
Vcam1,Fas,,ppi_bidir_r
Icam2,Nrp1,,ppi_bidir_r
Icam2,Cd44,,ppi_bidir_r
Alcam,Egfr,,ppi_bidir_r
Cdh1,Erbb2,,ppi_bidir_r
Itgb1,Itga10,,ppi_bidir_r
Pecam1,Itga5,,ppi_bidir_r
F11r,Ptprb,,ppi_bidir_r
F11r,F2rl2,,ppi_bidir_r
Ptprc,Ntrk1,,ppi_bidir_r
Cdh1,Met,,ppi_bidir_r
Cdh3,Igf1r,,ppi_bidir_r
Itgb2,Egfr,,ppi_bidir_r
Cadm1,Itgb4,,ppi_bidir_r
Cdh5,Egfr,,ppi_bidir_r
Selp,Gp1ba,,ppi_bidir_r
Itgam,Gp1ba,,ppi_bidir_r
Cdh5,Ptprb,,ppi_bidir_r
Cdh5,Epha2,,ppi_bidir_r
Cdh5,F2rl2,,ppi_bidir_r
Sell,Cd4,,ppi_bidir_r
Cntnap1,Ptprb,,ppi_bidir_r
Mag,Ngfr,,ppi_bidir_r
Ptprc,Cd8a,,ppi_bidir_r
Jam3,Itgax,,ppi_bidir_r
Jam3,F2rl2,,ppi_bidir_r
Jam2,F2rl2,,ppi_bidir_r
Cdh4,Mtnr1b,,ppi_bidir_r
Itgb1,Fzd6,,ppi_bidir_r
Cdh2,Lrp5,,ppi_bidir_r
Cdh2,Lrp6,,ppi_bidir_r
Cd274,Cd4,,ppi_bidir_r
Itga4,Tfrc,,ppi_bidir_r
Vcam1,Tfrc,,ppi_bidir_r
Itgb1,Ntrk1,,ppi_bidir_r
Cdh2,Ntrk1,,ppi_bidir_r
L1cam,Ntrk1,,ppi_bidir_r
Alcam,Ntrk1,,ppi_bidir_r
Glg1,Ntrk1,,ppi_bidir_r
Itgb1,Itgb3,,ppi_bidir_r
L1cam,Itga2b,,ppi_bidir_r
Vcam1,Itga5,,ppi_bidir_r
Itga4,Rpsa,,ppi_bidir_r
Vcam1,Rpsa,,ppi_bidir_r
Vcam1,Igf2r,,ppi_bidir_r
Vcam1,Gp1bb,,ppi_bidir_r
Cadm3,Itgb4,,ppi_bidir_r
F11r,Tgfbr1,,ppi_bidir_r
F11r,Tgfbr2,,ppi_bidir_r
Cntn2,Ncam1,,ppi_bidir_bidir
Ptprc,Cd2,,ppi_bidir_bidir
Ptprc,Cd28,,ppi_bidir_bidir
Negr1,Cntn1,,ppi_bidir_bidir
Itgb1,Itga4,,ppi_bidir_bidir
Itgb1,Itga9,,ppi_bidir_bidir
Itgal,F11r,,ppi_bidir_bidir
Cd2,Ptprc,,ppi_bidir_bidir
Itgb2,Itgam,,ppi_bidir_bidir
Itgb2,Itgal,,ppi_bidir_bidir
Itgb2,Jam3,,ppi_bidir_bidir
Itgb2,Icam2,,ppi_bidir_bidir
Itgam,Jam3,,ppi_bidir_bidir
Itgam,Icam2,,ppi_bidir_bidir
Itga4,Itgb7,,ppi_bidir_bidir
Itgb7,Itga9,,ppi_bidir_bidir
Cntn1,Cntnap2,,ppi_bidir_bidir
Sell,Sele,,ppi_bidir_bidir
Ptprc,Cdh2,,ppi_bidir_bidir
Ptprc,Itgal,,ppi_bidir_bidir
Cdh1,Cdh3,,ppi_bidir_bidir
Cdh2,Cdh4,,ppi_bidir_bidir
L1cam,Cntn2,,ppi_bidir_bidir
Cldn11,Itgb1,,ppi_bidir_bidir
Nfasc,Mpz,,ppi_bidir_bidir
Itgb2,F11r,,ppi_bidir_bidir
Itgb1,L1cam,,ppi_bidir_bidir
Itgb1,Jam2,,ppi_bidir_bidir
Itgb1,Jam3,,ppi_bidir_bidir
Cdh1,Cdh2,,ppi_bidir_bidir
Ncam1,Cntn2,,ppi_bidir_bidir
Itga4,Jam2,,ppi_bidir_bidir
Itga4,Jam3,,ppi_bidir_bidir
Cdh2,Ptprm,,ppi_bidir_bidir
Ptprm,Cdh4,,ppi_bidir_bidir
L1cam,Itga9,,ppi_bidir_bidir
Selplg,Esam,,ppi_bidir_bidir
Fgf1,Sphk1,,ppi_lr_go
Wnt4,Sfrp1,,ppi_lr_go
Wnt4,P2rx4,,ppi_lr_go
Tnf,Rack1,,ppi_lr_go
Gpnmb,Egfr,,ppi_lr_go
Wnt3,Dlg4,,ppi_lr_go
Flrt3,Fgfr1,,ppi_lr_go
Ccl5,Pigr,,ppi_lr_go
Bdnf,Esr1,,ppi_lr_go
Crlf2,Il7r,,ppi_lr_go
Pdgfb,Lyve1,,ppi_lr_go
Vegfb,Adrb2,,ppi_lr_go
Fgf1,Gpc6,,ppi_lr_go
Hdgf,Ntrk1,,ppi_lr_go
Hmgb2,Ntrk1,,ppi_lr_go
Il17f,Rho,,ppi_lr_go
Insl6,Alk,,ppi_lr_go
Ngf,Ror1,,ppi_lr_go
Tgfb1,Rho,,ppi_lr_go
Igf1,Rack1,,ppi_lr_go
Jag2,Ptk7,,ppi_lr_go
Jag2,Lsr,,ppi_lr_go
Jag2,Dlg1,,ppi_lr_go
Il12b,Vdr,,ppi_lr_go
Gmfb,Anxa6,,ppi_lr_go
Gmfb,Itpr3,,ppi_lr_go
Fbrs,Gpc4,,ppi_lr_go
Nenf,Grm1,,ppi_lr_go
Il25,Esr1,,ppi_lr_go
Hmgb2,Itpr1,,ppi_lr_go
Hmgb2,Itpr3,,ppi_lr_go
Manf,Grm1,,ppi_lr_go
Lgals3,Fas,,ppi_lr_go
Il15,Inpp5k,,ppi_lr_go
Nppa,Esr1,,ppi_lr_go
Ttr,Lrp2,,ppi_lr_go
Wnt3a,Dlg4,,ppi_lr_go
Wnt3a,Dlg1,,ppi_lr_go
Tgfa,Dlg1,,ppi_lr_go
Klk1b22,Ar,,ppi_lr_go
Il24,Esr2,,ppi_lr_go
Tff1,Esr2,,ppi_lr_go
Oxt,Esr2,,ppi_lr_go
Fbn1,Ebp,,ppi_lr_go
Ptn,Rack1,,ppi_lr_go
Ttr,Ddr1,,ppi_lr_go
Ins2,H2-Ab1,,ppi_lr_go
Tgfb1,Mcc,,ppi_lr_go
Bmp2,Rgma,,ppi_lr_go
Bmp2,Rgmb,,ppi_lr_go
Egf,Vtn,,ppi_lr_go
Igf2,Vtn,,ppi_lr_go
Ttr,Ager,,ppi_lr_go
Ttr,Inpp5k,,ppi_lr_go
Ttr,Il7r,,ppi_lr_go
Wnt1,Sfrp1,,ppi_lr_go
Tgfb1,Vtn,,ppi_lr_go
Tff1,Fgfr2,,ppi_lr_go
Lgals3,Cd6,,ppi_lr_go
Bdnf,Inpp5k,,ppi_lr_go
Apoa1,Il7r,,ppi_lr_go
Apoa1,Scarb1,,ppi_lr_go
Igf1,Igsf1,,ppi_lr_go
Wnt2,Sfrp1,,ppi_lr_go
Chgb,Fgfr3,,ppi_lr_go
Pomc,Vtn,,ppi_lr_go
Tnfrsf11b,Vtn,,ppi_lr_go
Bmp1,Adra1a,,ppi_lr_go
Ntf3,Sorcs2,,ppi_lr_go
Gdnf,Agtrap,,ppi_lr_go
Mif,Tnfrsf14,,ppi_lr_go
Tff1,Siglecf,,ppi_lr_go
Inhbb,Igsf1,,ppi_lr_go
Cort,Grm6,,ppi_lr_go
Cort,Gabbr2,,ppi_lr_go
Cort,S1pr2,,ppi_lr_go
Cort,S1pr4,,ppi_lr_go
Cort,Chrm2,,ppi_lr_go
Cort,Chrm4,,ppi_lr_go
Cort,Adra2a,,ppi_lr_go
Cort,Adora3,,ppi_lr_go
Cort,Drd2,,ppi_lr_go
Cort,Adra2b,,ppi_lr_go
Cort,Adra2c,,ppi_lr_go
Cort,S1pr1,,ppi_lr_go
Cort,Cnr1,,ppi_lr_go
Cort,Drd4,,ppi_lr_go
Cort,Adora1,,ppi_lr_go
Cort,Cnr2,,ppi_lr_go
Cort,Drd3,,ppi_lr_go
Cort,Casr,,ppi_lr_go
Cort,Ptger3,,ppi_lr_go
Cort,P2ry4,,ppi_lr_go
Cort,Tas2r138,,ppi_lr_go
Cort,Tas2r139,,ppi_lr_go
Cort,Tas2r144,,ppi_lr_go
Cort,Tas2r126,,ppi_lr_go
Cort,Tas2r136,,ppi_lr_go
Cort,Tas2r120,,ppi_lr_go
Cort,Tas2r135,,ppi_lr_go
Cort,Gpr17,,ppi_lr_go
Cort,Gpr18,,ppi_lr_go
Cort,Grm2,,ppi_lr_go
Cort,Grm7,,ppi_lr_go
Cort,Grm3,,ppi_lr_go
Cort,Hcar2,,ppi_lr_go
Cort,Oxgr1,,ppi_lr_go
Cort,S1pr3,,ppi_lr_go
Cort,Gper1,,ppi_lr_go
Cort,P2ry13,,ppi_lr_go
Cort,Sucnr1,,ppi_lr_go
Cort,Hcar1,,ppi_lr_go
Cort,Lpar5,,ppi_lr_go
Cort,S1pr5,,ppi_lr_go
Cort,P2ry12,,ppi_lr_go
Cort,Tas2r118,,ppi_lr_go
Cort,Tas2r140,,ppi_lr_go
Cort,Tas2r121,,ppi_lr_go
Cort,Tas2r114,,ppi_lr_go
Cort,Tas2r130,,ppi_lr_go
Cort,Tas2r108,,ppi_lr_go
Cort,Tas2r137,,ppi_lr_go
Cort,Tas2r119,,ppi_lr_go
Cort,Gabbr1,,ppi_lr_go
Cort,Lpar3,,ppi_lr_go
Cort,Gpr55,,ppi_lr_go
Tnfrsf11b,Tnfrsf11a,,ppi_lr_go
Ccl21a,Grm6,,ppi_lr_go
Ccl21a,Gabbr2,,ppi_lr_go
Ccl21a,S1pr2,,ppi_lr_go
Ccl21a,S1pr4,,ppi_lr_go
Ccl21a,Chrm2,,ppi_lr_go
Ccl21a,Chrm4,,ppi_lr_go
Ccl21a,Adra2a,,ppi_lr_go
Ccl21a,Adora3,,ppi_lr_go
Ccl21a,Drd2,,ppi_lr_go
Ccl21a,Adra2b,,ppi_lr_go
Ccl21a,Adra2c,,ppi_lr_go
Ccl21a,S1pr1,,ppi_lr_go
Ccl21a,Cnr1,,ppi_lr_go
Ccl21a,Drd4,,ppi_lr_go
Ccl21a,Adora1,,ppi_lr_go
Ccl21a,Cnr2,,ppi_lr_go
Ccl21a,Drd3,,ppi_lr_go
Ccl21a,Casr,,ppi_lr_go
Ccl21a,Ptger3,,ppi_lr_go
Ccl21a,P2ry4,,ppi_lr_go
Ccl21a,Tas2r138,,ppi_lr_go
Ccl21a,Tas2r139,,ppi_lr_go
Ccl21a,Tas2r144,,ppi_lr_go
Ccl21a,Tas2r126,,ppi_lr_go
Ccl21a,Tas2r136,,ppi_lr_go
Ccl21a,Tas2r120,,ppi_lr_go
Ccl21a,Tas2r135,,ppi_lr_go
Ccl21a,Gpr17,,ppi_lr_go
Ccl21a,Gpr18,,ppi_lr_go
Ccl21a,Grm2,,ppi_lr_go
Ccl21a,Grm7,,ppi_lr_go
Ccl21a,Grm3,,ppi_lr_go
Ccl21a,Hcar2,,ppi_lr_go
Ccl21a,Oxgr1,,ppi_lr_go
Ccl21a,S1pr3,,ppi_lr_go
Ccl21a,Gper1,,ppi_lr_go
Ccl21a,P2ry13,,ppi_lr_go
Ccl21a,Sucnr1,,ppi_lr_go
Ccl21a,Hcar1,,ppi_lr_go
Ccl21a,Lpar5,,ppi_lr_go
Ccl21a,S1pr5,,ppi_lr_go
Ccl21a,P2ry12,,ppi_lr_go
Ccl21a,Tas2r118,,ppi_lr_go
Ccl21a,Tas2r140,,ppi_lr_go
Ccl21a,Tas2r121,,ppi_lr_go
Ccl21a,Tas2r114,,ppi_lr_go
Ccl21a,Tas2r130,,ppi_lr_go
Ccl21a,Tas2r108,,ppi_lr_go
Ccl21a,Tas2r137,,ppi_lr_go
Ccl21a,Tas2r119,,ppi_lr_go
Ccl21a,Gabbr1,,ppi_lr_go
Ccl21a,Lpar3,,ppi_lr_go
Ccl21a,Gpr55,,ppi_lr_go
Mstn,Acvr1c,,ppi_lr_go
Wnt9a,Ptk7,,ppi_lr_go
Npff,Ffar2,,ppi_lr_go
Npff,Chrm5,,ppi_lr_go
Npff,Chrm1,,ppi_lr_go
Npff,Chrm3,,ppi_lr_go
Npff,Tbxa2r,,ppi_lr_go
Npff,Adra1d,,ppi_lr_go
Npff,Ptafr,,ppi_lr_go
Npff,Ptger1,,ppi_lr_go
Npff,Adra1a,,ppi_lr_go
Npff,Adra1b,,ppi_lr_go
Npff,Casr,,ppi_lr_go
Npff,P2ry2,,ppi_lr_go
Npff,Grm5,,ppi_lr_go
Npff,Ptgfr,,ppi_lr_go
Npff,Lpar6,,ppi_lr_go
Npff,Gpr4,,ppi_lr_go
Npff,P2ry1,,ppi_lr_go
Npff,Grm1,,ppi_lr_go
Npff,Gpr17,,ppi_lr_go
Npff,P2ry6,,ppi_lr_go
Npff,Ltb4r1,,ppi_lr_go
Npff,Gpr68,,ppi_lr_go
Npff,Gprc6a,,ppi_lr_go
Npff,Gpr65,,ppi_lr_go
Npff,Lpar5,,ppi_lr_go
Npff,Ltb4r2,,ppi_lr_go
Npff,Cysltr2,,ppi_lr_go
Npff,Lpar3,,ppi_lr_go
Npff,Opn4,,ppi_lr_go
Npff,Gpr132,,ppi_lr_go
Npff,Cysltr1,,ppi_lr_go
Ccl25,Gabbr2,,ppi_lr_go
Ccl25,S1pr2,,ppi_lr_go
Ccl25,S1pr4,,ppi_lr_go
Ccl25,Chrm2,,ppi_lr_go
Ccl25,Chrm4,,ppi_lr_go
Ccl25,Adra2a,,ppi_lr_go
Ccl25,Adora3,,ppi_lr_go
Ccl25,Drd2,,ppi_lr_go
Ccl25,Adra2b,,ppi_lr_go
Ccl25,Adra2c,,ppi_lr_go
Ccl25,S1pr1,,ppi_lr_go
Ccl25,Cnr1,,ppi_lr_go
Ccl25,Drd4,,ppi_lr_go
Ccl25,Adora1,,ppi_lr_go
Ccl25,Cnr2,,ppi_lr_go
Ccl25,Drd3,,ppi_lr_go
Ccl25,Casr,,ppi_lr_go
Ccl25,Ptger3,,ppi_lr_go
Ccl25,P2ry4,,ppi_lr_go
Ccl25,Tas2r138,,ppi_lr_go
Ccl25,Tas2r139,,ppi_lr_go
Ccl25,Tas2r144,,ppi_lr_go
Ccl25,Tas2r126,,ppi_lr_go
Ccl25,Tas2r136,,ppi_lr_go
Ccl25,Tas2r120,,ppi_lr_go
Ccl25,Tas2r135,,ppi_lr_go
Ccl25,Gpr17,,ppi_lr_go
Ccl25,Gpr18,,ppi_lr_go
Ccl25,Grm2,,ppi_lr_go
Ccl25,Grm7,,ppi_lr_go
Ccl25,Grm3,,ppi_lr_go
Ccl25,Hcar2,,ppi_lr_go
Ccl25,Oxgr1,,ppi_lr_go
Ccl25,S1pr3,,ppi_lr_go
Ccl25,Gper1,,ppi_lr_go
Ccl25,P2ry13,,ppi_lr_go
Ccl25,Sucnr1,,ppi_lr_go
Ccl25,Hcar1,,ppi_lr_go
Ccl25,Lpar5,,ppi_lr_go
Ccl25,S1pr5,,ppi_lr_go
Ccl25,P2ry12,,ppi_lr_go
Ccl25,Tas2r118,,ppi_lr_go
Ccl25,Tas2r140,,ppi_lr_go
Ccl25,Tas2r121,,ppi_lr_go
Ccl25,Tas2r114,,ppi_lr_go
Ccl25,Tas2r130,,ppi_lr_go
Ccl25,Tas2r108,,ppi_lr_go
Ccl25,Tas2r137,,ppi_lr_go
Ccl25,Tas2r119,,ppi_lr_go
Ccl25,Gabbr1,,ppi_lr_go
Ccl25,Lpar3,,ppi_lr_go
Ccl25,Gpr55,,ppi_lr_go
Flrt2,Fgfr1,,ppi_lr_go
Hcrt,H2-Aa,,ppi_lr_go
Hcrt,H2-Ab1,,ppi_lr_go
Hcrt,Chrm5,,ppi_lr_go
Hcrt,Chrm1,,ppi_lr_go
Hcrt,Chrm3,,ppi_lr_go
Hcrt,Tbxa2r,,ppi_lr_go
Hcrt,Adra1d,,ppi_lr_go
Hcrt,Ptafr,,ppi_lr_go
Hcrt,Ptger1,,ppi_lr_go
Hcrt,Adra1a,,ppi_lr_go
Hcrt,Adra1b,,ppi_lr_go
Hcrt,Casr,,ppi_lr_go
Hcrt,P2ry2,,ppi_lr_go
Hcrt,Grm5,,ppi_lr_go
Hcrt,Ptgfr,,ppi_lr_go
Hcrt,Lpar6,,ppi_lr_go
Hcrt,Gpr4,,ppi_lr_go
Hcrt,P2ry1,,ppi_lr_go
Hcrt,Grm1,,ppi_lr_go
Hcrt,Gpr17,,ppi_lr_go
Hcrt,P2ry6,,ppi_lr_go
Hcrt,Ltb4r1,,ppi_lr_go
Hcrt,Gpr68,,ppi_lr_go
Hcrt,Gprc6a,,ppi_lr_go
Hcrt,Gpr65,,ppi_lr_go
Hcrt,Lpar5,,ppi_lr_go
Hcrt,Ltb4r2,,ppi_lr_go
Hcrt,Cysltr2,,ppi_lr_go
Hcrt,Lpar3,,ppi_lr_go
Hcrt,Opn4,,ppi_lr_go
Hcrt,Gpr132,,ppi_lr_go
Hcrt,Cysltr1,,ppi_lr_go
Cxcl13,Gabbr2,,ppi_lr_go
Cxcl13,S1pr2,,ppi_lr_go
Cxcl13,S1pr4,,ppi_lr_go
Cxcl13,Chrm2,,ppi_lr_go
Cxcl13,Chrm4,,ppi_lr_go
Cxcl13,Adra2a,,ppi_lr_go
Cxcl13,Adora3,,ppi_lr_go
Cxcl13,Drd2,,ppi_lr_go
Cxcl13,Adra2b,,ppi_lr_go
Cxcl13,Adra2c,,ppi_lr_go
Cxcl13,S1pr1,,ppi_lr_go
Cxcl13,Cnr1,,ppi_lr_go
Cxcl13,Drd4,,ppi_lr_go
Cxcl13,Adora1,,ppi_lr_go
Cxcl13,Cnr2,,ppi_lr_go
Cxcl13,Drd3,,ppi_lr_go
Cxcl13,Casr,,ppi_lr_go
Cxcl13,Ptger3,,ppi_lr_go
Cxcl13,P2ry4,,ppi_lr_go
Cxcl13,Tas2r138,,ppi_lr_go
Cxcl13,Tas2r139,,ppi_lr_go
Cxcl13,Tas2r144,,ppi_lr_go
Cxcl13,Tas2r126,,ppi_lr_go
Cxcl13,Tas2r136,,ppi_lr_go
Cxcl13,Tas2r120,,ppi_lr_go
Cxcl13,Tas2r135,,ppi_lr_go
Cxcl13,Gpr17,,ppi_lr_go
Cxcl13,Gpr18,,ppi_lr_go
Cxcl13,Grm2,,ppi_lr_go
Cxcl13,Grm7,,ppi_lr_go
Cxcl13,Grm3,,ppi_lr_go
Cxcl13,Hcar2,,ppi_lr_go
Cxcl13,Oxgr1,,ppi_lr_go
Cxcl13,S1pr3,,ppi_lr_go
Cxcl13,Gper1,,ppi_lr_go
Cxcl13,P2ry13,,ppi_lr_go
Cxcl13,Sucnr1,,ppi_lr_go
Cxcl13,Hcar1,,ppi_lr_go
Cxcl13,Lpar5,,ppi_lr_go
Cxcl13,S1pr5,,ppi_lr_go
Cxcl13,P2ry12,,ppi_lr_go
Cxcl13,Tas2r118,,ppi_lr_go
Cxcl13,Tas2r140,,ppi_lr_go
Cxcl13,Tas2r121,,ppi_lr_go
Cxcl13,Tas2r114,,ppi_lr_go
Cxcl13,Tas2r130,,ppi_lr_go
Cxcl13,Tas2r108,,ppi_lr_go
Cxcl13,Tas2r137,,ppi_lr_go
Cxcl13,Tas2r119,,ppi_lr_go
Cxcl13,Gabbr1,,ppi_lr_go
Cxcl13,Lpar3,,ppi_lr_go
Cxcl13,Gpr55,,ppi_lr_go
Grem1,Flt1,,ppi_lr_go
Lefty1,Acvr1c,,ppi_lr_go
Gdf11,Antxr1,,ppi_lr_go
Uts2,Chrm5,,ppi_lr_go
Uts2,Chrm1,,ppi_lr_go
Uts2,Chrm3,,ppi_lr_go
Uts2,Tbxa2r,,ppi_lr_go
Uts2,Adra1d,,ppi_lr_go
Uts2,Ptafr,,ppi_lr_go
Uts2,Ptger1,,ppi_lr_go
Uts2,Adra1a,,ppi_lr_go
Uts2,Adra1b,,ppi_lr_go
Uts2,Casr,,ppi_lr_go
Uts2,P2ry2,,ppi_lr_go
Uts2,Grm5,,ppi_lr_go
Uts2,Ptgfr,,ppi_lr_go
Uts2,Lpar6,,ppi_lr_go
Uts2,Gpr4,,ppi_lr_go
Uts2,P2ry1,,ppi_lr_go
Uts2,Grm1,,ppi_lr_go
Uts2,Gpr17,,ppi_lr_go
Uts2,P2ry6,,ppi_lr_go
Uts2,Ltb4r1,,ppi_lr_go
Uts2,Gpr68,,ppi_lr_go
Uts2,Gprc6a,,ppi_lr_go
Uts2,Gpr65,,ppi_lr_go
Uts2,Lpar5,,ppi_lr_go
Uts2,Ltb4r2,,ppi_lr_go
Uts2,Cysltr2,,ppi_lr_go
Uts2,Lpar3,,ppi_lr_go
Uts2,Opn4,,ppi_lr_go
Uts2,Gpr132,,ppi_lr_go
Uts2,Cysltr1,,ppi_lr_go
Il33,Il1r1,,ppi_lr_go
F2,Vtn,,ppi_lr_go
F2,Chrm5,,ppi_lr_go
F2,Chrm1,,ppi_lr_go
F2,Chrm3,,ppi_lr_go
F2,Tbxa2r,,ppi_lr_go
F2,Adra1d,,ppi_lr_go
F2,Ptafr,,ppi_lr_go
F2,Ptger1,,ppi_lr_go
F2,Adra1a,,ppi_lr_go
F2,Adra1b,,ppi_lr_go
F2,Casr,,ppi_lr_go
F2,P2ry2,,ppi_lr_go
F2,Grm5,,ppi_lr_go
F2,Ptgfr,,ppi_lr_go
F2,Lpar6,,ppi_lr_go
F2,Gpr4,,ppi_lr_go
F2,P2ry1,,ppi_lr_go
F2,Grm1,,ppi_lr_go
F2,Gpr17,,ppi_lr_go
F2,P2ry6,,ppi_lr_go
F2,Ltb4r1,,ppi_lr_go
F2,Gpr68,,ppi_lr_go
F2,Gprc6a,,ppi_lr_go
F2,Gpr65,,ppi_lr_go
F2,Lpar5,,ppi_lr_go
F2,Ltb4r2,,ppi_lr_go
F2,Cysltr2,,ppi_lr_go
F2,Lpar3,,ppi_lr_go
F2,Opn4,,ppi_lr_go
F2,Gpr132,,ppi_lr_go
F2,Cysltr1,,ppi_lr_go
Agt,Chrm2,,ppi_lr_go
Agt,Chrm4,,ppi_lr_go
Agt,Chrm5,,ppi_lr_go
Agt,Adra2a,,ppi_lr_go
Agt,Adora3,,ppi_lr_go
Agt,Chrm1,,ppi_lr_go
Agt,Drd2,,ppi_lr_go
Agt,Anpep,,ppi_lr_go
Agt,Adra2b,,ppi_lr_go
Agt,Adra2c,,ppi_lr_go
Agt,Chrm3,,ppi_lr_go
Agt,S1pr1,,ppi_lr_go
Agt,Cnr1,,ppi_lr_go
Agt,Tbxa2r,,ppi_lr_go
Agt,Drd4,,ppi_lr_go
Agt,Adra1d,,ppi_lr_go
Agt,Ptafr,,ppi_lr_go
Agt,Adora1,,ppi_lr_go
Agt,Cnr2,,ppi_lr_go
Agt,Ptger1,,ppi_lr_go
Agt,Adra1a,,ppi_lr_go
Agt,Adra1b,,ppi_lr_go
Agt,Drd3,,ppi_lr_go
Agt,Casr,,ppi_lr_go
Agt,P2ry2,,ppi_lr_go
Agt,Grm5,,ppi_lr_go
Agt,Ptgfr,,ppi_lr_go
Agt,Ptger3,,ppi_lr_go
Agt,Lpar6,,ppi_lr_go
Agt,Gpr4,,ppi_lr_go
Agt,P2ry1,,ppi_lr_go
Agt,P2ry4,,ppi_lr_go
Agt,Tas2r138,,ppi_lr_go
Agt,Tas2r139,,ppi_lr_go
Agt,Tas2r144,,ppi_lr_go
Agt,Tas2r126,,ppi_lr_go
Agt,Tas2r136,,ppi_lr_go
Agt,Tas2r120,,ppi_lr_go
Agt,Tas2r135,,ppi_lr_go
Agt,Grm1,,ppi_lr_go
Agt,Gpr17,,ppi_lr_go
Agt,Gpr18,,ppi_lr_go
Agt,Grm2,,ppi_lr_go
Agt,Grm7,,ppi_lr_go
Agt,Grm3,,ppi_lr_go
Agt,P2ry6,,ppi_lr_go
Agt,Ltb4r1,,ppi_lr_go
Agt,Gpr68,,ppi_lr_go
Agt,Gprc6a,,ppi_lr_go
Agt,Gpr65,,ppi_lr_go
Agt,Hcar2,,ppi_lr_go
Agt,Oxgr1,,ppi_lr_go
Agt,S1pr3,,ppi_lr_go
Agt,Gper1,,ppi_lr_go
Agt,P2ry13,,ppi_lr_go
Agt,Sucnr1,,ppi_lr_go
Agt,Hcar1,,ppi_lr_go
Agt,Lpar5,,ppi_lr_go
Agt,S1pr5,,ppi_lr_go
Agt,P2ry12,,ppi_lr_go
Agt,Ltb4r2,,ppi_lr_go
Agt,Cysltr2,,ppi_lr_go
Agt,Tas2r118,,ppi_lr_go
Agt,Tas2r140,,ppi_lr_go
Agt,Tas2r121,,ppi_lr_go
Agt,Tas2r114,,ppi_lr_go
Agt,Tas2r130,,ppi_lr_go
Agt,Tas2r108,,ppi_lr_go
Agt,Tas2r137,,ppi_lr_go
Agt,Tas2r119,,ppi_lr_go
Agt,Gabbr1,,ppi_lr_go
Agt,Lpar3,,ppi_lr_go
Agt,Opn4,,ppi_lr_go
Agt,Gpr132,,ppi_lr_go
Agt,Cysltr1,,ppi_lr_go
Agt,Gpr55,,ppi_lr_go
Hc,Vtn,,ppi_lr_go
Hc,Chrm2,,ppi_lr_go
Hc,Chrm4,,ppi_lr_go
Hc,Adra2a,,ppi_lr_go
Hc,Adora3,,ppi_lr_go
Hc,Drd2,,ppi_lr_go
Hc,Adra2b,,ppi_lr_go
Hc,Adra2c,,ppi_lr_go
Hc,S1pr1,,ppi_lr_go
Hc,Cnr1,,ppi_lr_go
Hc,Drd4,,ppi_lr_go
Hc,Adora1,,ppi_lr_go
Hc,Cnr2,,ppi_lr_go
Hc,Drd3,,ppi_lr_go
Hc,Casr,,ppi_lr_go
Hc,Ptger3,,ppi_lr_go
Hc,P2ry4,,ppi_lr_go
Hc,Tas2r138,,ppi_lr_go
Hc,Tas2r139,,ppi_lr_go
Hc,Tas2r144,,ppi_lr_go
Hc,Tas2r126,,ppi_lr_go
Hc,Tas2r136,,ppi_lr_go
Hc,Tas2r120,,ppi_lr_go
Hc,Tas2r135,,ppi_lr_go
Hc,Gpr17,,ppi_lr_go
Hc,Gpr18,,ppi_lr_go
Hc,Grm2,,ppi_lr_go
Hc,Grm7,,ppi_lr_go
Hc,Grm3,,ppi_lr_go
Hc,Hcar2,,ppi_lr_go
Hc,Oxgr1,,ppi_lr_go
Hc,S1pr3,,ppi_lr_go
Hc,Gper1,,ppi_lr_go
Hc,P2ry13,,ppi_lr_go
Hc,Sucnr1,,ppi_lr_go
Hc,Hcar1,,ppi_lr_go
Hc,Lpar5,,ppi_lr_go
Hc,S1pr5,,ppi_lr_go
Hc,P2ry12,,ppi_lr_go
Hc,Tas2r118,,ppi_lr_go
Hc,Tas2r140,,ppi_lr_go
Hc,Tas2r121,,ppi_lr_go
Hc,Tas2r114,,ppi_lr_go
Hc,Tas2r130,,ppi_lr_go
Hc,Tas2r108,,ppi_lr_go
Hc,Tas2r137,,ppi_lr_go
Hc,Tas2r119,,ppi_lr_go
Hc,Gabbr1,,ppi_lr_go
Hc,Lpar3,,ppi_lr_go
Hc,Gpr55,,ppi_lr_go
Egf,Cd3d,,ppi_lr_go
Egf,Adrb2,,ppi_lr_go
Egf,Chrm2,,ppi_lr_go
Egf,Cd3g,,ppi_lr_go
Egf,Cftr,,ppi_lr_go
Egf,M6pr,,ppi_lr_go
Egf,Dab2,,ppi_lr_go
Egf,Scarb2,,ppi_lr_go
Tgfa,Folr1,,ppi_lr_go
Tgfa,Gria1,,ppi_lr_go
Tgfb1,Vdr,,ppi_lr_go
Gnrh1,Chrm5,,ppi_lr_go
Gnrh1,Chrm1,,ppi_lr_go
Gnrh1,Chrm3,,ppi_lr_go
Gnrh1,Tbxa2r,,ppi_lr_go
Gnrh1,Adra1d,,ppi_lr_go
Gnrh1,Ptafr,,ppi_lr_go
Gnrh1,Ptger1,,ppi_lr_go
Gnrh1,Adra1a,,ppi_lr_go
Gnrh1,Adra1b,,ppi_lr_go
Gnrh1,Casr,,ppi_lr_go
Gnrh1,P2ry2,,ppi_lr_go
Gnrh1,Grm5,,ppi_lr_go
Gnrh1,Ptgfr,,ppi_lr_go
Gnrh1,Lpar6,,ppi_lr_go
Gnrh1,Gpr4,,ppi_lr_go
Gnrh1,P2ry1,,ppi_lr_go
Gnrh1,Grm1,,ppi_lr_go
Gnrh1,Gpr17,,ppi_lr_go
Gnrh1,P2ry6,,ppi_lr_go
Gnrh1,Ltb4r1,,ppi_lr_go
Gnrh1,Gpr68,,ppi_lr_go
Gnrh1,Gprc6a,,ppi_lr_go
Gnrh1,Gpr65,,ppi_lr_go
Gnrh1,Lpar5,,ppi_lr_go
Gnrh1,Ltb4r2,,ppi_lr_go
Gnrh1,Cysltr2,,ppi_lr_go
Gnrh1,Lpar3,,ppi_lr_go
Gnrh1,Opn4,,ppi_lr_go
Gnrh1,Gpr132,,ppi_lr_go
Gnrh1,Cysltr1,,ppi_lr_go
Nppa,Corin,,ppi_lr_go
Oxt,Chrm5,,ppi_lr_go
Oxt,Chrm1,,ppi_lr_go
Oxt,Chrm3,,ppi_lr_go
Oxt,Tbxa2r,,ppi_lr_go
Oxt,Adra1d,,ppi_lr_go
Oxt,Ptafr,,ppi_lr_go
Oxt,Ptger1,,ppi_lr_go
Oxt,Adra1a,,ppi_lr_go
Oxt,Adra1b,,ppi_lr_go
Oxt,Casr,,ppi_lr_go
Oxt,P2ry2,,ppi_lr_go
Oxt,Grm5,,ppi_lr_go
Oxt,Ptgfr,,ppi_lr_go
Oxt,Lpar6,,ppi_lr_go
Oxt,Gpr4,,ppi_lr_go
Oxt,P2ry1,,ppi_lr_go
Oxt,Grm1,,ppi_lr_go
Oxt,Gpr17,,ppi_lr_go
Oxt,P2ry6,,ppi_lr_go
Oxt,Ltb4r1,,ppi_lr_go
Oxt,Gpr68,,ppi_lr_go
Oxt,Gprc6a,,ppi_lr_go
Oxt,Gpr65,,ppi_lr_go
Oxt,Lpar5,,ppi_lr_go
Oxt,Ltb4r2,,ppi_lr_go
Oxt,Cysltr2,,ppi_lr_go
Oxt,Lpar3,,ppi_lr_go
Oxt,Opn4,,ppi_lr_go
Oxt,Gpr132,,ppi_lr_go
Oxt,Cysltr1,,ppi_lr_go
Avp,Cd3d,,ppi_lr_go
Avp,Adrb2,,ppi_lr_go
Avp,Chrm2,,ppi_lr_go
Avp,Adrb1,,ppi_lr_go
Avp,Chrm5,,ppi_lr_go
Avp,Cd3g,,ppi_lr_go
Avp,Chrm1,,ppi_lr_go
Avp,Cftr,,ppi_lr_go
Avp,Adrb3,,ppi_lr_go
Avp,Chrm3,,ppi_lr_go
Avp,M6pr,,ppi_lr_go
Avp,Drd1,,ppi_lr_go
Avp,Tbxa2r,,ppi_lr_go
Avp,Drd5,,ppi_lr_go
Avp,Adra1d,,ppi_lr_go
Avp,Ptafr,,ppi_lr_go
Avp,Adora2a,,ppi_lr_go
Avp,Adora2b,,ppi_lr_go
Avp,Ptger1,,ppi_lr_go
Avp,Adra1a,,ppi_lr_go
Avp,Adra1b,,ppi_lr_go
Avp,Ptger4,,ppi_lr_go
Avp,Casr,,ppi_lr_go
Avp,P2ry2,,ppi_lr_go
Avp,Grm5,,ppi_lr_go
Avp,Ptgfr,,ppi_lr_go
Avp,Ptger2,,ppi_lr_go
Avp,Ptgir,,ppi_lr_go
Avp,Lpar6,,ppi_lr_go
Avp,Gpr4,,ppi_lr_go
Avp,P2ry1,,ppi_lr_go
Avp,Gpr15,,ppi_lr_go
Avp,Dab2,,ppi_lr_go
Avp,Grm1,,ppi_lr_go
Avp,Ptgdr,,ppi_lr_go
Avp,Gpr17,,ppi_lr_go
Avp,Scarb2,,ppi_lr_go
Avp,Gpr176,,ppi_lr_go
Avp,P2ry6,,ppi_lr_go
Avp,Ltb4r1,,ppi_lr_go
Avp,Gpr68,,ppi_lr_go
Avp,Gprc6a,,ppi_lr_go
Avp,Gpr65,,ppi_lr_go
Avp,Gpr150,,ppi_lr_go
Avp,Gpbar1,,ppi_lr_go
Avp,Taar1,,ppi_lr_go
Avp,Gpr20,,ppi_lr_go
Avp,Lpar5,,ppi_lr_go
Avp,Ltb4r2,,ppi_lr_go
Avp,Gpr84,,ppi_lr_go
Avp,Gpr27,,ppi_lr_go
Avp,Cysltr2,,ppi_lr_go
Avp,Gpr83,,ppi_lr_go
Avp,Lpar3,,ppi_lr_go
Avp,Opn4,,ppi_lr_go
Avp,Gpr132,,ppi_lr_go
Avp,Cysltr1,,ppi_lr_go
Avp,Gpr45,,ppi_lr_go
Pomc,Adrb2,,ppi_lr_go
Pomc,Chrm2,,ppi_lr_go
Pomc,Chrm4,,ppi_lr_go
Pomc,Adrb1,,ppi_lr_go
Pomc,Adra2a,,ppi_lr_go
Pomc,Adora3,,ppi_lr_go
Pomc,Adrb3,,ppi_lr_go
Pomc,Drd2,,ppi_lr_go
Pomc,Adra2b,,ppi_lr_go
Pomc,Adra2c,,ppi_lr_go
Pomc,Gnat2,,ppi_lr_go
Pomc,S1pr1,,ppi_lr_go
Pomc,Cnr1,,ppi_lr_go
Pomc,Drd1,,ppi_lr_go
Pomc,Drd4,,ppi_lr_go
Pomc,Drd5,,ppi_lr_go
Pomc,Adora2a,,ppi_lr_go
Pomc,Adora2b,,ppi_lr_go
Pomc,Adora1,,ppi_lr_go
Pomc,Cnr2,,ppi_lr_go
Pomc,Ptger4,,ppi_lr_go
Pomc,Drd3,,ppi_lr_go
Pomc,Casr,,ppi_lr_go
Pomc,Ptger3,,ppi_lr_go
Pomc,Ptger2,,ppi_lr_go
Pomc,Ptgir,,ppi_lr_go
Pomc,Gpr15,,ppi_lr_go
Pomc,P2ry4,,ppi_lr_go
Pomc,Tas2r138,,ppi_lr_go
Pomc,Tas2r139,,ppi_lr_go
Pomc,Tas2r144,,ppi_lr_go
Pomc,Tas2r126,,ppi_lr_go
Pomc,Tas2r136,,ppi_lr_go
Pomc,Tas2r120,,ppi_lr_go
Pomc,Tas2r135,,ppi_lr_go
Pomc,Ptgdr,,ppi_lr_go
Pomc,Gpr17,,ppi_lr_go
Pomc,Gpr18,,ppi_lr_go
Pomc,Grm2,,ppi_lr_go
Pomc,Gpr176,,ppi_lr_go
Pomc,Grm7,,ppi_lr_go
Pomc,Grm3,,ppi_lr_go
Pomc,Gpr150,,ppi_lr_go
Pomc,Hcar2,,ppi_lr_go
Pomc,Gpbar1,,ppi_lr_go
Pomc,Oxgr1,,ppi_lr_go
Pomc,Taar1,,ppi_lr_go
Pomc,S1pr3,,ppi_lr_go
Pomc,Gper1,,ppi_lr_go
Pomc,Gpr20,,ppi_lr_go
Pomc,P2ry13,,ppi_lr_go
Pomc,Sucnr1,,ppi_lr_go
Pomc,Hcar1,,ppi_lr_go
Pomc,Lpar5,,ppi_lr_go
Pomc,S1pr5,,ppi_lr_go
Pomc,P2ry12,,ppi_lr_go
Pomc,Gpr84,,ppi_lr_go
Pomc,Gpr27,,ppi_lr_go
Pomc,Gpr83,,ppi_lr_go
Pomc,Tas2r118,,ppi_lr_go
Pomc,Tas2r140,,ppi_lr_go
Pomc,Tas2r121,,ppi_lr_go
Pomc,Tas2r114,,ppi_lr_go
Pomc,Tas2r130,,ppi_lr_go
Pomc,Tas2r108,,ppi_lr_go
Pomc,Tas2r137,,ppi_lr_go
Pomc,Tas2r119,,ppi_lr_go
Pomc,Gabbr1,,ppi_lr_go
Pomc,Lpar3,,ppi_lr_go
Pomc,Gpr55,,ppi_lr_go
Pomc,Gpr45,,ppi_lr_go
Penk,Chrm2,,ppi_lr_go
Penk,Chrm4,,ppi_lr_go
Penk,Adora3,,ppi_lr_go
Penk,Drd2,,ppi_lr_go
Penk,Adra2b,,ppi_lr_go
Penk,Adra2c,,ppi_lr_go
Penk,S1pr1,,ppi_lr_go
Penk,Cnr1,,ppi_lr_go
Penk,Drd4,,ppi_lr_go
Penk,Adora1,,ppi_lr_go
Penk,Cnr2,,ppi_lr_go
Penk,Drd3,,ppi_lr_go
Penk,Casr,,ppi_lr_go
Penk,Ptger3,,ppi_lr_go
Penk,P2ry4,,ppi_lr_go
Penk,Tas2r138,,ppi_lr_go
Penk,Tas2r139,,ppi_lr_go
Penk,Tas2r144,,ppi_lr_go
Penk,Tas2r126,,ppi_lr_go
Penk,Tas2r136,,ppi_lr_go
Penk,Tas2r120,,ppi_lr_go
Penk,Tas2r135,,ppi_lr_go
Penk,Gpr17,,ppi_lr_go
Penk,Gpr18,,ppi_lr_go
Penk,Grm2,,ppi_lr_go
Penk,Grm3,,ppi_lr_go
Penk,Hcar2,,ppi_lr_go
Penk,Oxgr1,,ppi_lr_go
Penk,S1pr3,,ppi_lr_go
Penk,Gper1,,ppi_lr_go
Penk,P2ry13,,ppi_lr_go
Penk,Sucnr1,,ppi_lr_go
Penk,Hcar1,,ppi_lr_go
Penk,Lpar5,,ppi_lr_go
Penk,S1pr5,,ppi_lr_go
Penk,P2ry12,,ppi_lr_go
Penk,Tas2r118,,ppi_lr_go
Penk,Tas2r140,,ppi_lr_go
Penk,Tas2r121,,ppi_lr_go
Penk,Tas2r114,,ppi_lr_go
Penk,Tas2r130,,ppi_lr_go
Penk,Tas2r108,,ppi_lr_go
Penk,Tas2r137,,ppi_lr_go
Penk,Tas2r119,,ppi_lr_go
Penk,Gabbr1,,ppi_lr_go
Penk,Lpar3,,ppi_lr_go
Penk,Gpr55,,ppi_lr_go
Pdyn,Chrm2,,ppi_lr_go
Pdyn,Chrm4,,ppi_lr_go
Pdyn,Adra2a,,ppi_lr_go
Pdyn,Adora3,,ppi_lr_go
Pdyn,Drd2,,ppi_lr_go
Pdyn,Adra2b,,ppi_lr_go
Pdyn,Adra2c,,ppi_lr_go
Pdyn,Gnat2,,ppi_lr_go
Pdyn,S1pr1,,ppi_lr_go
Pdyn,Cnr1,,ppi_lr_go
Pdyn,Drd4,,ppi_lr_go
Pdyn,Adora1,,ppi_lr_go
Pdyn,Cnr2,,ppi_lr_go
Pdyn,Drd3,,ppi_lr_go
Pdyn,Casr,,ppi_lr_go
Pdyn,Ptger3,,ppi_lr_go
Pdyn,P2ry4,,ppi_lr_go
Pdyn,Tas2r138,,ppi_lr_go
Pdyn,Tas2r139,,ppi_lr_go
Pdyn,Tas2r144,,ppi_lr_go
Pdyn,Tas2r126,,ppi_lr_go
Pdyn,Tas2r136,,ppi_lr_go
Pdyn,Tas2r120,,ppi_lr_go
Pdyn,Tas2r135,,ppi_lr_go
Pdyn,Gpr17,,ppi_lr_go
Pdyn,Gpr18,,ppi_lr_go
Pdyn,Grm2,,ppi_lr_go
Pdyn,Grm7,,ppi_lr_go
Pdyn,Grm3,,ppi_lr_go
Pdyn,Hcar2,,ppi_lr_go
Pdyn,Oxgr1,,ppi_lr_go
Pdyn,S1pr3,,ppi_lr_go
Pdyn,Gper1,,ppi_lr_go
Pdyn,P2ry13,,ppi_lr_go
Pdyn,Sucnr1,,ppi_lr_go
Pdyn,Hcar1,,ppi_lr_go
Pdyn,Lpar5,,ppi_lr_go
Pdyn,S1pr5,,ppi_lr_go
Pdyn,P2ry12,,ppi_lr_go
Pdyn,Tas2r118,,ppi_lr_go
Pdyn,Tas2r140,,ppi_lr_go
Pdyn,Tas2r121,,ppi_lr_go
Pdyn,Tas2r114,,ppi_lr_go
Pdyn,Tas2r130,,ppi_lr_go
Pdyn,Tas2r108,,ppi_lr_go
Pdyn,Tas2r137,,ppi_lr_go
Pdyn,Tas2r119,,ppi_lr_go
Pdyn,Gabbr1,,ppi_lr_go
Pdyn,Lpar3,,ppi_lr_go
Pdyn,Gpr55,,ppi_lr_go
Cga,Adrb1,,ppi_lr_go
Cga,Drd1,,ppi_lr_go
Cga,Drd5,,ppi_lr_go
Cga,Adora2a,,ppi_lr_go
Cga,Adora2b,,ppi_lr_go
Cga,Ptger4,,ppi_lr_go
Cga,Ptger2,,ppi_lr_go
Cga,Ptgir,,ppi_lr_go
Cga,Gpr15,,ppi_lr_go
Cga,Ptgdr,,ppi_lr_go
Cga,Gpr176,,ppi_lr_go
Cga,Gpr150,,ppi_lr_go
Cga,Gpbar1,,ppi_lr_go
Cga,Taar1,,ppi_lr_go
Cga,Gpr27,,ppi_lr_go
Cga,Gpr83,,ppi_lr_go
Cga,Gpr45,,ppi_lr_go
Tshb,Adrb1,,ppi_lr_go
Tshb,Drd1,,ppi_lr_go
Tshb,Drd5,,ppi_lr_go
Tshb,Adora2a,,ppi_lr_go
Tshb,Adora2b,,ppi_lr_go
Tshb,Ptger4,,ppi_lr_go
Tshb,Ptger2,,ppi_lr_go
Tshb,Ptgir,,ppi_lr_go
Tshb,Gpr15,,ppi_lr_go
Tshb,Ptgdr,,ppi_lr_go
Tshb,Gpr176,,ppi_lr_go
Tshb,Gpr150,,ppi_lr_go
Tshb,Gpbar1,,ppi_lr_go
Tshb,Taar1,,ppi_lr_go
Tshb,Gpr27,,ppi_lr_go
Tshb,Gpr83,,ppi_lr_go
Tshb,Gpr45,,ppi_lr_go
Fshb,Adrb1,,ppi_lr_go
Fshb,Drd1,,ppi_lr_go
Fshb,Drd5,,ppi_lr_go
Fshb,Adora2a,,ppi_lr_go
Fshb,Adora2b,,ppi_lr_go
Fshb,Ptger4,,ppi_lr_go
Fshb,Ptger2,,ppi_lr_go
Fshb,Ptgir,,ppi_lr_go
Fshb,Gpr15,,ppi_lr_go
Fshb,Ptgdr,,ppi_lr_go
Fshb,Gpr176,,ppi_lr_go
Fshb,Gpr150,,ppi_lr_go
Fshb,Gpbar1,,ppi_lr_go
Fshb,Taar1,,ppi_lr_go
Fshb,Gpr27,,ppi_lr_go
Fshb,Gpr83,,ppi_lr_go
Fshb,Gpr45,,ppi_lr_go
Lhb,Adrb1,,ppi_lr_go
Lhb,Drd1,,ppi_lr_go
Lhb,Drd5,,ppi_lr_go
Lhb,Adora2a,,ppi_lr_go
Lhb,Adora2b,,ppi_lr_go
Lhb,Ptger4,,ppi_lr_go
Lhb,Ptger2,,ppi_lr_go
Lhb,Ptgir,,ppi_lr_go
Lhb,Gpr15,,ppi_lr_go
Lhb,Ptgdr,,ppi_lr_go
Lhb,Gpr176,,ppi_lr_go
Lhb,Gpr150,,ppi_lr_go
Lhb,Gpbar1,,ppi_lr_go
Lhb,Taar1,,ppi_lr_go
Lhb,Gpr27,,ppi_lr_go
Lhb,Gpr83,,ppi_lr_go
Lhb,Gpr45,,ppi_lr_go
Prl,Tram1,,ppi_lr_go
Pth,Adrb1,,ppi_lr_go
Pth,Drd1,,ppi_lr_go
Pth,Drd5,,ppi_lr_go
Pth,Adora2a,,ppi_lr_go
Pth,Adora2b,,ppi_lr_go
Pth,Ptger4,,ppi_lr_go
Pth,Ptger2,,ppi_lr_go
Pth,Ptgir,,ppi_lr_go
Pth,Gpr15,,ppi_lr_go
Pth,Ptgdr,,ppi_lr_go
Pth,Gpr176,,ppi_lr_go
Pth,Gpr150,,ppi_lr_go
Pth,Gpbar1,,ppi_lr_go
Pth,Taar1,,ppi_lr_go
Pth,Gpr27,,ppi_lr_go
Pth,Gpr83,,ppi_lr_go
Pth,Gpr45,,ppi_lr_go
Vip,Adrb2,,ppi_lr_go
Vip,Adrb1,,ppi_lr_go
Vip,Adrb3,,ppi_lr_go
Vip,Drd1,,ppi_lr_go
Vip,Drd5,,ppi_lr_go
Vip,Adora2a,,ppi_lr_go
Vip,Adora2b,,ppi_lr_go
Vip,Ptger4,,ppi_lr_go
Vip,Ptger2,,ppi_lr_go
Vip,Ptgir,,ppi_lr_go
Vip,Gpr15,,ppi_lr_go
Vip,Ptgdr,,ppi_lr_go
Vip,Gpr176,,ppi_lr_go
Vip,Gpr150,,ppi_lr_go
Vip,Gpbar1,,ppi_lr_go
Vip,Taar1,,ppi_lr_go
Vip,Gpr20,,ppi_lr_go
Vip,Gpr84,,ppi_lr_go
Vip,Gpr27,,ppi_lr_go
Vip,Gpr83,,ppi_lr_go
Vip,Gpr45,,ppi_lr_go
Ghrh,Adrb1,,ppi_lr_go
Ghrh,Drd1,,ppi_lr_go
Ghrh,Drd5,,ppi_lr_go
Ghrh,Adora2a,,ppi_lr_go
Ghrh,Adora2b,,ppi_lr_go
Ghrh,Ptger4,,ppi_lr_go
Ghrh,Ptger2,,ppi_lr_go
Ghrh,Ptgir,,ppi_lr_go
Ghrh,Gpr15,,ppi_lr_go
Ghrh,Ptgdr,,ppi_lr_go
Ghrh,Gpr176,,ppi_lr_go
Ghrh,Gpr150,,ppi_lr_go
Ghrh,Gpbar1,,ppi_lr_go
Ghrh,Taar1,,ppi_lr_go
Ghrh,Gpr27,,ppi_lr_go
Ghrh,Gpr83,,ppi_lr_go
Ghrh,Gpr45,,ppi_lr_go
Ppy,Chrm2,,ppi_lr_go
Ppy,Chrm4,,ppi_lr_go
Ppy,Adora3,,ppi_lr_go
Ppy,Drd2,,ppi_lr_go
Ppy,Adra2b,,ppi_lr_go
Ppy,Adra2c,,ppi_lr_go
Ppy,S1pr1,,ppi_lr_go
Ppy,Cnr1,,ppi_lr_go
Ppy,Drd4,,ppi_lr_go
Ppy,Adora1,,ppi_lr_go
Ppy,Cnr2,,ppi_lr_go
Ppy,Drd3,,ppi_lr_go
Ppy,Casr,,ppi_lr_go
Ppy,Ptger3,,ppi_lr_go
Ppy,P2ry4,,ppi_lr_go
Ppy,Tas2r138,,ppi_lr_go
Ppy,Tas2r139,,ppi_lr_go
Ppy,Tas2r144,,ppi_lr_go
Ppy,Tas2r126,,ppi_lr_go
Ppy,Tas2r136,,ppi_lr_go
Ppy,Tas2r120,,ppi_lr_go
Ppy,Tas2r135,,ppi_lr_go
Ppy,Gpr17,,ppi_lr_go
Ppy,Gpr18,,ppi_lr_go
Ppy,Grm2,,ppi_lr_go
Ppy,Grm3,,ppi_lr_go
Ppy,Hcar2,,ppi_lr_go
Ppy,Oxgr1,,ppi_lr_go
Ppy,S1pr3,,ppi_lr_go
Ppy,Gper1,,ppi_lr_go
Ppy,P2ry13,,ppi_lr_go
Ppy,Sucnr1,,ppi_lr_go
Ppy,Hcar1,,ppi_lr_go
Ppy,Lpar5,,ppi_lr_go
Ppy,S1pr5,,ppi_lr_go
Ppy,P2ry12,,ppi_lr_go
Ppy,Tas2r118,,ppi_lr_go
Ppy,Tas2r140,,ppi_lr_go
Ppy,Tas2r121,,ppi_lr_go
Ppy,Tas2r114,,ppi_lr_go
Ppy,Tas2r130,,ppi_lr_go
Ppy,Tas2r108,,ppi_lr_go
Ppy,Tas2r137,,ppi_lr_go
Ppy,Tas2r119,,ppi_lr_go
Ppy,Gabbr1,,ppi_lr_go
Ppy,Lpar3,,ppi_lr_go
Ppy,Gpr55,,ppi_lr_go
Npy,Chrm2,,ppi_lr_go
Npy,Chrm4,,ppi_lr_go
Npy,Adra2a,,ppi_lr_go
Npy,Adora3,,ppi_lr_go
Npy,Drd2,,ppi_lr_go
Npy,Adra2b,,ppi_lr_go
Npy,Adra2c,,ppi_lr_go
Npy,S1pr1,,ppi_lr_go
Npy,Cnr1,,ppi_lr_go
Npy,Drd4,,ppi_lr_go
Npy,Adora1,,ppi_lr_go
Npy,Cnr2,,ppi_lr_go
Npy,Drd3,,ppi_lr_go
Npy,Casr,,ppi_lr_go
Npy,Ptger3,,ppi_lr_go
Npy,P2ry4,,ppi_lr_go
Npy,Tas2r138,,ppi_lr_go
Npy,Tas2r139,,ppi_lr_go
Npy,Tas2r144,,ppi_lr_go
Npy,Tas2r126,,ppi_lr_go
Npy,Tas2r136,,ppi_lr_go
Npy,Tas2r120,,ppi_lr_go
Npy,Tas2r135,,ppi_lr_go
Npy,Gpr17,,ppi_lr_go
Npy,Gpr18,,ppi_lr_go
Npy,Grm2,,ppi_lr_go
Npy,Grm7,,ppi_lr_go
Npy,Grm3,,ppi_lr_go
Npy,Hcar2,,ppi_lr_go
Npy,Oxgr1,,ppi_lr_go
Npy,S1pr3,,ppi_lr_go
Npy,Gper1,,ppi_lr_go
Npy,P2ry13,,ppi_lr_go
Npy,Sucnr1,,ppi_lr_go
Npy,Hcar1,,ppi_lr_go
Npy,Lpar5,,ppi_lr_go
Npy,S1pr5,,ppi_lr_go
Npy,P2ry12,,ppi_lr_go
Npy,Tas2r118,,ppi_lr_go
Npy,Tas2r140,,ppi_lr_go
Npy,Tas2r121,,ppi_lr_go
Npy,Tas2r114,,ppi_lr_go
Npy,Tas2r130,,ppi_lr_go
Npy,Tas2r108,,ppi_lr_go
Npy,Tas2r137,,ppi_lr_go
Npy,Tas2r119,,ppi_lr_go
Npy,Gabbr1,,ppi_lr_go
Npy,Lpar3,,ppi_lr_go
Npy,Gpr55,,ppi_lr_go
Ins2,H2-Aa,,ppi_lr_go
Ins2,Folr1,,ppi_lr_go
Gast,Chrm5,,ppi_lr_go
Gast,Chrm1,,ppi_lr_go
Gast,Chrm3,,ppi_lr_go
Gast,Tbxa2r,,ppi_lr_go
Gast,Adra1d,,ppi_lr_go
Gast,Ptafr,,ppi_lr_go
Gast,Ptger1,,ppi_lr_go
Gast,Adra1a,,ppi_lr_go
Gast,Adra1b,,ppi_lr_go
Gast,Casr,,ppi_lr_go
Gast,P2ry2,,ppi_lr_go
Gast,Grm5,,ppi_lr_go
Gast,Ptgfr,,ppi_lr_go
Gast,Lpar6,,ppi_lr_go
Gast,Gpr4,,ppi_lr_go
Gast,P2ry1,,ppi_lr_go
Gast,Grm1,,ppi_lr_go
Gast,Gpr17,,ppi_lr_go
Gast,P2ry6,,ppi_lr_go
Gast,Ltb4r1,,ppi_lr_go
Gast,Gpr68,,ppi_lr_go
Gast,Gprc6a,,ppi_lr_go
Gast,Gpr65,,ppi_lr_go
Gast,Lpar5,,ppi_lr_go
Gast,Ltb4r2,,ppi_lr_go
Gast,Cysltr2,,ppi_lr_go
Gast,Lpar3,,ppi_lr_go
Gast,Opn4,,ppi_lr_go
Gast,Gpr132,,ppi_lr_go
Gast,Cysltr1,,ppi_lr_go
Tnf,Rasa3,,ppi_lr_go
Ifnb1,Ptpn6,,ppi_lr_go
Ifng,Ptpn6,,ppi_lr_go
Il1b,Il1rl1,,ppi_lr_go
Apoa1,Krt1,,ppi_lr_go
Apoa1,Cd36,,ppi_lr_go
Apoa1,Msr1,,ppi_lr_go
Apoa1,Sdc4,,ppi_lr_go
Apoa1,Lrp8,,ppi_lr_go
Apoa1,Abca7,,ppi_lr_go
Apoa1,Gpc6,,ppi_lr_go
Ttr,Stra6,,ppi_lr_go
Pf4,Chrm2,,ppi_lr_go
Pf4,Chrm4,,ppi_lr_go
Pf4,Adra2a,,ppi_lr_go
Pf4,Adora3,,ppi_lr_go
Pf4,Drd2,,ppi_lr_go
Pf4,Adra2b,,ppi_lr_go
Pf4,Adra2c,,ppi_lr_go
Pf4,S1pr1,,ppi_lr_go
Pf4,Cnr1,,ppi_lr_go
Pf4,Drd4,,ppi_lr_go
Pf4,Adora1,,ppi_lr_go
Pf4,Cnr2,,ppi_lr_go
Pf4,Drd3,,ppi_lr_go
Pf4,Casr,,ppi_lr_go
Pf4,Ptger3,,ppi_lr_go
Pf4,P2ry4,,ppi_lr_go
Pf4,Tas2r138,,ppi_lr_go
Pf4,Tas2r139,,ppi_lr_go
Pf4,Tas2r144,,ppi_lr_go
Pf4,Tas2r126,,ppi_lr_go
Pf4,Tas2r136,,ppi_lr_go
Pf4,Tas2r120,,ppi_lr_go
Pf4,Tas2r135,,ppi_lr_go
Pf4,Gpr17,,ppi_lr_go
Pf4,Gpr18,,ppi_lr_go
Pf4,Grm2,,ppi_lr_go
Pf4,Grm7,,ppi_lr_go
Pf4,Grm3,,ppi_lr_go
Pf4,Hcar2,,ppi_lr_go
Pf4,Oxgr1,,ppi_lr_go
Pf4,S1pr3,,ppi_lr_go
Pf4,Gper1,,ppi_lr_go
Pf4,P2ry13,,ppi_lr_go
Pf4,Sucnr1,,ppi_lr_go
Pf4,Hcar1,,ppi_lr_go
Pf4,Lpar5,,ppi_lr_go
Pf4,S1pr5,,ppi_lr_go
Pf4,P2ry12,,ppi_lr_go
Pf4,Tas2r118,,ppi_lr_go
Pf4,Tas2r140,,ppi_lr_go
Pf4,Tas2r121,,ppi_lr_go
Pf4,Tas2r114,,ppi_lr_go
Pf4,Tas2r130,,ppi_lr_go
Pf4,Tas2r108,,ppi_lr_go
Pf4,Tas2r137,,ppi_lr_go
Pf4,Tas2r119,,ppi_lr_go
Pf4,Gabbr1,,ppi_lr_go
Pf4,Lpar3,,ppi_lr_go
Pf4,Gpr55,,ppi_lr_go
Cxcl10,Chrm2,,ppi_lr_go
Cxcl10,Chrm4,,ppi_lr_go
Cxcl10,Adra2a,,ppi_lr_go
Cxcl10,Adora3,,ppi_lr_go
Cxcl10,Drd2,,ppi_lr_go
Cxcl10,Adra2b,,ppi_lr_go
Cxcl10,Adra2c,,ppi_lr_go
Cxcl10,S1pr1,,ppi_lr_go
Cxcl10,Cnr1,,ppi_lr_go
Cxcl10,Drd4,,ppi_lr_go
Cxcl10,Adora1,,ppi_lr_go
Cxcl10,Cnr2,,ppi_lr_go
Cxcl10,Drd3,,ppi_lr_go
Cxcl10,Casr,,ppi_lr_go
Cxcl10,Ptger3,,ppi_lr_go
Cxcl10,P2ry4,,ppi_lr_go
Cxcl10,Tas2r138,,ppi_lr_go
Cxcl10,Tas2r139,,ppi_lr_go
Cxcl10,Tas2r144,,ppi_lr_go
Cxcl10,Tas2r126,,ppi_lr_go
Cxcl10,Tas2r136,,ppi_lr_go
Cxcl10,Tas2r120,,ppi_lr_go
Cxcl10,Tas2r135,,ppi_lr_go
Cxcl10,Gpr17,,ppi_lr_go
Cxcl10,Gpr18,,ppi_lr_go
Cxcl10,Grm2,,ppi_lr_go
Cxcl10,Grm7,,ppi_lr_go
Cxcl10,Grm3,,ppi_lr_go
Cxcl10,Hcar2,,ppi_lr_go
Cxcl10,Oxgr1,,ppi_lr_go
Cxcl10,S1pr3,,ppi_lr_go
Cxcl10,Gper1,,ppi_lr_go
Cxcl10,P2ry13,,ppi_lr_go
Cxcl10,Sucnr1,,ppi_lr_go
Cxcl10,Hcar1,,ppi_lr_go
Cxcl10,Lpar5,,ppi_lr_go
Cxcl10,S1pr5,,ppi_lr_go
Cxcl10,P2ry12,,ppi_lr_go
Cxcl10,Tas2r118,,ppi_lr_go
Cxcl10,Tas2r140,,ppi_lr_go
Cxcl10,Tas2r121,,ppi_lr_go
Cxcl10,Tas2r114,,ppi_lr_go
Cxcl10,Tas2r130,,ppi_lr_go
Cxcl10,Tas2r108,,ppi_lr_go
Cxcl10,Tas2r137,,ppi_lr_go
Cxcl10,Tas2r119,,ppi_lr_go
Cxcl10,Gabbr1,,ppi_lr_go
Cxcl10,Lpar3,,ppi_lr_go
Cxcl10,Gpr55,,ppi_lr_go
Csf2,Ptpn6,,ppi_lr_go
Tff1,Rarg,,ppi_lr_go
Wnt1,Frzb,,ppi_lr_go
Rln1,Ar,,ppi_lr_go
Ifna1,Ptpn6,,ppi_lr_go
Il5,Ptpn6,,ppi_lr_go
Edn1,Chrm5,,ppi_lr_go
Edn1,Chrm1,,ppi_lr_go
Edn1,Chrm3,,ppi_lr_go
Edn1,Tbxa2r,,ppi_lr_go
Edn1,Adra1d,,ppi_lr_go
Edn1,Ptafr,,ppi_lr_go
Edn1,Ptger1,,ppi_lr_go
Edn1,Adra1a,,ppi_lr_go
Edn1,Adra1b,,ppi_lr_go
Edn1,Casr,,ppi_lr_go
Edn1,P2ry2,,ppi_lr_go
Edn1,Grm5,,ppi_lr_go
Edn1,Ptgfr,,ppi_lr_go
Edn1,Lpar6,,ppi_lr_go
Edn1,Gpr4,,ppi_lr_go
Edn1,P2ry1,,ppi_lr_go
Edn1,Grm1,,ppi_lr_go
Edn1,Gpr17,,ppi_lr_go
Edn1,P2ry6,,ppi_lr_go
Edn1,Ltb4r1,,ppi_lr_go
Edn1,Gpr68,,ppi_lr_go
Edn1,Gprc6a,,ppi_lr_go
Edn1,Gpr65,,ppi_lr_go
Edn1,Lpar5,,ppi_lr_go
Edn1,Ltb4r2,,ppi_lr_go
Edn1,Cysltr2,,ppi_lr_go
Edn1,Lpar3,,ppi_lr_go
Edn1,Opn4,,ppi_lr_go
Edn1,Gpr132,,ppi_lr_go
Edn1,Cysltr1,,ppi_lr_go
Cck,Chrm5,,ppi_lr_go
Cck,Chrm1,,ppi_lr_go
Cck,Chrm3,,ppi_lr_go
Cck,Tbxa2r,,ppi_lr_go
Cck,Adra1d,,ppi_lr_go
Cck,Ptafr,,ppi_lr_go
Cck,Ptger1,,ppi_lr_go
Cck,Adra1a,,ppi_lr_go
Cck,Adra1b,,ppi_lr_go
Cck,Casr,,ppi_lr_go
Cck,P2ry2,,ppi_lr_go
Cck,Grm5,,ppi_lr_go
Cck,Ptgfr,,ppi_lr_go
Cck,Lpar6,,ppi_lr_go
Cck,Gpr4,,ppi_lr_go
Cck,P2ry1,,ppi_lr_go
Cck,Grm1,,ppi_lr_go
Cck,Gpr17,,ppi_lr_go
Cck,P2ry6,,ppi_lr_go
Cck,Ltb4r1,,ppi_lr_go
Cck,Gpr68,,ppi_lr_go
Cck,Gprc6a,,ppi_lr_go
Cck,Gpr65,,ppi_lr_go
Cck,Lpar5,,ppi_lr_go
Cck,Ltb4r2,,ppi_lr_go
Cck,Cysltr2,,ppi_lr_go
Cck,Lpar3,,ppi_lr_go
Cck,Opn4,,ppi_lr_go
Cck,Gpr132,,ppi_lr_go
Cck,Cysltr1,,ppi_lr_go
Gpi1,Fkbp1b,,ppi_lr_go
Gpi1,Dlg4,,ppi_lr_go
Crh,Adrb2,,ppi_lr_go
Crh,Adrb1,,ppi_lr_go
Crh,Adrb3,,ppi_lr_go
Crh,Drd1,,ppi_lr_go
Crh,Drd5,,ppi_lr_go
Crh,Adora2a,,ppi_lr_go
Crh,Adora2b,,ppi_lr_go
Crh,Ptger4,,ppi_lr_go
Crh,Ptger2,,ppi_lr_go
Crh,Ptgir,,ppi_lr_go
Crh,Gpr15,,ppi_lr_go
Crh,Ptgdr,,ppi_lr_go
Crh,Gpr176,,ppi_lr_go
Crh,Gpr150,,ppi_lr_go
Crh,Gpbar1,,ppi_lr_go
Crh,Taar1,,ppi_lr_go
Crh,Gpr20,,ppi_lr_go
Crh,Gpr84,,ppi_lr_go
Crh,Gpr27,,ppi_lr_go
Crh,Gpr83,,ppi_lr_go
Crh,Gpr45,,ppi_lr_go
Grp,Chrm5,,ppi_lr_go
Grp,Chrm1,,ppi_lr_go
Grp,Chrm3,,ppi_lr_go
Grp,Tbxa2r,,ppi_lr_go
Grp,Adra1d,,ppi_lr_go
Grp,Ptafr,,ppi_lr_go
Grp,Ptger1,,ppi_lr_go
Grp,Adra1a,,ppi_lr_go
Grp,Adra1b,,ppi_lr_go
Grp,Casr,,ppi_lr_go
Grp,P2ry2,,ppi_lr_go
Grp,Grm5,,ppi_lr_go
Grp,Ptgfr,,ppi_lr_go
Grp,Lpar6,,ppi_lr_go
Grp,Gpr4,,ppi_lr_go
Grp,P2ry1,,ppi_lr_go
Grp,Grm1,,ppi_lr_go
Grp,Gpr17,,ppi_lr_go
Grp,P2ry6,,ppi_lr_go
Grp,Ltb4r1,,ppi_lr_go
Grp,Gpr68,,ppi_lr_go
Grp,Gprc6a,,ppi_lr_go
Grp,Gpr65,,ppi_lr_go
Grp,Lpar5,,ppi_lr_go
Grp,Ltb4r2,,ppi_lr_go
Grp,Cysltr2,,ppi_lr_go
Grp,Lpar3,,ppi_lr_go
Grp,Opn4,,ppi_lr_go
Grp,Gpr132,,ppi_lr_go
Grp,Cysltr1,,ppi_lr_go
Fgf4,Fgfrl1,,ppi_lr_go
Nmb,Chrm1,,ppi_lr_go
Nmb,Chrm3,,ppi_lr_go
Nmb,Tbxa2r,,ppi_lr_go
Nmb,Adra1d,,ppi_lr_go
Nmb,Ptafr,,ppi_lr_go
Nmb,Ptger1,,ppi_lr_go
Nmb,Adra1a,,ppi_lr_go
Nmb,Adra1b,,ppi_lr_go
Nmb,Casr,,ppi_lr_go
Nmb,P2ry2,,ppi_lr_go
Nmb,Grm5,,ppi_lr_go
Nmb,Ptgfr,,ppi_lr_go
Nmb,Lpar6,,ppi_lr_go
Nmb,Gpr4,,ppi_lr_go
Nmb,P2ry1,,ppi_lr_go
Nmb,Dlg4,,ppi_lr_go
Nmb,Grm1,,ppi_lr_go
Nmb,Gpr17,,ppi_lr_go
Nmb,P2ry6,,ppi_lr_go
Nmb,Ltb4r1,,ppi_lr_go
Nmb,Gpr68,,ppi_lr_go
Nmb,Gprc6a,,ppi_lr_go
Nmb,Gpr65,,ppi_lr_go
Nmb,Lpar5,,ppi_lr_go
Nmb,Ltb4r2,,ppi_lr_go
Nmb,Cysltr2,,ppi_lr_go
Nmb,Lpar3,,ppi_lr_go
Nmb,Opn4,,ppi_lr_go
Nmb,Gpr132,,ppi_lr_go
Nmb,Cysltr1,,ppi_lr_go
Wnt2,Ror2,,ppi_lr_go
Gip,Adrb3,,ppi_lr_go
Gip,Drd1,,ppi_lr_go
Gip,Drd5,,ppi_lr_go
Gip,Adora2a,,ppi_lr_go
Gip,Adora2b,,ppi_lr_go
Gip,Ptger4,,ppi_lr_go
Gip,Ptger2,,ppi_lr_go
Gip,Ptgir,,ppi_lr_go
Gip,Gpr15,,ppi_lr_go
Gip,Ptgdr,,ppi_lr_go
Gip,Gpr176,,ppi_lr_go
Gip,Gpr150,,ppi_lr_go
Gip,Gpbar1,,ppi_lr_go
Gip,Taar1,,ppi_lr_go
Gip,Gpr20,,ppi_lr_go
Gip,Gpr84,,ppi_lr_go
Gip,Gpr27,,ppi_lr_go
Gip,Gpr83,,ppi_lr_go
Gip,Gpr45,,ppi_lr_go
Saa1,Adora3,,ppi_lr_go
Saa1,Chrm1,,ppi_lr_go
Saa1,Drd2,,ppi_lr_go
Saa1,Adra2b,,ppi_lr_go
Saa1,Adra2c,,ppi_lr_go
Saa1,Chrm3,,ppi_lr_go
Saa1,S1pr1,,ppi_lr_go
Saa1,Cnr1,,ppi_lr_go
Saa1,Tbxa2r,,ppi_lr_go
Saa1,Drd4,,ppi_lr_go
Saa1,Adra1d,,ppi_lr_go
Saa1,Ptafr,,ppi_lr_go
Saa1,Adora1,,ppi_lr_go
Saa1,Cnr2,,ppi_lr_go
Saa1,Ptger1,,ppi_lr_go
Saa1,Adra1a,,ppi_lr_go
Saa1,Adra1b,,ppi_lr_go
Saa1,Drd3,,ppi_lr_go
Saa1,Casr,,ppi_lr_go
Saa1,P2ry2,,ppi_lr_go
Saa1,Grm5,,ppi_lr_go
Saa1,Ptgfr,,ppi_lr_go
Saa1,Ptger3,,ppi_lr_go
Saa1,Lpar6,,ppi_lr_go
Saa1,Gpr4,,ppi_lr_go
Saa1,P2ry1,,ppi_lr_go
Saa1,P2ry4,,ppi_lr_go
Saa1,Tas2r138,,ppi_lr_go
Saa1,Tas2r139,,ppi_lr_go
Saa1,Tas2r144,,ppi_lr_go
Saa1,Tas2r126,,ppi_lr_go
Saa1,Tas2r136,,ppi_lr_go
Saa1,Tas2r120,,ppi_lr_go
Saa1,Tas2r135,,ppi_lr_go
Saa1,Grm1,,ppi_lr_go
Saa1,Gpr17,,ppi_lr_go
Saa1,Gpr18,,ppi_lr_go
Saa1,Grm2,,ppi_lr_go
Saa1,Grm3,,ppi_lr_go
Saa1,P2ry6,,ppi_lr_go
Saa1,Ager,,ppi_lr_go
Saa1,Ltb4r1,,ppi_lr_go
Saa1,Gpr68,,ppi_lr_go
Saa1,Gprc6a,,ppi_lr_go
Saa1,Gpr65,,ppi_lr_go
Saa1,Hcar2,,ppi_lr_go
Saa1,Oxgr1,,ppi_lr_go
Saa1,S1pr3,,ppi_lr_go
Saa1,Gper1,,ppi_lr_go
Saa1,P2ry13,,ppi_lr_go
Saa1,Selenos,,ppi_lr_go
Saa1,Sucnr1,,ppi_lr_go
Saa1,Hcar1,,ppi_lr_go
Saa1,Lpar5,,ppi_lr_go
Saa1,S1pr5,,ppi_lr_go
Saa1,P2ry12,,ppi_lr_go
Saa1,Ltb4r2,,ppi_lr_go
Saa1,Cysltr2,,ppi_lr_go
Saa1,Tas2r118,,ppi_lr_go
Saa1,Tas2r140,,ppi_lr_go
Saa1,Tas2r121,,ppi_lr_go
Saa1,Tas2r114,,ppi_lr_go
Saa1,Tas2r130,,ppi_lr_go
Saa1,Tas2r108,,ppi_lr_go
Saa1,Tas2r137,,ppi_lr_go
Saa1,Tas2r119,,ppi_lr_go
Saa1,Gabbr1,,ppi_lr_go
Saa1,Lpar3,,ppi_lr_go
Saa1,Opn4,,ppi_lr_go
Saa1,Gpr132,,ppi_lr_go
Saa1,Cysltr1,,ppi_lr_go
Saa1,Gpr55,,ppi_lr_go
Pyy,Drd2,,ppi_lr_go
Pyy,Adra2b,,ppi_lr_go
Pyy,Adra2c,,ppi_lr_go
Pyy,S1pr1,,ppi_lr_go
Pyy,Cnr1,,ppi_lr_go
Pyy,Drd4,,ppi_lr_go
Pyy,Adora1,,ppi_lr_go
Pyy,Cnr2,,ppi_lr_go
Pyy,Drd3,,ppi_lr_go
Pyy,Casr,,ppi_lr_go
Pyy,Ptger3,,ppi_lr_go
Pyy,P2ry4,,ppi_lr_go
Pyy,Tas2r138,,ppi_lr_go
Pyy,Tas2r139,,ppi_lr_go
Pyy,Tas2r144,,ppi_lr_go
Pyy,Tas2r126,,ppi_lr_go
Pyy,Tas2r136,,ppi_lr_go
Pyy,Tas2r120,,ppi_lr_go
Pyy,Tas2r135,,ppi_lr_go
Pyy,Gpr17,,ppi_lr_go
Pyy,Gpr18,,ppi_lr_go
Pyy,Grm2,,ppi_lr_go
Pyy,Grm7,,ppi_lr_go
Pyy,Grm3,,ppi_lr_go
Pyy,Hcar2,,ppi_lr_go
Pyy,Oxgr1,,ppi_lr_go
Pyy,S1pr3,,ppi_lr_go
Pyy,Gper1,,ppi_lr_go
Pyy,P2ry13,,ppi_lr_go
Pyy,Sucnr1,,ppi_lr_go
Pyy,Hcar1,,ppi_lr_go
Pyy,Lpar5,,ppi_lr_go
Pyy,S1pr5,,ppi_lr_go
Pyy,P2ry12,,ppi_lr_go
Pyy,Tas2r118,,ppi_lr_go
Pyy,Tas2r140,,ppi_lr_go
Pyy,Tas2r121,,ppi_lr_go
Pyy,Tas2r114,,ppi_lr_go
Pyy,Tas2r130,,ppi_lr_go
Pyy,Tas2r108,,ppi_lr_go
Pyy,Tas2r137,,ppi_lr_go
Pyy,Tas2r119,,ppi_lr_go
Pyy,Gabbr1,,ppi_lr_go
Pyy,Lpar3,,ppi_lr_go
Pyy,Gpr55,,ppi_lr_go
Calca,Adrb3,,ppi_lr_go
Calca,Drd1,,ppi_lr_go
Calca,Drd5,,ppi_lr_go
Calca,Adora2a,,ppi_lr_go
Calca,Adora2b,,ppi_lr_go
Calca,Ptger4,,ppi_lr_go
Calca,Ptger2,,ppi_lr_go
Calca,Ptgir,,ppi_lr_go
Calca,Gpr15,,ppi_lr_go
Calca,Ptgdr,,ppi_lr_go
Calca,Gpr176,,ppi_lr_go
Calca,Gpr150,,ppi_lr_go
Calca,Gpbar1,,ppi_lr_go
Calca,Taar1,,ppi_lr_go
Calca,Gpr20,,ppi_lr_go
Calca,Gpr84,,ppi_lr_go
Calca,Gpr27,,ppi_lr_go
Calca,Gpr83,,ppi_lr_go
Calca,Gpr45,,ppi_lr_go
Mapt,Ptk2b,,ppi_lr_go
Iapp,Adrb3,,ppi_lr_go
Iapp,Drd1,,ppi_lr_go
Iapp,Drd5,,ppi_lr_go
Iapp,Adora2a,,ppi_lr_go
Iapp,Adora2b,,ppi_lr_go
Iapp,Ptger4,,ppi_lr_go
Iapp,Ptger2,,ppi_lr_go
Iapp,Ptgir,,ppi_lr_go
Iapp,Gpr15,,ppi_lr_go
Iapp,Ptgdr,,ppi_lr_go
Iapp,Gpr176,,ppi_lr_go
Iapp,Gpr150,,ppi_lr_go
Iapp,Gpbar1,,ppi_lr_go
Iapp,Taar1,,ppi_lr_go
Iapp,Gpr20,,ppi_lr_go
Iapp,Gpr84,,ppi_lr_go
Iapp,Gpr27,,ppi_lr_go
Iapp,Gpr83,,ppi_lr_go
Iapp,Gpr45,,ppi_lr_go
Pthlh,Drd1,,ppi_lr_go
Pthlh,Drd5,,ppi_lr_go
Pthlh,Adora2a,,ppi_lr_go
Pthlh,Adora2b,,ppi_lr_go
Pthlh,Ptger4,,ppi_lr_go
Pthlh,Ptger2,,ppi_lr_go
Pthlh,Ptgir,,ppi_lr_go
Pthlh,Gpr15,,ppi_lr_go
Pthlh,Ptgdr,,ppi_lr_go
Pthlh,Gpr176,,ppi_lr_go
Pthlh,Gpr150,,ppi_lr_go
Pthlh,Gpbar1,,ppi_lr_go
Pthlh,Taar1,,ppi_lr_go
Pthlh,Gpr27,,ppi_lr_go
Pthlh,Gpr83,,ppi_lr_go
Pthlh,Gpr45,,ppi_lr_go
Bmp4,Tsku,,ppi_lr_go
Ccl5,Drd2,,ppi_lr_go
Ccl5,Adra2b,,ppi_lr_go
Ccl5,Adra2c,,ppi_lr_go
Ccl5,S1pr1,,ppi_lr_go
Ccl5,Cnr1,,ppi_lr_go
Ccl5,Drd4,,ppi_lr_go
Ccl5,Adora1,,ppi_lr_go
Ccl5,Cnr2,,ppi_lr_go
Ccl5,Drd3,,ppi_lr_go
Ccl5,Casr,,ppi_lr_go
Ccl5,Ptger3,,ppi_lr_go
Ccl5,P2ry4,,ppi_lr_go
Ccl5,Tas2r138,,ppi_lr_go
Ccl5,Tas2r139,,ppi_lr_go
Ccl5,Tas2r144,,ppi_lr_go
Ccl5,Tas2r126,,ppi_lr_go
Ccl5,Tas2r136,,ppi_lr_go
Ccl5,Tas2r120,,ppi_lr_go
Ccl5,Tas2r135,,ppi_lr_go
Ccl5,Gpr17,,ppi_lr_go
Ccl5,Gpr18,,ppi_lr_go
Ccl5,Grm2,,ppi_lr_go
Ccl5,Grm7,,ppi_lr_go
Ccl5,Grm3,,ppi_lr_go
Ccl5,Hcar2,,ppi_lr_go
Ccl5,Oxgr1,,ppi_lr_go
Ccl5,S1pr3,,ppi_lr_go
Ccl5,Gper1,,ppi_lr_go
Ccl5,P2ry13,,ppi_lr_go
Ccl5,Sucnr1,,ppi_lr_go
Ccl5,Hcar1,,ppi_lr_go
Ccl5,Lpar5,,ppi_lr_go
Ccl5,S1pr5,,ppi_lr_go
Ccl5,P2ry12,,ppi_lr_go
Ccl5,Tas2r118,,ppi_lr_go
Ccl5,Tas2r140,,ppi_lr_go
Ccl5,Tas2r121,,ppi_lr_go
Ccl5,Tas2r114,,ppi_lr_go
Ccl5,Tas2r130,,ppi_lr_go
Ccl5,Tas2r108,,ppi_lr_go
Ccl5,Tas2r137,,ppi_lr_go
Ccl5,Tas2r119,,ppi_lr_go
Ccl5,Gabbr1,,ppi_lr_go
Ccl5,Lpar3,,ppi_lr_go
Ccl5,Gpr55,,ppi_lr_go
Edn3,Chrm3,,ppi_lr_go
Edn3,Tbxa2r,,ppi_lr_go
Edn3,Adra1d,,ppi_lr_go
Edn3,Ptafr,,ppi_lr_go
Edn3,Ptger1,,ppi_lr_go
Edn3,Adra1a,,ppi_lr_go
Edn3,Adra1b,,ppi_lr_go
Edn3,Casr,,ppi_lr_go
Edn3,P2ry2,,ppi_lr_go
Edn3,Grm5,,ppi_lr_go
Edn3,Ptgfr,,ppi_lr_go
Edn3,Lpar6,,ppi_lr_go
Edn3,Gpr4,,ppi_lr_go
Edn3,P2ry1,,ppi_lr_go
Edn3,Grm1,,ppi_lr_go
Edn3,Gpr17,,ppi_lr_go
Edn3,P2ry6,,ppi_lr_go
Edn3,Ltb4r1,,ppi_lr_go
Edn3,Gpr68,,ppi_lr_go
Edn3,Gprc6a,,ppi_lr_go
Edn3,Gpr65,,ppi_lr_go
Edn3,Lpar5,,ppi_lr_go
Edn3,Ltb4r2,,ppi_lr_go
Edn3,Cysltr2,,ppi_lr_go
Edn3,Lpar3,,ppi_lr_go
Edn3,Opn4,,ppi_lr_go
Edn3,Gpr132,,ppi_lr_go
Edn3,Cysltr1,,ppi_lr_go
Areg,Gria1,,ppi_lr_go
Vegfa,Grin2b,,ppi_lr_go
Vegfa,Ptk2b,,ppi_lr_go
Vegfa,Lyve1,,ppi_lr_go
Lgals3,Ptprz1,,ppi_lr_go
Lgals3,Fcgr2b,,ppi_lr_go
Lgals3,Flt4,,ppi_lr_go
Lgals3,Tgfbr2,,ppi_lr_go
Lgals3,Slc1a5,,ppi_lr_go
Lgals3,Colec12,,ppi_lr_go
Lgals3,Scara3,,ppi_lr_go
Lgals3,Rtn4rl2,,ppi_lr_go
Lgals3,Lpar1,,ppi_lr_go
Lgals3,Clec7a,,ppi_lr_go
Lgals3,P2ry12,,ppi_lr_go
Lgals3,Gpr35,,ppi_lr_go
Lgals3,Mrc2,,ppi_lr_go
Lgals3,Gpr52,,ppi_lr_go
Lgals3,Gpr55,,ppi_lr_go
Adcyap1,Drd1,,ppi_lr_go
Adcyap1,Drd5,,ppi_lr_go
Adcyap1,Adora2a,,ppi_lr_go
Adcyap1,Adora2b,,ppi_lr_go
Adcyap1,Ptger4,,ppi_lr_go
Adcyap1,Ptger2,,ppi_lr_go
Adcyap1,Ptgir,,ppi_lr_go
Adcyap1,Gpr15,,ppi_lr_go
Adcyap1,Ptgdr,,ppi_lr_go
Adcyap1,Gpr176,,ppi_lr_go
Adcyap1,Gpr150,,ppi_lr_go
Adcyap1,Gpbar1,,ppi_lr_go
Adcyap1,Taar1,,ppi_lr_go
Adcyap1,Gpr20,,ppi_lr_go
Adcyap1,Gpr84,,ppi_lr_go
Adcyap1,Gpr27,,ppi_lr_go
Adcyap1,Gpr83,,ppi_lr_go
Adcyap1,Gpr45,,ppi_lr_go
Cxcl1,S1pr1,,ppi_lr_go
Cxcl1,Cnr1,,ppi_lr_go
Cxcl1,Drd4,,ppi_lr_go
Cxcl1,Adora1,,ppi_lr_go
Cxcl1,Cnr2,,ppi_lr_go
Cxcl1,Drd3,,ppi_lr_go
Cxcl1,Casr,,ppi_lr_go
Cxcl1,Ptger3,,ppi_lr_go
Cxcl1,P2ry4,,ppi_lr_go
Cxcl1,Tas2r138,,ppi_lr_go
Cxcl1,Tas2r139,,ppi_lr_go
Cxcl1,Tas2r144,,ppi_lr_go
Cxcl1,Tas2r126,,ppi_lr_go
Cxcl1,Tas2r136,,ppi_lr_go
Cxcl1,Tas2r120,,ppi_lr_go
Cxcl1,Tas2r135,,ppi_lr_go
Cxcl1,Gpr17,,ppi_lr_go
Cxcl1,Gpr18,,ppi_lr_go
Cxcl1,Grm2,,ppi_lr_go
Cxcl1,Grm7,,ppi_lr_go
Cxcl1,Grm3,,ppi_lr_go
Cxcl1,Hcar2,,ppi_lr_go
Cxcl1,Oxgr1,,ppi_lr_go
Cxcl1,S1pr3,,ppi_lr_go
Cxcl1,Gper1,,ppi_lr_go
Cxcl1,P2ry13,,ppi_lr_go
Cxcl1,Sucnr1,,ppi_lr_go
Cxcl1,Hcar1,,ppi_lr_go
Cxcl1,Lpar5,,ppi_lr_go
Cxcl1,S1pr5,,ppi_lr_go
Cxcl1,P2ry12,,ppi_lr_go
Cxcl1,Tas2r118,,ppi_lr_go
Cxcl1,Tas2r140,,ppi_lr_go
Cxcl1,Tas2r121,,ppi_lr_go
Cxcl1,Tas2r114,,ppi_lr_go
Cxcl1,Tas2r130,,ppi_lr_go
Cxcl1,Tas2r108,,ppi_lr_go
Cxcl1,Tas2r137,,ppi_lr_go
Cxcl1,Tas2r119,,ppi_lr_go
Cxcl1,Gabbr1,,ppi_lr_go
Cxcl1,Lpar3,,ppi_lr_go
Cxcl1,Gpr55,,ppi_lr_go
Cxcl2,S1pr1,,ppi_lr_go
Cxcl2,Cnr1,,ppi_lr_go
Cxcl2,Drd4,,ppi_lr_go
Cxcl2,Adora1,,ppi_lr_go
Cxcl2,Cnr2,,ppi_lr_go
Cxcl2,Drd3,,ppi_lr_go
Cxcl2,Casr,,ppi_lr_go
Cxcl2,Ptger3,,ppi_lr_go
Cxcl2,P2ry4,,ppi_lr_go
Cxcl2,Tas2r138,,ppi_lr_go
Cxcl2,Tas2r139,,ppi_lr_go
Cxcl2,Tas2r144,,ppi_lr_go
Cxcl2,Tas2r126,,ppi_lr_go
Cxcl2,Tas2r136,,ppi_lr_go
Cxcl2,Tas2r120,,ppi_lr_go
Cxcl2,Tas2r135,,ppi_lr_go
Cxcl2,Gpr17,,ppi_lr_go
Cxcl2,Gpr18,,ppi_lr_go
Cxcl2,Grm2,,ppi_lr_go
Cxcl2,Grm3,,ppi_lr_go
Cxcl2,Hcar2,,ppi_lr_go
Cxcl2,Oxgr1,,ppi_lr_go
Cxcl2,S1pr3,,ppi_lr_go
Cxcl2,Gper1,,ppi_lr_go
Cxcl2,P2ry13,,ppi_lr_go
Cxcl2,Sucnr1,,ppi_lr_go
Cxcl2,Hcar1,,ppi_lr_go
Cxcl2,Lpar5,,ppi_lr_go
Cxcl2,S1pr5,,ppi_lr_go
Cxcl2,P2ry12,,ppi_lr_go
Cxcl2,Tas2r118,,ppi_lr_go
Cxcl2,Tas2r140,,ppi_lr_go
Cxcl2,Tas2r121,,ppi_lr_go
Cxcl2,Tas2r114,,ppi_lr_go
Cxcl2,Tas2r130,,ppi_lr_go
Cxcl2,Tas2r108,,ppi_lr_go
Cxcl2,Tas2r137,,ppi_lr_go
Cxcl2,Tas2r119,,ppi_lr_go
Cxcl2,Gabbr1,,ppi_lr_go
Cxcl2,Lpar3,,ppi_lr_go
Cxcl2,Gpr55,,ppi_lr_go
Pmch,S1pr1,,ppi_lr_go
Pmch,Cnr1,,ppi_lr_go
Pmch,Tbxa2r,,ppi_lr_go
Pmch,Drd4,,ppi_lr_go
Pmch,Adra1d,,ppi_lr_go
Pmch,Ptafr,,ppi_lr_go
Pmch,Adora1,,ppi_lr_go
Pmch,Cnr2,,ppi_lr_go
Pmch,Ptger1,,ppi_lr_go
Pmch,Adra1a,,ppi_lr_go
Pmch,Adra1b,,ppi_lr_go
Pmch,Drd3,,ppi_lr_go
Pmch,Casr,,ppi_lr_go
Pmch,P2ry2,,ppi_lr_go
Pmch,Grm5,,ppi_lr_go
Pmch,Ptgfr,,ppi_lr_go
Pmch,Ptger3,,ppi_lr_go
Pmch,Lpar6,,ppi_lr_go
Pmch,Gpr4,,ppi_lr_go
Pmch,P2ry1,,ppi_lr_go
Pmch,P2ry4,,ppi_lr_go
Pmch,Tas2r138,,ppi_lr_go
Pmch,Tas2r139,,ppi_lr_go
Pmch,Tas2r144,,ppi_lr_go
Pmch,Tas2r126,,ppi_lr_go
Pmch,Tas2r136,,ppi_lr_go
Pmch,Tas2r120,,ppi_lr_go
Pmch,Tas2r135,,ppi_lr_go
Pmch,Grm1,,ppi_lr_go
Pmch,Gpr17,,ppi_lr_go
Pmch,Gpr18,,ppi_lr_go
Pmch,Grm2,,ppi_lr_go
Pmch,Grm7,,ppi_lr_go
Pmch,Grm3,,ppi_lr_go
Pmch,P2ry6,,ppi_lr_go
Pmch,Ltb4r1,,ppi_lr_go
Pmch,Gpr68,,ppi_lr_go
Pmch,Gprc6a,,ppi_lr_go
Pmch,Gpr65,,ppi_lr_go
Pmch,Hcar2,,ppi_lr_go
Pmch,Oxgr1,,ppi_lr_go
Pmch,S1pr3,,ppi_lr_go
Pmch,Gper1,,ppi_lr_go
Pmch,P2ry13,,ppi_lr_go
Pmch,Sucnr1,,ppi_lr_go
Pmch,Hcar1,,ppi_lr_go
Pmch,Lpar5,,ppi_lr_go
Pmch,S1pr5,,ppi_lr_go
Pmch,P2ry12,,ppi_lr_go
Pmch,Ltb4r2,,ppi_lr_go
Pmch,Cysltr2,,ppi_lr_go
Pmch,Tas2r118,,ppi_lr_go
Pmch,Tas2r140,,ppi_lr_go
Pmch,Tas2r121,,ppi_lr_go
Pmch,Tas2r114,,ppi_lr_go
Pmch,Tas2r130,,ppi_lr_go
Pmch,Tas2r108,,ppi_lr_go
Pmch,Tas2r137,,ppi_lr_go
Pmch,Tas2r119,,ppi_lr_go
Pmch,Gabbr1,,ppi_lr_go
Pmch,Lpar3,,ppi_lr_go
Pmch,Opn4,,ppi_lr_go
Pmch,Gpr132,,ppi_lr_go
Pmch,Cysltr1,,ppi_lr_go
Pmch,Gpr55,,ppi_lr_go
Trh,Tbxa2r,,ppi_lr_go
Trh,Adra1d,,ppi_lr_go
Trh,Ptafr,,ppi_lr_go
Trh,Ptger1,,ppi_lr_go
Trh,Adra1a,,ppi_lr_go
Trh,Adra1b,,ppi_lr_go
Trh,Casr,,ppi_lr_go
Trh,P2ry2,,ppi_lr_go
Trh,Grm5,,ppi_lr_go
Trh,Ptgfr,,ppi_lr_go
Trh,Lpar6,,ppi_lr_go
Trh,Gpr4,,ppi_lr_go
Trh,P2ry1,,ppi_lr_go
Trh,Grm1,,ppi_lr_go
Trh,Gpr17,,ppi_lr_go
Trh,P2ry6,,ppi_lr_go
Trh,Ltb4r1,,ppi_lr_go
Trh,Gpr68,,ppi_lr_go
Trh,Gprc6a,,ppi_lr_go
Trh,Gpr65,,ppi_lr_go
Trh,Lpar5,,ppi_lr_go
Trh,Ltb4r2,,ppi_lr_go
Trh,Cysltr2,,ppi_lr_go
Trh,Lpar3,,ppi_lr_go
Trh,Opn4,,ppi_lr_go
Trh,Gpr132,,ppi_lr_go
Trh,Cysltr1,,ppi_lr_go
Edn2,Tbxa2r,,ppi_lr_go
Edn2,Adra1d,,ppi_lr_go
Edn2,Ptafr,,ppi_lr_go
Edn2,Ptger1,,ppi_lr_go
Edn2,Adra1a,,ppi_lr_go
Edn2,Adra1b,,ppi_lr_go
Edn2,Casr,,ppi_lr_go
Edn2,P2ry2,,ppi_lr_go
Edn2,Grm5,,ppi_lr_go
Edn2,Ptgfr,,ppi_lr_go
Edn2,Lpar6,,ppi_lr_go
Edn2,Gpr4,,ppi_lr_go
Edn2,P2ry1,,ppi_lr_go
Edn2,Grm1,,ppi_lr_go
Edn2,Gpr17,,ppi_lr_go
Edn2,P2ry6,,ppi_lr_go
Edn2,Ltb4r1,,ppi_lr_go
Edn2,Gpr68,,ppi_lr_go
Edn2,Gprc6a,,ppi_lr_go
Edn2,Gpr65,,ppi_lr_go
Edn2,Lpar5,,ppi_lr_go
Edn2,Ltb4r2,,ppi_lr_go
Edn2,Cysltr2,,ppi_lr_go
Edn2,Lpar3,,ppi_lr_go
Edn2,Opn4,,ppi_lr_go
Edn2,Gpr132,,ppi_lr_go
Edn2,Cysltr1,,ppi_lr_go
Ptn,Ryr1,,ppi_lr_go
Kitl,Ptpn6,,ppi_lr_go
Zp3,Zp2,,ppi_lr_go
Zp3,Or2l13,,ppi_lr_go
Gal,Adora1,,ppi_lr_go
Gal,Cnr2,,ppi_lr_go
Gal,Drd3,,ppi_lr_go
Gal,Casr,,ppi_lr_go
Gal,Ptger3,,ppi_lr_go
Gal,P2ry4,,ppi_lr_go
Gal,Tas2r138,,ppi_lr_go
Gal,Tas2r139,,ppi_lr_go
Gal,Tas2r144,,ppi_lr_go
Gal,Tas2r126,,ppi_lr_go
Gal,Tas2r136,,ppi_lr_go
Gal,Tas2r120,,ppi_lr_go
Gal,Tas2r135,,ppi_lr_go
Gal,Gpr17,,ppi_lr_go
Gal,Gpr18,,ppi_lr_go
Gal,Grm2,,ppi_lr_go
Gal,Grm7,,ppi_lr_go
Gal,Grm3,,ppi_lr_go
Gal,Hcar2,,ppi_lr_go
Gal,Oxgr1,,ppi_lr_go
Gal,S1pr3,,ppi_lr_go
Gal,Gper1,,ppi_lr_go
Gal,P2ry13,,ppi_lr_go
Gal,Sucnr1,,ppi_lr_go
Gal,Hcar1,,ppi_lr_go
Gal,Lpar5,,ppi_lr_go
Gal,S1pr5,,ppi_lr_go
Gal,P2ry12,,ppi_lr_go
Gal,Tas2r118,,ppi_lr_go
Gal,Tas2r140,,ppi_lr_go
Gal,Tas2r121,,ppi_lr_go
Gal,Tas2r114,,ppi_lr_go
Gal,Tas2r130,,ppi_lr_go
Gal,Tas2r108,,ppi_lr_go
Gal,Tas2r137,,ppi_lr_go
Gal,Tas2r119,,ppi_lr_go
Gal,Gabbr1,,ppi_lr_go
Gal,Lpar3,,ppi_lr_go
Gal,Gpr55,,ppi_lr_go
Gdf1,Tsku,,ppi_lr_go
Nts,Ptger1,,ppi_lr_go
Nts,Adra1a,,ppi_lr_go
Nts,Adra1b,,ppi_lr_go
Nts,Casr,,ppi_lr_go
Nts,P2ry2,,ppi_lr_go
Nts,Grm5,,ppi_lr_go
Nts,Ptgfr,,ppi_lr_go
Nts,Lpar6,,ppi_lr_go
Nts,Gpr4,,ppi_lr_go
Nts,P2ry1,,ppi_lr_go
Nts,Grm1,,ppi_lr_go
Nts,Gpr17,,ppi_lr_go
Nts,P2ry6,,ppi_lr_go
Nts,Ltb4r1,,ppi_lr_go
Nts,Gpr68,,ppi_lr_go
Nts,Gprc6a,,ppi_lr_go
Nts,Gpr65,,ppi_lr_go
Nts,Lpar5,,ppi_lr_go
Nts,Ltb4r2,,ppi_lr_go
Nts,Cysltr2,,ppi_lr_go
Nts,Lpar3,,ppi_lr_go
Nts,Opn4,,ppi_lr_go
Nts,Gpr132,,ppi_lr_go
Nts,Cysltr1,,ppi_lr_go
Adm,Ptger4,,ppi_lr_go
Adm,Ptger2,,ppi_lr_go
Adm,Ptgir,,ppi_lr_go
Adm,Gpr15,,ppi_lr_go
Adm,Ptgdr,,ppi_lr_go
Adm,Gpr176,,ppi_lr_go
Adm,Gpr150,,ppi_lr_go
Adm,Gpbar1,,ppi_lr_go
Adm,Taar1,,ppi_lr_go
Adm,Gpr20,,ppi_lr_go
Adm,Gpr84,,ppi_lr_go
Adm,Gpr27,,ppi_lr_go
Adm,Gpr83,,ppi_lr_go
Adm,Gpr45,,ppi_lr_go
Thbs4,Fkbp1b,,ppi_lr_go
Thbs4,Lrp1,,ppi_lr_go
Wnt5a,Dab2,,ppi_lr_go
Wnt5a,Scarb2,,ppi_lr_go
Wnt5a,Ptprk,,ppi_lr_go
Wnt5a,Sfrp1,,ppi_lr_go
Wnt5a,Frzb,,ppi_lr_go
Wnt5a,Antxr1,,ppi_lr_go
Nampt,Cul5,,ppi_lr_go
Xcl1,Grm1,,ppi_lr_go
Xcl1,Gpr17,,ppi_lr_go
Xcl1,P2ry6,,ppi_lr_go
Xcl1,Ltb4r1,,ppi_lr_go
Xcl1,Gpr68,,ppi_lr_go
Xcl1,Gprc6a,,ppi_lr_go
Xcl1,Gpr65,,ppi_lr_go
Xcl1,Lpar5,,ppi_lr_go
Xcl1,Ltb4r2,,ppi_lr_go
Xcl1,Cysltr2,,ppi_lr_go
Xcl1,Lpar3,,ppi_lr_go
Xcl1,Opn4,,ppi_lr_go
Xcl1,Gpr132,,ppi_lr_go
Xcl1,Cysltr1,,ppi_lr_go
Cxcl12,P2ry4,,ppi_lr_go
Cxcl12,Tas2r138,,ppi_lr_go
Cxcl12,Tas2r139,,ppi_lr_go
Cxcl12,Tas2r144,,ppi_lr_go
Cxcl12,Tas2r126,,ppi_lr_go
Cxcl12,Tas2r136,,ppi_lr_go
Cxcl12,Tas2r120,,ppi_lr_go
Cxcl12,Tas2r135,,ppi_lr_go
Cxcl12,Gpr18,,ppi_lr_go
Cxcl12,Grm2,,ppi_lr_go
Cxcl12,Grm7,,ppi_lr_go
Cxcl12,Grm3,,ppi_lr_go
Cxcl12,Hcar2,,ppi_lr_go
Cxcl12,Oxgr1,,ppi_lr_go
Cxcl12,S1pr3,,ppi_lr_go
Cxcl12,Gper1,,ppi_lr_go
Cxcl12,P2ry13,,ppi_lr_go
Cxcl12,Sucnr1,,ppi_lr_go
Cxcl12,Hcar1,,ppi_lr_go
Cxcl12,Lpar5,,ppi_lr_go
Cxcl12,S1pr5,,ppi_lr_go
Cxcl12,P2ry12,,ppi_lr_go
Cxcl12,Tas2r118,,ppi_lr_go
Cxcl12,Tas2r140,,ppi_lr_go
Cxcl12,Tas2r121,,ppi_lr_go
Cxcl12,Tas2r114,,ppi_lr_go
Cxcl12,Tas2r130,,ppi_lr_go
Cxcl12,Tas2r108,,ppi_lr_go
Cxcl12,Tas2r137,,ppi_lr_go
Cxcl12,Tas2r119,,ppi_lr_go
Cxcl12,Gabbr1,,ppi_lr_go
Cxcl12,Lpar3,,ppi_lr_go
Cxcl12,Gpr55,,ppi_lr_go
Insl3,Ptgdr,,ppi_lr_go
Insl3,Gpr176,,ppi_lr_go
Insl3,Gpr150,,ppi_lr_go
Insl3,Gpbar1,,ppi_lr_go
Insl3,Taar1,,ppi_lr_go
Insl3,Gpr27,,ppi_lr_go
Insl3,Gpr83,,ppi_lr_go
Insl3,Gpr45,,ppi_lr_go
Efna5,Efnb3,,ppi_lr_go
Copa,Sphk1,,ppi_lr_go
Wnt3,Ptpro,,ppi_lr_go
Wnt3,Sfrp4,,ppi_lr_go
Wnt3,Sfrp1,,ppi_lr_go
Wnt3,Frzb,,ppi_lr_go
Wnt3a,Ptpro,,ppi_lr_go
Wnt3a,Sfrp4,,ppi_lr_go
Wnt3a,Sfrp1,,ppi_lr_go
Wnt3a,Frzb,,ppi_lr_go
Prok1,Grm1,,ppi_lr_go
Prok1,Gpr17,,ppi_lr_go
Prok1,P2ry6,,ppi_lr_go
Prok1,Ltb4r1,,ppi_lr_go
Prok1,Gpr68,,ppi_lr_go
Prok1,Gprc6a,,ppi_lr_go
Prok1,Gpr65,,ppi_lr_go
Prok1,Lpar5,,ppi_lr_go
Prok1,Ltb4r2,,ppi_lr_go
Prok1,Cysltr2,,ppi_lr_go
Prok1,Lpar3,,ppi_lr_go
Prok1,Opn4,,ppi_lr_go
Prok1,Gpr132,,ppi_lr_go
Prok1,Cysltr1,,ppi_lr_go
Sst,Gpr17,,ppi_lr_go
Sst,Gpr18,,ppi_lr_go
Sst,Grm2,,ppi_lr_go
Sst,Grm7,,ppi_lr_go
Sst,Grm3,,ppi_lr_go
Sst,Hcar2,,ppi_lr_go
Sst,Oxgr1,,ppi_lr_go
Sst,S1pr3,,ppi_lr_go
Sst,Gper1,,ppi_lr_go
Sst,P2ry13,,ppi_lr_go
Sst,Sucnr1,,ppi_lr_go
Sst,Hcar1,,ppi_lr_go
Sst,Lpar5,,ppi_lr_go
Sst,S1pr5,,ppi_lr_go
Sst,P2ry12,,ppi_lr_go
Sst,Tas2r118,,ppi_lr_go
Sst,Tas2r140,,ppi_lr_go
Sst,Tas2r121,,ppi_lr_go
Sst,Tas2r114,,ppi_lr_go
Sst,Tas2r130,,ppi_lr_go
Sst,Tas2r108,,ppi_lr_go
Sst,Tas2r137,,ppi_lr_go
Sst,Tas2r119,,ppi_lr_go
Sst,Gabbr1,,ppi_lr_go
Sst,Lpar3,,ppi_lr_go
Sst,Gpr55,,ppi_lr_go
Ccl20,Gpr17,,ppi_lr_go
Ccl20,Gpr18,,ppi_lr_go
Ccl20,Grm2,,ppi_lr_go
Ccl20,Grm7,,ppi_lr_go
Ccl20,Grm3,,ppi_lr_go
Ccl20,Hcar2,,ppi_lr_go
Ccl20,Oxgr1,,ppi_lr_go
Ccl20,S1pr3,,ppi_lr_go
Ccl20,Gper1,,ppi_lr_go
Ccl20,P2ry13,,ppi_lr_go
Ccl20,Sucnr1,,ppi_lr_go
Ccl20,Hcar1,,ppi_lr_go
Ccl20,Lpar5,,ppi_lr_go
Ccl20,S1pr5,,ppi_lr_go
Ccl20,P2ry12,,ppi_lr_go
Ccl20,Tas2r118,,ppi_lr_go
Ccl20,Tas2r140,,ppi_lr_go
Ccl20,Tas2r121,,ppi_lr_go
Ccl20,Tas2r114,,ppi_lr_go
Ccl20,Tas2r130,,ppi_lr_go
Ccl20,Tas2r108,,ppi_lr_go
Ccl20,Tas2r137,,ppi_lr_go
Ccl20,Tas2r119,,ppi_lr_go
Ccl20,Gabbr1,,ppi_lr_go
Ccl20,Lpar3,,ppi_lr_go
Ccl20,Gpr55,,ppi_lr_go
Cxcl5,Gpr17,,ppi_lr_go
Cxcl5,Gpr18,,ppi_lr_go
Cxcl5,Grm2,,ppi_lr_go
Cxcl5,Grm3,,ppi_lr_go
Cxcl5,Hcar2,,ppi_lr_go
Cxcl5,Oxgr1,,ppi_lr_go
Cxcl5,S1pr3,,ppi_lr_go
Cxcl5,Gper1,,ppi_lr_go
Cxcl5,P2ry13,,ppi_lr_go
Cxcl5,Sucnr1,,ppi_lr_go
Cxcl5,Hcar1,,ppi_lr_go
Cxcl5,Lpar5,,ppi_lr_go
Cxcl5,S1pr5,,ppi_lr_go
Cxcl5,P2ry12,,ppi_lr_go
Cxcl5,Tas2r118,,ppi_lr_go
Cxcl5,Tas2r140,,ppi_lr_go
Cxcl5,Tas2r121,,ppi_lr_go
Cxcl5,Tas2r114,,ppi_lr_go
Cxcl5,Tas2r130,,ppi_lr_go
Cxcl5,Tas2r108,,ppi_lr_go
Cxcl5,Tas2r137,,ppi_lr_go
Cxcl5,Tas2r119,,ppi_lr_go
Cxcl5,Gabbr1,,ppi_lr_go
Cxcl5,Lpar3,,ppi_lr_go
Cxcl5,Gpr55,,ppi_lr_go
Qrfp,Grm1,,ppi_lr_go
Qrfp,Gpr17,,ppi_lr_go
Qrfp,P2ry6,,ppi_lr_go
Qrfp,Ltb4r1,,ppi_lr_go
Qrfp,Gpr68,,ppi_lr_go
Qrfp,Gprc6a,,ppi_lr_go
Qrfp,Gpr65,,ppi_lr_go
Qrfp,Lpar5,,ppi_lr_go
Qrfp,Ltb4r2,,ppi_lr_go
Qrfp,Cysltr2,,ppi_lr_go
Qrfp,Lpar3,,ppi_lr_go
Qrfp,Opn4,,ppi_lr_go
Qrfp,Gpr132,,ppi_lr_go
Qrfp,Cysltr1,,ppi_lr_go
Pnoc,Gpr18,,ppi_lr_go
Pnoc,Grm2,,ppi_lr_go
Pnoc,Grm7,,ppi_lr_go
Pnoc,Grm3,,ppi_lr_go
Pnoc,Hcar2,,ppi_lr_go
Pnoc,Oxgr1,,ppi_lr_go
Pnoc,S1pr3,,ppi_lr_go
Pnoc,Gper1,,ppi_lr_go
Pnoc,P2ry13,,ppi_lr_go
Pnoc,Sucnr1,,ppi_lr_go
Pnoc,Hcar1,,ppi_lr_go
Pnoc,Lpar5,,ppi_lr_go
Pnoc,S1pr5,,ppi_lr_go
Pnoc,P2ry12,,ppi_lr_go
Pnoc,Tas2r118,,ppi_lr_go
Pnoc,Tas2r140,,ppi_lr_go
Pnoc,Tas2r121,,ppi_lr_go
Pnoc,Tas2r114,,ppi_lr_go
Pnoc,Tas2r130,,ppi_lr_go
Pnoc,Tas2r108,,ppi_lr_go
Pnoc,Tas2r137,,ppi_lr_go
Pnoc,Tas2r119,,ppi_lr_go
Pnoc,Gabbr1,,ppi_lr_go
Pnoc,Lpar3,,ppi_lr_go
Pnoc,Gpr55,,ppi_lr_go
Shh,Derl1,,ppi_lr_go
Uts2b,Gpr65,,ppi_lr_go
Uts2b,Lpar5,,ppi_lr_go
Uts2b,Ltb4r2,,ppi_lr_go
Uts2b,Cysltr2,,ppi_lr_go
Uts2b,Lpar3,,ppi_lr_go
Uts2b,Opn4,,ppi_lr_go
Uts2b,Gpr132,,ppi_lr_go
Uts2b,Cysltr1,,ppi_lr_go
Adm2,Gpr150,,ppi_lr_go
Adm2,Gpbar1,,ppi_lr_go
Adm2,Taar1,,ppi_lr_go
Adm2,Gpr27,,ppi_lr_go
Adm2,Gpr83,,ppi_lr_go
Adm2,Gpr45,,ppi_lr_go
Rln3,Oxgr1,,ppi_lr_go
Rln3,Taar1,,ppi_lr_go
Rln3,S1pr3,,ppi_lr_go
Rln3,Gper1,,ppi_lr_go
Rln3,Gpr20,,ppi_lr_go
Rln3,P2ry13,,ppi_lr_go
Rln3,Sucnr1,,ppi_lr_go
Rln3,Hcar1,,ppi_lr_go
Rln3,Lpar5,,ppi_lr_go
Rln3,S1pr5,,ppi_lr_go
Rln3,P2ry12,,ppi_lr_go
Rln3,Gpr84,,ppi_lr_go
Rln3,Gpr27,,ppi_lr_go
Rln3,Gpr83,,ppi_lr_go
Rln3,Tas2r118,,ppi_lr_go
Rln3,Tas2r140,,ppi_lr_go
Rln3,Tas2r121,,ppi_lr_go
Rln3,Tas2r114,,ppi_lr_go
Rln3,Tas2r130,,ppi_lr_go
Rln3,Tas2r108,,ppi_lr_go
Rln3,Tas2r137,,ppi_lr_go
Rln3,Tas2r119,,ppi_lr_go
Rln3,Gabbr1,,ppi_lr_go
Rln3,Lpar3,,ppi_lr_go
Rln3,Gpr55,,ppi_lr_go
Rln3,Gpr45,,ppi_lr_go
Gpha2,Inpp5k,,ppi_lr_go
Ccl19,P2ry13,,ppi_lr_go
Ccl19,Sucnr1,,ppi_lr_go
Ccl19,Hcar1,,ppi_lr_go
Ccl19,Lpar5,,ppi_lr_go
Ccl19,S1pr5,,ppi_lr_go
Ccl19,P2ry12,,ppi_lr_go
Ccl19,Tas2r118,,ppi_lr_go
Ccl19,Tas2r140,,ppi_lr_go
Ccl19,Tas2r121,,ppi_lr_go
Ccl19,Tas2r114,,ppi_lr_go
Ccl19,Tas2r130,,ppi_lr_go
Ccl19,Tas2r108,,ppi_lr_go
Ccl19,Tas2r137,,ppi_lr_go
Ccl19,Tas2r119,,ppi_lr_go
Ccl19,Gabbr1,,ppi_lr_go
Ccl19,Lpar3,,ppi_lr_go
Ccl19,Gpr55,,ppi_lr_go
Cxcl16,Tas2r118,,ppi_lr_go
Cxcl16,Tas2r140,,ppi_lr_go
Cxcl16,Tas2r121,,ppi_lr_go
Cxcl16,Tas2r114,,ppi_lr_go
Cxcl16,Tas2r130,,ppi_lr_go
Cxcl16,Tas2r108,,ppi_lr_go
Cxcl16,Tas2r137,,ppi_lr_go
Cxcl16,Tas2r119,,ppi_lr_go
Cxcl16,Gabbr1,,ppi_lr_go
Cxcl16,Lpar3,,ppi_lr_go
Cxcl16,Gpr55,,ppi_lr_go
Ccl28,Tas2r118,,ppi_lr_go
Ccl28,Tas2r140,,ppi_lr_go
Ccl28,Tas2r121,,ppi_lr_go
Ccl28,Tas2r114,,ppi_lr_go
Ccl28,Tas2r130,,ppi_lr_go
Ccl28,Tas2r108,,ppi_lr_go
Ccl28,Tas2r137,,ppi_lr_go
Ccl28,Tas2r119,,ppi_lr_go
Ccl28,Gabbr1,,ppi_lr_go
Ccl28,Lpar3,,ppi_lr_go
Ccl28,Gpr55,,ppi_lr_go
Ghrl,Lpar3,,ppi_lr_go
Ghrl,Opn4,,ppi_lr_go
Ghrl,Gpr132,,ppi_lr_go
Ghrl,Cysltr1,,ppi_lr_go
Apln,Gpr55,,ppi_lr_go
Sfrp2,Dcc,,ppi_lr_go
Il24,Rarg,,ppi_lr_go
Tgfb1,Tlr2,,ppi_lr_go
Wnt3,Dlg1,,ppi_lr_go
Tgfb1,Fcnb,,ppi_lr_go
Il16,Kcnj2,,ppi_lr_go
Nampt,Anxa6,,ppi_lr_go
Fam3d,Pkd2,,ppi_lr_go
Adm2,Rho,,ppi_lr_go
Bdnf,Rho,,ppi_lr_go
Gdf15,Nlgn3,,ppi_lr_go
Jag2,Ror1,,ppi_lr_go
Jag2,Unc5b,,ppi_lr_go
Jag2,Sec63,,ppi_lr_go
Apoa1,Ryr1,,ppi_lr_go
Gmfb,Egfr,,ppi_lr_go
Fbrs,Nrp1,,ppi_lr_go
Nenf,Sec63,,ppi_lr_go
Manf,Sec63,,ppi_lr_go
Il25,Esr2,,ppi_lr_go
Hmgb2,Dab2,,ppi_lr_go
Hmgb2,Cd44,,ppi_lr_go
Hmgb2,Fas,,ppi_lr_go
Hdgf,Fas,,ppi_lr_go
Apoa1,Or5h19,,ppi_lr_go
Apoa1,Pigr,,ppi_lr_go
Apoa1,Or8d2b,,ppi_lr_go
Klk1b22,Or8d2b,,ppi_lr_go
Apoa1,Or2t6,,ppi_lr_go
Klk1b22,Or2t6,,ppi_lr_go
Aimp1,Rack1,,ppi_lr_go
Aimp1,Lrp5,,ppi_lr_go
Aimp1,Fas,,ppi_lr_go
Aimp1,Cul5,,ppi_lr_go
Aimp1,Amot,,ppi_lr_go
Apoa1,Ryr2,,ppi_lr_go
Klk1b22,Ryr2,,ppi_lr_go
Apoa1,Clca2,,ppi_lr_go
Klk1b22,Clca2,,ppi_lr_go
Apoa1,Derl1,,ppi_lr_go
Klk1b22,Derl1,,ppi_lr_go
Apoa1,Or3a1,,ppi_lr_go
Klk1b22,Or3a1,,ppi_lr_go
Cxcl12,Esr1,,ppi_lr_go
Igf1,Esr1,,ppi_lr_go
Tff1,Esr1,,ppi_lr_go
Fgf8,Ar,,ppi_lr_go
Wnt5a,Gpc4,,ppi_lr_go
Wnt8a,Frzb,,ppi_lr_go
Wnt3a,Gpc4,,ppi_lr_go
Timp1,Gnrhr,,ppi_lr_go
Scg2,Gnrhr,,ppi_lr_go
Mapt,Egfr,,ppi_lr_go
Mapt,Prnp,,ppi_lr_go
Hmgb2,Pgr,,ppi_lr_go
Lgals3,Egfr,,ppi_lr_go
Aimp1,Mcc,,ppi_lr_go
Sfrp2,Bmpr1a,,ppi_lr_go
Tgfb2,Vtn,,ppi_lr_go
Tslp,Prnp,,ppi_lr_go
Lgals3,Fcgr3,,ppi_lr_go
Lgals3,Spn,,ppi_lr_go
Lgals3,Tfrc,,ppi_lr_go
Lgals3,Cubn,,ppi_lr_go
Il16,Fcgr1,,ppi_lr_go
Bmp7,Trim27,,ppi_lr_go
Fgf2,Vtn,,ppi_lr_go
Hgf,Vtn,,ppi_lr_go
Rabep1,Kcnh1,,ppi_lr_go
Osgin1,Fgfr4,,ppi_lr_go
Scgb3a1,Fgfr4,,ppi_lr_go
Fgf13,Prnp,,ppi_lr_go
Vegfa,Vtn,,ppi_lr_go
Avp,Gpr25,,ppi_lr_go
Pomc,Gpr25,,ppi_lr_go
Cga,Gpr25,,ppi_lr_go
Tshb,Gpr25,,ppi_lr_go
Fshb,Gpr25,,ppi_lr_go
Lhb,Gpr25,,ppi_lr_go
Pth,Gpr25,,ppi_lr_go
Vip,Gpr25,,ppi_lr_go
Ghrh,Gpr25,,ppi_lr_go
Crh,Gpr25,,ppi_lr_go
Gip,Gpr25,,ppi_lr_go
Calca,Gpr25,,ppi_lr_go
Iapp,Gpr25,,ppi_lr_go
Pthlh,Gpr25,,ppi_lr_go
Adcyap1,Gpr25,,ppi_lr_go
Adm,Gpr25,,ppi_lr_go
Insl3,Gpr25,,ppi_lr_go
Adm2,Gpr25,,ppi_lr_go
Rln3,Gpr25,,ppi_lr_go
Cort,Grm8,,ppi_lr_go
Ccl21a,Grm8,,ppi_lr_go
Ccl25,Grm8,,ppi_lr_go
Cxcl13,Grm8,,ppi_lr_go
Agt,Grm8,,ppi_lr_go
Hc,Grm8,,ppi_lr_go
Pomc,Grm8,,ppi_lr_go
Penk,Grm8,,ppi_lr_go
Pdyn,Grm8,,ppi_lr_go
Ppy,Grm8,,ppi_lr_go
Npy,Grm8,,ppi_lr_go
Pf4,Grm8,,ppi_lr_go
Cxcl10,Grm8,,ppi_lr_go
Saa1,Grm8,,ppi_lr_go
Pyy,Grm8,,ppi_lr_go
Ccl5,Grm8,,ppi_lr_go
Cxcl1,Grm8,,ppi_lr_go
Cxcl2,Grm8,,ppi_lr_go
Pmch,Grm8,,ppi_lr_go
Gal,Grm8,,ppi_lr_go
Cxcl12,Grm8,,ppi_lr_go
Sst,Grm8,,ppi_lr_go
Ccl20,Grm8,,ppi_lr_go
Cxcl5,Grm8,,ppi_lr_go
Pnoc,Grm8,,ppi_lr_go
Rln3,Grm8,,ppi_lr_go
Ccl19,Grm8,,ppi_lr_go
Cxcl16,Grm8,,ppi_lr_go
Ccl28,Grm8,,ppi_lr_go
Apln,Grm8,,ppi_lr_go
Ccl27al,Grm8,,ppi_lr_go
Insl5,Grm8,,ppi_lr_go
Npff,P2ry10,,ppi_lr_go
Hcrt,P2ry10,,ppi_lr_go
Uts2,P2ry10,,ppi_lr_go
F2,P2ry10,,ppi_lr_go
Agt,P2ry10,,ppi_lr_go
Gnrh1,P2ry10,,ppi_lr_go
Oxt,P2ry10,,ppi_lr_go
Avp,P2ry10,,ppi_lr_go
Gast,P2ry10,,ppi_lr_go
Edn1,P2ry10,,ppi_lr_go
Cck,P2ry10,,ppi_lr_go
Grp,P2ry10,,ppi_lr_go
Nmb,P2ry10,,ppi_lr_go
Saa1,P2ry10,,ppi_lr_go
Edn3,P2ry10,,ppi_lr_go
Pmch,P2ry10,,ppi_lr_go
Trh,P2ry10,,ppi_lr_go
Edn2,P2ry10,,ppi_lr_go
Nts,P2ry10,,ppi_lr_go
Xcl1,P2ry10,,ppi_lr_go
Prok1,P2ry10,,ppi_lr_go
Qrfp,P2ry10,,ppi_lr_go
Uts2b,P2ry10,,ppi_lr_go
Ghrl,P2ry10,,ppi_lr_go
Npff,Ffar1,,ppi_lr_go
Hcrt,Ffar1,,ppi_lr_go
Uts2,Ffar1,,ppi_lr_go
F2,Ffar1,,ppi_lr_go
Agt,Ffar1,,ppi_lr_go
Gnrh1,Ffar1,,ppi_lr_go
Oxt,Ffar1,,ppi_lr_go
Avp,Ffar1,,ppi_lr_go
Gast,Ffar1,,ppi_lr_go
Edn1,Ffar1,,ppi_lr_go
Cck,Ffar1,,ppi_lr_go
Grp,Ffar1,,ppi_lr_go
Nmb,Ffar1,,ppi_lr_go
Saa1,Ffar1,,ppi_lr_go
Edn3,Ffar1,,ppi_lr_go
Pmch,Ffar1,,ppi_lr_go
Trh,Ffar1,,ppi_lr_go
Edn2,Ffar1,,ppi_lr_go
Nts,Ffar1,,ppi_lr_go
Xcl1,Ffar1,,ppi_lr_go
Prok1,Ffar1,,ppi_lr_go
Qrfp,Ffar1,,ppi_lr_go
Uts2b,Ffar1,,ppi_lr_go
Ghrl,Ffar1,,ppi_lr_go
Npff,Ffar3,,ppi_lr_go
Hcrt,Ffar3,,ppi_lr_go
Uts2,Ffar3,,ppi_lr_go
F2,Ffar3,,ppi_lr_go
Agt,Ffar3,,ppi_lr_go
Gnrh1,Ffar3,,ppi_lr_go
Oxt,Ffar3,,ppi_lr_go
Avp,Ffar3,,ppi_lr_go
Gast,Ffar3,,ppi_lr_go
Edn1,Ffar3,,ppi_lr_go
Cck,Ffar3,,ppi_lr_go
Grp,Ffar3,,ppi_lr_go
Nmb,Ffar3,,ppi_lr_go
Saa1,Ffar3,,ppi_lr_go
Edn3,Ffar3,,ppi_lr_go
Pmch,Ffar3,,ppi_lr_go
Trh,Ffar3,,ppi_lr_go
Edn2,Ffar3,,ppi_lr_go
Nts,Ffar3,,ppi_lr_go
Xcl1,Ffar3,,ppi_lr_go
Prok1,Ffar3,,ppi_lr_go
Qrfp,Ffar3,,ppi_lr_go
Uts2b,Ffar3,,ppi_lr_go
Ghrl,Ffar3,,ppi_lr_go
Ccl25,Grm6,,ppi_lr_go
Cxcl13,Grm6,,ppi_lr_go
Agt,Grm6,,ppi_lr_go
Hc,Grm6,,ppi_lr_go
Pomc,Grm6,,ppi_lr_go
Penk,Grm6,,ppi_lr_go
Pdyn,Grm6,,ppi_lr_go
Ppy,Grm6,,ppi_lr_go
Npy,Grm6,,ppi_lr_go
Pf4,Grm6,,ppi_lr_go
Cxcl10,Grm6,,ppi_lr_go
Saa1,Grm6,,ppi_lr_go
Pyy,Grm6,,ppi_lr_go
Ccl5,Grm6,,ppi_lr_go
Cxcl1,Grm6,,ppi_lr_go
Cxcl2,Grm6,,ppi_lr_go
Pmch,Grm6,,ppi_lr_go
Gal,Grm6,,ppi_lr_go
Cxcl12,Grm6,,ppi_lr_go
Sst,Grm6,,ppi_lr_go
Ccl20,Grm6,,ppi_lr_go
Cxcl5,Grm6,,ppi_lr_go
Pnoc,Grm6,,ppi_lr_go
Rln3,Grm6,,ppi_lr_go
Ccl19,Grm6,,ppi_lr_go
Cxcl16,Grm6,,ppi_lr_go
Ccl28,Grm6,,ppi_lr_go
Apln,Grm6,,ppi_lr_go
Ccl27al,Grm6,,ppi_lr_go
Insl5,Grm6,,ppi_lr_go
Hcrt,Ffar2,,ppi_lr_go
Uts2,Ffar2,,ppi_lr_go
F2,Ffar2,,ppi_lr_go
Agt,Ffar2,,ppi_lr_go
Gnrh1,Ffar2,,ppi_lr_go
Oxt,Ffar2,,ppi_lr_go
Avp,Ffar2,,ppi_lr_go
Gast,Ffar2,,ppi_lr_go
Edn1,Ffar2,,ppi_lr_go
Cck,Ffar2,,ppi_lr_go
Grp,Ffar2,,ppi_lr_go
Nmb,Ffar2,,ppi_lr_go
Saa1,Ffar2,,ppi_lr_go
Edn3,Ffar2,,ppi_lr_go
Pmch,Ffar2,,ppi_lr_go
Trh,Ffar2,,ppi_lr_go
Edn2,Ffar2,,ppi_lr_go
Nts,Ffar2,,ppi_lr_go
Xcl1,Ffar2,,ppi_lr_go
Prok1,Ffar2,,ppi_lr_go
Qrfp,Ffar2,,ppi_lr_go
Uts2b,Ffar2,,ppi_lr_go
Ghrl,Ffar2,,ppi_lr_go
Avp,Ramp3,,ppi_lr_go
Pomc,Ramp3,,ppi_lr_go
Crh,Ramp3,,ppi_lr_go
Gip,Ramp3,,ppi_lr_go
Rln3,Ramp3,,ppi_lr_go
Apoa1,Gpc4,,ppi_lr_go
Agt,Gabbr2,,ppi_lr_go
Hc,Gabbr2,,ppi_lr_go
Pomc,Gabbr2,,ppi_lr_go
Penk,Gabbr2,,ppi_lr_go
Pdyn,Gabbr2,,ppi_lr_go
Ppy,Gabbr2,,ppi_lr_go
Npy,Gabbr2,,ppi_lr_go
Pf4,Gabbr2,,ppi_lr_go
Cxcl10,Gabbr2,,ppi_lr_go
Saa1,Gabbr2,,ppi_lr_go
Pyy,Gabbr2,,ppi_lr_go
Ccl5,Gabbr2,,ppi_lr_go
Cxcl1,Gabbr2,,ppi_lr_go
Cxcl2,Gabbr2,,ppi_lr_go
Pmch,Gabbr2,,ppi_lr_go
Gal,Gabbr2,,ppi_lr_go
Cxcl12,Gabbr2,,ppi_lr_go
Sst,Gabbr2,,ppi_lr_go
Ccl20,Gabbr2,,ppi_lr_go
Cxcl5,Gabbr2,,ppi_lr_go
Pnoc,Gabbr2,,ppi_lr_go
Rln3,Gabbr2,,ppi_lr_go
Ccl19,Gabbr2,,ppi_lr_go
Cxcl16,Gabbr2,,ppi_lr_go
Ccl28,Gabbr2,,ppi_lr_go
Apln,Gabbr2,,ppi_lr_go
Ccl27al,Gabbr2,,ppi_lr_go
Insl5,Gabbr2,,ppi_lr_go
Agt,S1pr2,,ppi_lr_go
Hc,S1pr2,,ppi_lr_go
Pomc,S1pr2,,ppi_lr_go
Penk,S1pr2,,ppi_lr_go
Pdyn,S1pr2,,ppi_lr_go
Ppy,S1pr2,,ppi_lr_go
Npy,S1pr2,,ppi_lr_go
Pf4,S1pr2,,ppi_lr_go
Cxcl10,S1pr2,,ppi_lr_go
Saa1,S1pr2,,ppi_lr_go
Pyy,S1pr2,,ppi_lr_go
Ccl5,S1pr2,,ppi_lr_go
Cxcl1,S1pr2,,ppi_lr_go
Cxcl2,S1pr2,,ppi_lr_go
Pmch,S1pr2,,ppi_lr_go
Gal,S1pr2,,ppi_lr_go
Cxcl12,S1pr2,,ppi_lr_go
Sst,S1pr2,,ppi_lr_go
Ccl20,S1pr2,,ppi_lr_go
Cxcl5,S1pr2,,ppi_lr_go
Pnoc,S1pr2,,ppi_lr_go
Rln3,S1pr2,,ppi_lr_go
Ccl19,S1pr2,,ppi_lr_go
Cxcl16,S1pr2,,ppi_lr_go
Ccl28,S1pr2,,ppi_lr_go
Apln,S1pr2,,ppi_lr_go
Ccl27al,S1pr2,,ppi_lr_go
Insl5,S1pr2,,ppi_lr_go
Agt,S1pr4,,ppi_lr_go
Hc,S1pr4,,ppi_lr_go
Pomc,S1pr4,,ppi_lr_go
Penk,S1pr4,,ppi_lr_go
Pdyn,S1pr4,,ppi_lr_go
Ppy,S1pr4,,ppi_lr_go
Npy,S1pr4,,ppi_lr_go
Pf4,S1pr4,,ppi_lr_go
Cxcl10,S1pr4,,ppi_lr_go
Saa1,S1pr4,,ppi_lr_go
Pyy,S1pr4,,ppi_lr_go
Ccl5,S1pr4,,ppi_lr_go
Cxcl1,S1pr4,,ppi_lr_go
Cxcl2,S1pr4,,ppi_lr_go
Pmch,S1pr4,,ppi_lr_go
Gal,S1pr4,,ppi_lr_go
Cxcl12,S1pr4,,ppi_lr_go
Sst,S1pr4,,ppi_lr_go
Ccl20,S1pr4,,ppi_lr_go
Cxcl5,S1pr4,,ppi_lr_go
Pnoc,S1pr4,,ppi_lr_go
Rln3,S1pr4,,ppi_lr_go
Ccl19,S1pr4,,ppi_lr_go
Cxcl16,S1pr4,,ppi_lr_go
Ccl28,S1pr4,,ppi_lr_go
Apln,S1pr4,,ppi_lr_go
Ccl27al,S1pr4,,ppi_lr_go
Insl5,S1pr4,,ppi_lr_go
Efemp1,Vtn,,ppi_lr_go
Wnt5a,Cd3d,,ppi_lr_go
Hdgf,Krt1,,ppi_lr_go
Grn,Ntrk1,,ppi_lr_go
Txlna,Ntrk1,,ppi_lr_go
Rabep1,Ntrk1,,ppi_lr_go
Rabep2,Ntrk1,,ppi_lr_go
Gip,Adrb2,,ppi_lr_go
Calca,Adrb2,,ppi_lr_go
Iapp,Adrb2,,ppi_lr_go
Adcyap1,Adrb2,,ppi_lr_go
Adm,Adrb2,,ppi_lr_go
Wnt5a,Adrb2,,ppi_lr_go
Rln3,Adrb2,,ppi_lr_go
Saa1,Chrm2,,ppi_lr_go
Pyy,Chrm2,,ppi_lr_go
Ccl5,Chrm2,,ppi_lr_go
Cxcl1,Chrm2,,ppi_lr_go
Cxcl2,Chrm2,,ppi_lr_go
Pmch,Chrm2,,ppi_lr_go
Gal,Chrm2,,ppi_lr_go
Wnt5a,Chrm2,,ppi_lr_go
Cxcl12,Chrm2,,ppi_lr_go
Sst,Chrm2,,ppi_lr_go
Ccl20,Chrm2,,ppi_lr_go
Cxcl5,Chrm2,,ppi_lr_go
Pnoc,Chrm2,,ppi_lr_go
Rln3,Chrm2,,ppi_lr_go
Ccl19,Chrm2,,ppi_lr_go
Cxcl16,Chrm2,,ppi_lr_go
Ccl28,Chrm2,,ppi_lr_go
Apln,Chrm2,,ppi_lr_go
Ccl27al,Chrm2,,ppi_lr_go
Insl5,Chrm2,,ppi_lr_go
Saa1,Chrm4,,ppi_lr_go
Pyy,Chrm4,,ppi_lr_go
Ccl5,Chrm4,,ppi_lr_go
Cxcl1,Chrm4,,ppi_lr_go
Cxcl2,Chrm4,,ppi_lr_go
Pmch,Chrm4,,ppi_lr_go
Gal,Chrm4,,ppi_lr_go
Cxcl12,Chrm4,,ppi_lr_go
Sst,Chrm4,,ppi_lr_go
Ccl20,Chrm4,,ppi_lr_go
Cxcl5,Chrm4,,ppi_lr_go
Pnoc,Chrm4,,ppi_lr_go
Rln3,Chrm4,,ppi_lr_go
Ccl19,Chrm4,,ppi_lr_go
Cxcl16,Chrm4,,ppi_lr_go
Ccl28,Chrm4,,ppi_lr_go
Apln,Chrm4,,ppi_lr_go
Ccl27al,Chrm4,,ppi_lr_go
Insl5,Chrm4,,ppi_lr_go
Gip,Adrb1,,ppi_lr_go
Calca,Adrb1,,ppi_lr_go
Iapp,Adrb1,,ppi_lr_go
Pthlh,Adrb1,,ppi_lr_go
Adcyap1,Adrb1,,ppi_lr_go
Adm,Adrb1,,ppi_lr_go
Insl3,Adrb1,,ppi_lr_go
Adm2,Adrb1,,ppi_lr_go
Rln3,Adrb1,,ppi_lr_go
Il27,Il6ra,,ppi_lr_go
Nmb,Chrm5,,ppi_lr_go
Saa1,Chrm5,,ppi_lr_go
Edn3,Chrm5,,ppi_lr_go
Pmch,Chrm5,,ppi_lr_go
Trh,Chrm5,,ppi_lr_go
Edn2,Chrm5,,ppi_lr_go
Nts,Chrm5,,ppi_lr_go
Xcl1,Chrm5,,ppi_lr_go
Prok1,Chrm5,,ppi_lr_go
Qrfp,Chrm5,,ppi_lr_go
Uts2b,Chrm5,,ppi_lr_go
Ghrl,Chrm5,,ppi_lr_go
Pyy,Adra2a,,ppi_lr_go
Ccl5,Adra2a,,ppi_lr_go
Cxcl1,Adra2a,,ppi_lr_go
Pmch,Adra2a,,ppi_lr_go
Gal,Adra2a,,ppi_lr_go
Cxcl12,Adra2a,,ppi_lr_go
Sst,Adra2a,,ppi_lr_go
Ccl20,Adra2a,,ppi_lr_go
Pnoc,Adra2a,,ppi_lr_go
Rln3,Adra2a,,ppi_lr_go
Ccl19,Adra2a,,ppi_lr_go
Apln,Adra2a,,ppi_lr_go
Ccl27al,Adra2a,,ppi_lr_go
Wnt5a,Cd3g,,ppi_lr_go
Pyy,Adora3,,ppi_lr_go
Ccl5,Adora3,,ppi_lr_go
Cxcl1,Adora3,,ppi_lr_go
Cxcl2,Adora3,,ppi_lr_go
Pmch,Adora3,,ppi_lr_go
Gal,Adora3,,ppi_lr_go
Cxcl12,Adora3,,ppi_lr_go
Sst,Adora3,,ppi_lr_go
Ccl20,Adora3,,ppi_lr_go
Cxcl5,Adora3,,ppi_lr_go
Pnoc,Adora3,,ppi_lr_go
Rln3,Adora3,,ppi_lr_go
Ccl19,Adora3,,ppi_lr_go
Cxcl16,Adora3,,ppi_lr_go
Ccl28,Adora3,,ppi_lr_go
Apln,Adora3,,ppi_lr_go
Ccl27al,Adora3,,ppi_lr_go
Insl5,Adora3,,ppi_lr_go
Hmgb2,Ar,,ppi_lr_go
Cmtm2b,Ar,,ppi_lr_go
Edn3,Chrm1,,ppi_lr_go
Pmch,Chrm1,,ppi_lr_go
Trh,Chrm1,,ppi_lr_go
Edn2,Chrm1,,ppi_lr_go
Nts,Chrm1,,ppi_lr_go
Xcl1,Chrm1,,ppi_lr_go
Prok1,Chrm1,,ppi_lr_go
Qrfp,Chrm1,,ppi_lr_go
Uts2b,Chrm1,,ppi_lr_go
Ghrl,Chrm1,,ppi_lr_go
Lgals3,Cftr,,ppi_lr_go
Grn,Cftr,,ppi_lr_go
Wnt5a,Cftr,,ppi_lr_go
Mif,Itga4,,ppi_lr_go
Adm,Adrb3,,ppi_lr_go
Rln3,Adrb3,,ppi_lr_go
Cxcl1,Drd2,,ppi_lr_go
Cxcl2,Drd2,,ppi_lr_go
Pmch,Drd2,,ppi_lr_go
Gal,Drd2,,ppi_lr_go
Cxcl12,Drd2,,ppi_lr_go
Sst,Drd2,,ppi_lr_go
Ccl20,Drd2,,ppi_lr_go
Cxcl5,Drd2,,ppi_lr_go
Pnoc,Drd2,,ppi_lr_go
Rln3,Drd2,,ppi_lr_go
Ccl19,Drd2,,ppi_lr_go
Cxcl16,Drd2,,ppi_lr_go
Ccl28,Drd2,,ppi_lr_go
Apln,Drd2,,ppi_lr_go
Ccl27al,Drd2,,ppi_lr_go
Insl5,Drd2,,ppi_lr_go
Areg,Folr1,,ppi_lr_go
Copa,Folr1,,ppi_lr_go
Fgf21,Cd36,,ppi_lr_go
Lgals3,Itga2,,ppi_lr_go
Cxcl1,Adra2b,,ppi_lr_go
Cxcl2,Adra2b,,ppi_lr_go
Pmch,Adra2b,,ppi_lr_go
Gal,Adra2b,,ppi_lr_go
Cxcl12,Adra2b,,ppi_lr_go
Sst,Adra2b,,ppi_lr_go
Ccl20,Adra2b,,ppi_lr_go
Cxcl5,Adra2b,,ppi_lr_go
Pnoc,Adra2b,,ppi_lr_go
Rln3,Adra2b,,ppi_lr_go
Ccl19,Adra2b,,ppi_lr_go
Cxcl16,Adra2b,,ppi_lr_go
Ccl28,Adra2b,,ppi_lr_go
Apln,Adra2b,,ppi_lr_go
Ccl27al,Adra2b,,ppi_lr_go
Insl5,Adra2b,,ppi_lr_go
Cxcl1,Adra2c,,ppi_lr_go
Cxcl2,Adra2c,,ppi_lr_go
Pmch,Adra2c,,ppi_lr_go
Gal,Adra2c,,ppi_lr_go
Cxcl12,Adra2c,,ppi_lr_go
Sst,Adra2c,,ppi_lr_go
Ccl20,Adra2c,,ppi_lr_go
Cxcl5,Adra2c,,ppi_lr_go
Pnoc,Adra2c,,ppi_lr_go
Rln3,Adra2c,,ppi_lr_go
Ccl19,Adra2c,,ppi_lr_go
Cxcl16,Adra2c,,ppi_lr_go
Ccl28,Adra2c,,ppi_lr_go
Apln,Adra2c,,ppi_lr_go
Ccl27al,Adra2c,,ppi_lr_go
Insl5,Adra2c,,ppi_lr_go
Pmch,Chrm3,,ppi_lr_go
Trh,Chrm3,,ppi_lr_go
Edn2,Chrm3,,ppi_lr_go
Nts,Chrm3,,ppi_lr_go
Xcl1,Chrm3,,ppi_lr_go
Prok1,Chrm3,,ppi_lr_go
Qrfp,Chrm3,,ppi_lr_go
Uts2b,Chrm3,,ppi_lr_go
Ghrl,Chrm3,,ppi_lr_go
Wnt5a,M6pr,,ppi_lr_go
Gal,S1pr1,,ppi_lr_go
Cxcl12,S1pr1,,ppi_lr_go
Sst,S1pr1,,ppi_lr_go
Ccl20,S1pr1,,ppi_lr_go
Cxcl5,S1pr1,,ppi_lr_go
Pnoc,S1pr1,,ppi_lr_go
Rln3,S1pr1,,ppi_lr_go
Ccl19,S1pr1,,ppi_lr_go
Cxcl16,S1pr1,,ppi_lr_go
Ccl28,S1pr1,,ppi_lr_go
Apln,S1pr1,,ppi_lr_go
Ccl27al,S1pr1,,ppi_lr_go
Insl5,S1pr1,,ppi_lr_go
Gal,Cnr1,,ppi_lr_go
Cxcl12,Cnr1,,ppi_lr_go
Sst,Cnr1,,ppi_lr_go
Ccl20,Cnr1,,ppi_lr_go
Cxcl5,Cnr1,,ppi_lr_go
Pnoc,Cnr1,,ppi_lr_go
Rln3,Cnr1,,ppi_lr_go
Ccl19,Cnr1,,ppi_lr_go
Cxcl16,Cnr1,,ppi_lr_go
Ccl28,Cnr1,,ppi_lr_go
Apln,Cnr1,,ppi_lr_go
Ccl27al,Cnr1,,ppi_lr_go
Insl5,Cnr1,,ppi_lr_go
Adm,Drd1,,ppi_lr_go
Insl3,Drd1,,ppi_lr_go
Adm2,Drd1,,ppi_lr_go
Rln3,Drd1,,ppi_lr_go
Nts,Tbxa2r,,ppi_lr_go
Xcl1,Tbxa2r,,ppi_lr_go
Prok1,Tbxa2r,,ppi_lr_go
Qrfp,Tbxa2r,,ppi_lr_go
Uts2b,Tbxa2r,,ppi_lr_go
Kl,Fgfr2,,ppi_lr_go
Gal,Drd4,,ppi_lr_go
Cxcl12,Drd4,,ppi_lr_go
Sst,Drd4,,ppi_lr_go
Ccl20,Drd4,,ppi_lr_go
Cxcl5,Drd4,,ppi_lr_go
Pnoc,Drd4,,ppi_lr_go
Rln3,Drd4,,ppi_lr_go
Ccl19,Drd4,,ppi_lr_go
Cxcl16,Drd4,,ppi_lr_go
Ccl28,Drd4,,ppi_lr_go
Apln,Drd4,,ppi_lr_go
Ccl27al,Drd4,,ppi_lr_go
Insl5,Drd4,,ppi_lr_go
Adm,Drd5,,ppi_lr_go
Insl3,Drd5,,ppi_lr_go
Adm2,Drd5,,ppi_lr_go
Rln3,Drd5,,ppi_lr_go
Nts,Adra1d,,ppi_lr_go
Xcl1,Adra1d,,ppi_lr_go
Prok1,Adra1d,,ppi_lr_go
Qrfp,Adra1d,,ppi_lr_go
Uts2b,Adra1d,,ppi_lr_go
Ghrl,Adra1d,,ppi_lr_go
Nts,Ptafr,,ppi_lr_go
Xcl1,Ptafr,,ppi_lr_go
Prok1,Ptafr,,ppi_lr_go
Qrfp,Ptafr,,ppi_lr_go
Uts2b,Ptafr,,ppi_lr_go
Ghrl,Ptafr,,ppi_lr_go
Adm,Adora2a,,ppi_lr_go
Insl3,Adora2a,,ppi_lr_go
Adm2,Adora2a,,ppi_lr_go
Rln3,Adora2a,,ppi_lr_go
Adm,Adora2b,,ppi_lr_go
Insl3,Adora2b,,ppi_lr_go
Adm2,Adora2b,,ppi_lr_go
Rln3,Adora2b,,ppi_lr_go
Il2,Ptpn6,,ppi_lr_go
Cxcl12,Adora1,,ppi_lr_go
Sst,Adora1,,ppi_lr_go
Ccl20,Adora1,,ppi_lr_go
Cxcl5,Adora1,,ppi_lr_go
Pnoc,Adora1,,ppi_lr_go
Rln3,Adora1,,ppi_lr_go
Ccl19,Adora1,,ppi_lr_go
Cxcl16,Adora1,,ppi_lr_go
Ccl28,Adora1,,ppi_lr_go
Apln,Adora1,,ppi_lr_go
Ccl27al,Adora1,,ppi_lr_go
Insl5,Adora1,,ppi_lr_go
Cxcl12,Cnr2,,ppi_lr_go
Sst,Cnr2,,ppi_lr_go
Ccl20,Cnr2,,ppi_lr_go
Cxcl5,Cnr2,,ppi_lr_go
Pnoc,Cnr2,,ppi_lr_go
Rln3,Cnr2,,ppi_lr_go
Ccl19,Cnr2,,ppi_lr_go
Cxcl16,Cnr2,,ppi_lr_go
Ccl28,Cnr2,,ppi_lr_go
Apln,Cnr2,,ppi_lr_go
Ccl27al,Cnr2,,ppi_lr_go
Insl5,Cnr2,,ppi_lr_go
Xcl1,Ptger1,,ppi_lr_go
Prok1,Ptger1,,ppi_lr_go
Qrfp,Ptger1,,ppi_lr_go
Uts2b,Ptger1,,ppi_lr_go
Ghrl,Ptger1,,ppi_lr_go
Xcl1,Adra1a,,ppi_lr_go
Prok1,Adra1a,,ppi_lr_go
Qrfp,Adra1a,,ppi_lr_go
Uts2b,Adra1a,,ppi_lr_go
Ghrl,Adra1a,,ppi_lr_go
Xcl1,Adra1b,,ppi_lr_go
Prok1,Adra1b,,ppi_lr_go
Qrfp,Adra1b,,ppi_lr_go
Uts2b,Adra1b,,ppi_lr_go
Ghrl,Adra1b,,ppi_lr_go
Insl3,Ptger4,,ppi_lr_go
Adm2,Ptger4,,ppi_lr_go
Rln3,Ptger4,,ppi_lr_go
Cxcl12,Drd3,,ppi_lr_go
Sst,Drd3,,ppi_lr_go
Ccl20,Drd3,,ppi_lr_go
Cxcl5,Drd3,,ppi_lr_go
Pnoc,Drd3,,ppi_lr_go
Rln3,Drd3,,ppi_lr_go
Ccl19,Drd3,,ppi_lr_go
Cxcl16,Drd3,,ppi_lr_go
Ccl28,Drd3,,ppi_lr_go
Apln,Drd3,,ppi_lr_go
Ccl27al,Drd3,,ppi_lr_go
Insl5,Drd3,,ppi_lr_go
Cd320,Tgfbr2,,ppi_lr_go
Xcl1,Casr,,ppi_lr_go
Cxcl12,Casr,,ppi_lr_go
Prok1,Casr,,ppi_lr_go
Sst,Casr,,ppi_lr_go
Ccl20,Casr,,ppi_lr_go
Cxcl5,Casr,,ppi_lr_go
Qrfp,Casr,,ppi_lr_go
Pnoc,Casr,,ppi_lr_go
Uts2b,Casr,,ppi_lr_go
Rln3,Casr,,ppi_lr_go
Ccl19,Casr,,ppi_lr_go
Cxcl16,Casr,,ppi_lr_go
Ccl28,Casr,,ppi_lr_go
Ghrl,Casr,,ppi_lr_go
Apln,Casr,,ppi_lr_go
Ccl27al,Casr,,ppi_lr_go
Insl5,Casr,,ppi_lr_go
Xcl1,P2ry2,,ppi_lr_go
Prok1,P2ry2,,ppi_lr_go
Qrfp,P2ry2,,ppi_lr_go
Uts2b,P2ry2,,ppi_lr_go
Ghrl,P2ry2,,ppi_lr_go
Xcl1,Grm5,,ppi_lr_go
Prok1,Grm5,,ppi_lr_go
Qrfp,Grm5,,ppi_lr_go
Uts2b,Grm5,,ppi_lr_go
Ghrl,Grm5,,ppi_lr_go
Xcl1,Ptgfr,,ppi_lr_go
Prok1,Ptgfr,,ppi_lr_go
Qrfp,Ptgfr,,ppi_lr_go
Uts2b,Ptgfr,,ppi_lr_go
Ghrl,Ptgfr,,ppi_lr_go
Cxcl12,Ptger3,,ppi_lr_go
Sst,Ptger3,,ppi_lr_go
Ccl20,Ptger3,,ppi_lr_go
Cxcl5,Ptger3,,ppi_lr_go
Pnoc,Ptger3,,ppi_lr_go
Cmtm4,Ptger3,,ppi_lr_go
Rln3,Ptger3,,ppi_lr_go
Ccl19,Ptger3,,ppi_lr_go
Cxcl16,Ptger3,,ppi_lr_go
Ccl28,Ptger3,,ppi_lr_go
Apln,Ptger3,,ppi_lr_go
Ccl27al,Ptger3,,ppi_lr_go
Insl5,Ptger3,,ppi_lr_go
Insl3,Ptger2,,ppi_lr_go
Adm2,Ptger2,,ppi_lr_go
Rln3,Ptger2,,ppi_lr_go
Insl3,Ptgir,,ppi_lr_go
Adm2,Ptgir,,ppi_lr_go
Rln3,Ptgir,,ppi_lr_go
Ghrl,Ptgir,,ppi_lr_go
Xcl1,Lpar6,,ppi_lr_go
Prok1,Lpar6,,ppi_lr_go
Qrfp,Lpar6,,ppi_lr_go
Uts2b,Lpar6,,ppi_lr_go
Ghrl,Lpar6,,ppi_lr_go
Xcl1,Gpr4,,ppi_lr_go
Prok1,Gpr4,,ppi_lr_go
Qrfp,Gpr4,,ppi_lr_go
Uts2b,Gpr4,,ppi_lr_go
Ghrl,Gpr4,,ppi_lr_go
Xcl1,P2ry1,,ppi_lr_go
Prok1,P2ry1,,ppi_lr_go
Qrfp,P2ry1,,ppi_lr_go
Uts2b,P2ry1,,ppi_lr_go
Ghrl,P2ry1,,ppi_lr_go
Gmfb,Mtnr1a,,ppi_lr_go
Il16,Kcnj1,,ppi_lr_go
Gmfb,Mtnr1b,,ppi_lr_go
Insl3,Gpr15,,ppi_lr_go
Adm2,Gpr15,,ppi_lr_go
Rln3,Gpr15,,ppi_lr_go
Sst,P2ry4,,ppi_lr_go
Ccl20,P2ry4,,ppi_lr_go
Cxcl5,P2ry4,,ppi_lr_go
Pnoc,P2ry4,,ppi_lr_go
Rln3,P2ry4,,ppi_lr_go
Ccl19,P2ry4,,ppi_lr_go
Cxcl16,P2ry4,,ppi_lr_go
Ccl28,P2ry4,,ppi_lr_go
Apln,P2ry4,,ppi_lr_go
Ccl27al,P2ry4,,ppi_lr_go
Insl5,P2ry4,,ppi_lr_go
Efna5,Efna3,,ppi_lr_go
Efna5,Efna4,,ppi_lr_go
Sst,Tas2r138,,ppi_lr_go
Ccl20,Tas2r138,,ppi_lr_go
Cxcl5,Tas2r138,,ppi_lr_go
Pnoc,Tas2r138,,ppi_lr_go
Rln3,Tas2r138,,ppi_lr_go
Ccl19,Tas2r138,,ppi_lr_go
Cxcl16,Tas2r138,,ppi_lr_go
Ccl28,Tas2r138,,ppi_lr_go
Apln,Tas2r138,,ppi_lr_go
Ccl27al,Tas2r138,,ppi_lr_go
Insl5,Tas2r138,,ppi_lr_go
Sst,Tas2r139,,ppi_lr_go
Ccl20,Tas2r139,,ppi_lr_go
Cxcl5,Tas2r139,,ppi_lr_go
Pnoc,Tas2r139,,ppi_lr_go
Rln3,Tas2r139,,ppi_lr_go
Ccl19,Tas2r139,,ppi_lr_go
Cxcl16,Tas2r139,,ppi_lr_go
Ccl28,Tas2r139,,ppi_lr_go
Apln,Tas2r139,,ppi_lr_go
Ccl27al,Tas2r139,,ppi_lr_go
Insl5,Tas2r139,,ppi_lr_go
Sst,Tas2r144,,ppi_lr_go
Ccl20,Tas2r144,,ppi_lr_go
Cxcl5,Tas2r144,,ppi_lr_go
Pnoc,Tas2r144,,ppi_lr_go
Rln3,Tas2r144,,ppi_lr_go
Ccl19,Tas2r144,,ppi_lr_go
Cxcl16,Tas2r144,,ppi_lr_go
Ccl28,Tas2r144,,ppi_lr_go
Apln,Tas2r144,,ppi_lr_go
Ccl27al,Tas2r144,,ppi_lr_go
Insl5,Tas2r144,,ppi_lr_go
Sst,Tas2r126,,ppi_lr_go
Ccl20,Tas2r126,,ppi_lr_go
Cxcl5,Tas2r126,,ppi_lr_go
Pnoc,Tas2r126,,ppi_lr_go
Rln3,Tas2r126,,ppi_lr_go
Ccl19,Tas2r126,,ppi_lr_go
Cxcl16,Tas2r126,,ppi_lr_go
Ccl28,Tas2r126,,ppi_lr_go
Apln,Tas2r126,,ppi_lr_go
Ccl27al,Tas2r126,,ppi_lr_go
Insl5,Tas2r126,,ppi_lr_go
Sst,Tas2r136,,ppi_lr_go
Ccl20,Tas2r136,,ppi_lr_go
Cxcl5,Tas2r136,,ppi_lr_go
Pnoc,Tas2r136,,ppi_lr_go
Rln3,Tas2r136,,ppi_lr_go
Ccl19,Tas2r136,,ppi_lr_go
Cxcl16,Tas2r136,,ppi_lr_go
Ccl28,Tas2r136,,ppi_lr_go
Apln,Tas2r136,,ppi_lr_go
Ccl27al,Tas2r136,,ppi_lr_go
Insl5,Tas2r136,,ppi_lr_go
Sst,Tas2r120,,ppi_lr_go
Ccl20,Tas2r120,,ppi_lr_go
Cxcl5,Tas2r120,,ppi_lr_go
Pnoc,Tas2r120,,ppi_lr_go
Rln3,Tas2r120,,ppi_lr_go
Ccl19,Tas2r120,,ppi_lr_go
Cxcl16,Tas2r120,,ppi_lr_go
Ccl28,Tas2r120,,ppi_lr_go
Apln,Tas2r120,,ppi_lr_go
Ccl27al,Tas2r120,,ppi_lr_go
Insl5,Tas2r120,,ppi_lr_go
Sst,Tas2r135,,ppi_lr_go
Ccl20,Tas2r135,,ppi_lr_go
Cxcl5,Tas2r135,,ppi_lr_go
Pnoc,Tas2r135,,ppi_lr_go
Rln3,Tas2r135,,ppi_lr_go
Ccl19,Tas2r135,,ppi_lr_go
Cxcl16,Tas2r135,,ppi_lr_go
Ccl28,Tas2r135,,ppi_lr_go
Apln,Tas2r135,,ppi_lr_go
Ccl27al,Tas2r135,,ppi_lr_go
Insl5,Tas2r135,,ppi_lr_go
Bmp8a,Dlg4,,ppi_lr_go
Uts2b,Grm1,,ppi_lr_go
Ghrl,Grm1,,ppi_lr_go
Adm2,Ptgdr,,ppi_lr_go
Rln3,Ptgdr,,ppi_lr_go
Pnoc,Gpr17,,ppi_lr_go
Uts2b,Gpr17,,ppi_lr_go
Rln3,Gpr17,,ppi_lr_go
Ccl19,Gpr17,,ppi_lr_go
Cxcl16,Gpr17,,ppi_lr_go
Ccl28,Gpr17,,ppi_lr_go
Ghrl,Gpr17,,ppi_lr_go
Apln,Gpr17,,ppi_lr_go
Ccl27al,Gpr17,,ppi_lr_go
Insl5,Gpr17,,ppi_lr_go
Rln3,Gpr18,,ppi_lr_go
Ccl19,Gpr18,,ppi_lr_go
Cxcl16,Gpr18,,ppi_lr_go
Ccl28,Gpr18,,ppi_lr_go
Apln,Gpr18,,ppi_lr_go
Ccl27al,Gpr18,,ppi_lr_go
Insl5,Gpr18,,ppi_lr_go
Rln3,Grm2,,ppi_lr_go
Ccl19,Grm2,,ppi_lr_go
Cxcl16,Grm2,,ppi_lr_go
Ccl28,Grm2,,ppi_lr_go
Apln,Grm2,,ppi_lr_go
Ccl27al,Grm2,,ppi_lr_go
Insl5,Grm2,,ppi_lr_go
Adm2,Gpr176,,ppi_lr_go
Rln3,Gpr176,,ppi_lr_go
Rln3,Grm7,,ppi_lr_go
Ccl19,Grm7,,ppi_lr_go
Ccl27al,Grm7,,ppi_lr_go
Rln3,Grm3,,ppi_lr_go
Ccl19,Grm3,,ppi_lr_go
Cxcl16,Grm3,,ppi_lr_go
Ccl28,Grm3,,ppi_lr_go
Apln,Grm3,,ppi_lr_go
Ccl27al,Grm3,,ppi_lr_go
Insl5,Grm3,,ppi_lr_go
Uts2b,P2ry6,,ppi_lr_go
Ghrl,P2ry6,,ppi_lr_go
Uts2b,Ltb4r1,,ppi_lr_go
Ghrl,Ltb4r1,,ppi_lr_go
Uts2b,Gpr68,,ppi_lr_go
Ghrl,Gpr68,,ppi_lr_go
Uts2b,Gprc6a,,ppi_lr_go
Ghrl,Gprc6a,,ppi_lr_go
Cmtm6,Scara3,,ppi_lr_go
Ghrl,Gpr65,,ppi_lr_go
Wnt8b,Sfrp1,,ppi_lr_go
Wnt8a,Sfrp1,,ppi_lr_go
Rln3,Gpr150,,ppi_lr_go
Rln3,Hcar2,,ppi_lr_go
Ccl19,Hcar2,,ppi_lr_go
Cxcl16,Hcar2,,ppi_lr_go
Ccl28,Hcar2,,ppi_lr_go
Apln,Hcar2,,ppi_lr_go
Ccl27al,Hcar2,,ppi_lr_go
Insl5,Hcar2,,ppi_lr_go
Rln3,Gpbar1,,ppi_lr_go
Gdf3,Tsku,,ppi_lr_go
Gpha2,Adgrv1,,ppi_lr_go
Cmtm6,Lpar1,,ppi_lr_go
Il23a,Esr2,,ppi_lr_go
Clcf1,Esr2,,ppi_lr_go
Ccl19,Oxgr1,,ppi_lr_go
Cxcl16,Oxgr1,,ppi_lr_go
Ccl28,Oxgr1,,ppi_lr_go
Apln,Oxgr1,,ppi_lr_go
Ccl27al,Oxgr1,,ppi_lr_go
Insl5,Oxgr1,,ppi_lr_go
Ccl19,S1pr3,,ppi_lr_go
Cxcl16,S1pr3,,ppi_lr_go
Ccl28,S1pr3,,ppi_lr_go
Apln,S1pr3,,ppi_lr_go
Ccl27al,S1pr3,,ppi_lr_go
Insl5,S1pr3,,ppi_lr_go
Ccl19,Gper1,,ppi_lr_go
Cxcl16,Gper1,,ppi_lr_go
Ccl28,Gper1,,ppi_lr_go
Apln,Gper1,,ppi_lr_go
Ccl27al,Gper1,,ppi_lr_go
Insl5,Gper1,,ppi_lr_go
Cxcl16,P2ry13,,ppi_lr_go
Ccl28,P2ry13,,ppi_lr_go
Apln,P2ry13,,ppi_lr_go
Ccl27al,P2ry13,,ppi_lr_go
Insl5,P2ry13,,ppi_lr_go
Cxcl16,Sucnr1,,ppi_lr_go
Ccl28,Sucnr1,,ppi_lr_go
Apln,Sucnr1,,ppi_lr_go
Ccl27al,Sucnr1,,ppi_lr_go
Insl5,Sucnr1,,ppi_lr_go
Cxcl16,Hcar1,,ppi_lr_go
Ccl28,Hcar1,,ppi_lr_go
Apln,Hcar1,,ppi_lr_go
Ccl27al,Hcar1,,ppi_lr_go
Insl5,Hcar1,,ppi_lr_go
Cxcl16,Lpar5,,ppi_lr_go
Ccl28,Lpar5,,ppi_lr_go
Ghrl,Lpar5,,ppi_lr_go
Apln,Lpar5,,ppi_lr_go
Ccl27al,Lpar5,,ppi_lr_go
Insl5,Lpar5,,ppi_lr_go
Cxcl16,S1pr5,,ppi_lr_go
Ccl28,S1pr5,,ppi_lr_go
Apln,S1pr5,,ppi_lr_go
Ccl27al,S1pr5,,ppi_lr_go
Insl5,S1pr5,,ppi_lr_go
Cxcl16,P2ry12,,ppi_lr_go
Ccl28,P2ry12,,ppi_lr_go
Cmtm6,P2ry12,,ppi_lr_go
Apln,P2ry12,,ppi_lr_go
Ccl27al,P2ry12,,ppi_lr_go
Insl5,P2ry12,,ppi_lr_go
Ghrl,Ltb4r2,,ppi_lr_go
Ghrl,Cysltr2,,ppi_lr_go
Apln,Tas2r118,,ppi_lr_go
Ccl27al,Tas2r118,,ppi_lr_go
Insl5,Tas2r118,,ppi_lr_go
Apln,Tas2r140,,ppi_lr_go
Ccl27al,Tas2r140,,ppi_lr_go
Insl5,Tas2r140,,ppi_lr_go
Apln,Tas2r121,,ppi_lr_go
Ccl27al,Tas2r121,,ppi_lr_go
Insl5,Tas2r121,,ppi_lr_go
Apln,Tas2r114,,ppi_lr_go
Ccl27al,Tas2r114,,ppi_lr_go
Insl5,Tas2r114,,ppi_lr_go
Apln,Tas2r130,,ppi_lr_go
Ccl27al,Tas2r130,,ppi_lr_go
Insl5,Tas2r130,,ppi_lr_go
Apln,Tas2r108,,ppi_lr_go
Ccl27al,Tas2r108,,ppi_lr_go
Insl5,Tas2r108,,ppi_lr_go
Apln,Tas2r137,,ppi_lr_go
Ccl27al,Tas2r137,,ppi_lr_go
Insl5,Tas2r137,,ppi_lr_go
Apln,Tas2r119,,ppi_lr_go
Ccl27al,Tas2r119,,ppi_lr_go
Insl5,Tas2r119,,ppi_lr_go
Apln,Gabbr1,,ppi_lr_go
Ccl27al,Gabbr1,,ppi_lr_go
Insl5,Gabbr1,,ppi_lr_go
Apln,Lpar3,,ppi_lr_go
Ccl27al,Lpar3,,ppi_lr_go
Insl5,Lpar3,,ppi_lr_go
Ccl27al,Gpr55,,ppi_lr_go
Insl5,Gpr55,,ppi_lr_go
Vegfb,Fat1,,ppi_l_bidir_go
Tnf,Pcdh7,,ppi_l_bidir_go
Gpha2,Fat1,,ppi_l_bidir_go
Jag2,Pcdh7,,ppi_l_bidir_go
Jag2,Dsg2,,ppi_l_bidir_go
Jag2,Dsc2,,ppi_l_bidir_go
Tnf,Pik3cb,,ppi_l_bidir_go
Gdf9,Pcdha4,,ppi_l_bidir_go
Fgf21,Cdh7,,ppi_l_bidir_go
Fgf10,Pik3cb,,ppi_l_bidir_go
Fgf16,Pik3cb,,ppi_l_bidir_go
Fgf17,Pik3cb,,ppi_l_bidir_go
Pspn,Pik3cb,,ppi_l_bidir_go
Fgf18,Pik3cb,,ppi_l_bidir_go
Fgf15,Pik3cb,,ppi_l_bidir_go
Pdgfb,Pik3cb,,ppi_l_bidir_go
Ngf,Pik3cb,,ppi_l_bidir_go
Tnf,Fat1,,ppi_l_bidir_go
Tnf,Celsr2,,ppi_l_bidir_go
Pdgfa,Pik3cb,,ppi_l_bidir_go
Csf2,Pik3cb,,ppi_l_bidir_go
Il5,Pik3cb,,ppi_l_bidir_go
Fgf1,Pik3cb,,ppi_l_bidir_go
Fgf4,Pik3cb,,ppi_l_bidir_go
Fgf2,Pik3cb,,ppi_l_bidir_go
Csf1,Celsr3,,ppi_l_bidir_go
Fgf6,Pik3cb,,ppi_l_bidir_go
Fgf3,Pik3cb,,ppi_l_bidir_go
Fgf5,Pik3cb,,ppi_l_bidir_go
Vegfa,Pik3cb,,ppi_l_bidir_go
Lgals3,Sdk2,,ppi_l_bidir_go
Lgals3,Sdk1,,ppi_l_bidir_go
Lgals3,Cadm1,,ppi_l_bidir_go
Fgf7,Pik3cb,,ppi_l_bidir_go
Fgf7,Pkd1,,ppi_l_bidir_go
Fgf9,Pik3cb,,ppi_l_bidir_go
Gdnf,Pik3cb,,ppi_l_bidir_go
Hmgb2,Dsg2,,ppi_l_bidir_go
Apoa1,Pcdh1,,ppi_l_bidir_go
Klk1b22,Pcdh1,,ppi_l_bidir_go
Fbn1,Clstn1,,ppi_l_bidir_go
Sfrp2,Cdh1,,ppi_l_bidir_go
Cartpt,Ceacam1,,ppi_l_bidir_go
Adipoq,Cdh13,,ppi_l_bidir_go
Zp3,Pcdh17,,ppi_l_bidir_go
Hmgb2,Cdh1,,ppi_l_bidir_go
Tnfsf10,Pik3cb,,ppi_l_bidir_go
Fgf8,Pik3cb,,ppi_l_bidir_go
Il2,Pik3cb,,ppi_l_bidir_go
Artn,Pik3cb,,ppi_l_bidir_go
Nrtn,Pik3cb,,ppi_l_bidir_go
Fgf23,Pik3cb,,ppi_l_bidir_go
Fgf22,Pik3cb,,ppi_l_bidir_go
Fgf20,Pik3cb,,ppi_l_bidir_go
Kl,Pik3cb,,ppi_l_bidir_go
Robo1,Robo4,,ppi_bidir_r_go
Ptprf,Insr,,ppi_bidir_r_go
Dsc3,Ryk,,ppi_bidir_r_go
Ptprf,Ryk,,ppi_bidir_r_go
Fat3,Ryk,,ppi_bidir_r_go
Dsg1a,Esr1,,ppi_bidir_r_go
Ptprf,Egfr,,ppi_bidir_r_go
Dsg1a,Ntrk1,,ppi_bidir_r_go
Dsc1,Ntrk1,,ppi_bidir_r_go
Ret,Ntrk1,,ppi_bidir_r_go
Ptprf,Ntrk1,,ppi_bidir_r_go
Pcdh7,Lsr,,ppi_bidir_r_go
Pcdh7,Dlg1,,ppi_bidir_r_go
Pcdh7,Epha2,,ppi_bidir_r_go
Pcdh7,Insr,,ppi_bidir_r_go
Pcdh7,Ror2,,ppi_bidir_r_go
Pcdh7,Fzd5,,ppi_bidir_r_go
Pcdh7,Lrp8,,ppi_bidir_r_go
Dsg2,Epha2,,ppi_bidir_r_go
Dsg2,Insr,,ppi_bidir_r_go
Dsg2,Ror2,,ppi_bidir_r_go
Dsg2,Fzd5,,ppi_bidir_r_go
Dsg2,Lrp8,,ppi_bidir_r_go
Ptprf,Rack1,,ppi_bidir_r_go
Ptprf,Mcc,,ppi_bidir_r_go
Ptprf,Epha5,,ppi_bidir_r_go
Dsg2,Fas,,ppi_bidir_r_go
Dsg2,Lsr,,ppi_bidir_r_go
Dsg2,Lrp2,,ppi_bidir_r_go
Ret,Rack1,,ppi_bidir_r_go
Ret,Abca7,,ppi_bidir_r_go
Dsg2,Itpr3,,ppi_bidir_r_go
Sdk1,Il4ra,,ppi_bidir_r_go
Robo2,Il4ra,,ppi_bidir_r_go
Ptprf,Met,,ppi_bidir_r_go
Ret,Grin1,,ppi_bidir_r_go
Cadm1,Dlg1,,ppi_bidir_r_go
Dsg2,Itpr1,,ppi_bidir_r_go
Dsg2,Cxcr4,,ppi_bidir_r_go
Dsg2,Lifr,,ppi_bidir_r_go
Dsg2,Lrp10,,ppi_bidir_r_go
Dsg2,Ddr2,,ppi_bidir_r_go
Dsg2,Xpr1,,ppi_bidir_r_go
Pcdh7,Ddr2,,ppi_bidir_r_go
Pcdh7,Xpr1,,ppi_bidir_r_go
Dsg2,Fzd6,,ppi_bidir_r_go
Dsg2,Epha7,,ppi_bidir_r_go
Ptprf,Gria2,,ppi_bidir_r_go
Ptprf,Gria3,,ppi_bidir_r_go
Pcdh1,Derl1,,ppi_bidir_r_go
Pcdh1,Or3a1,,ppi_bidir_r_go
Itgb1,Ptk2b,,ppi_bidir_r_go
Ceacam1,Ptpn6,,ppi_bidir_r_go
Pkd1,Pkd2,,ppi_bidir_r_go
Pkd1,Pkd2l1,,ppi_bidir_r_go
Tro,Erbb4,,ppi_bidir_r_go
Itgb1,Rack1,,ppi_bidir_r_go
Itgb1,Cd46,,ppi_bidir_r_go
Cdh2,Grin1,,ppi_bidir_r_go
Plxnb2,Met,,ppi_bidir_r_go
Cdh1,Rack1,,ppi_bidir_r_go
Ptprm,Rack1,,ppi_bidir_r_go
Cdh2,Ptpn6,,ppi_bidir_r_go
Ptprt,Egfr,,ppi_bidir_r_go
Plxnb2,Mst1r,,ppi_bidir_r_go
Cdh5,P2rx4,,ppi_bidir_r_go
Pik3cb,Agtr2,,ppi_bidir_r_go
Ptprf,Ptpra,,ppi_bidir_r_go
Cdh1,Trpv1,,ppi_bidir_r_go
Cdh1,Trpv4,,ppi_bidir_r_go
Cdh2,Grik1,,ppi_bidir_r_go
Cdh2,Grik2,,ppi_bidir_r_go
Cdh2,Ptprr,,ppi_bidir_r_go
Cdh2,Ptprk,,ppi_bidir_r_go
Cdh2,Ptpro,,ppi_bidir_r_go
Cdh2,Ptprg,,ppi_bidir_r_go
Clstn1,Prnp,,ppi_bidir_r_go
Ptprm,Ptprk,,ppi_bidir_r_go
Fat1,Mchr1,,ppi_bidir_r_go
Ptprt,Dlg4,,ppi_bidir_r_go
Ptprt,Nlgn1,,ppi_bidir_r_go
Ptprt,Nlgn2,,ppi_bidir_r_go
Ptprt,Nrxn2,,ppi_bidir_r_go
Ptprt,Nrxn1,,ppi_bidir_r_go
Plxnb2,Ntrk1,,ppi_bidir_r_go
Plxnb2,Ptch1,,ppi_bidir_r_go
Plxnb2,Ptprk,,ppi_bidir_r_go
Plxnb2,Pvrig,,ppi_bidir_r_go
Pcdh7,Ryk,,ppi_bidir_r_go
Dscam,Esr1,,ppi_bidir_r_go
Dscam,Lgr4,,ppi_bidir_r_go
Clstn1,Tfrc,,ppi_bidir_r_go
Clstn1,Igf2r,,ppi_bidir_r_go
Clstn1,M6pr,,ppi_bidir_r_go
Clstn1,Lrp1,,ppi_bidir_r_go
Clstn1,Cd47,,ppi_bidir_r_go
Clstn1,Pvrig,,ppi_bidir_r_go
Itgb1,Dab2,,ppi_bidir_r_go
Itgb1,Slc1a5,,ppi_bidir_r_go
Ret,Ngfr,,ppi_bidir_r_go
Ret,Epha2,,ppi_bidir_r_go
Ret,Epha5,,ppi_bidir_r_go
Ret,Sort1,,ppi_bidir_r_go
Ret,Notch3,,ppi_bidir_r_go
Ptprf,Tgfbr2,,ppi_bidir_r_go
Cdh1,Cftr,,ppi_bidir_r_go
Cdh1,Slc1a5,,ppi_bidir_r_go
Cdh2,Grin2b,,ppi_bidir_r_go
Pik3cb,Ptger3,,ppi_bidir_r_go
Pik3cb,Gfra1,,ppi_bidir_r_go
Pik3cb,Il5ra,,ppi_bidir_r_go
Pik3cb,Tek,,ppi_bidir_r_go
Pik3cb,Klrd1,,ppi_bidir_r_go
Pik3cb,Ptk2b,,ppi_bidir_r_go
Pik3cb,Gfra4,,ppi_bidir_r_go
Pik3cb,Trem2,,ppi_bidir_r_go
Pik3cb,Alk,,ppi_bidir_r_go
Cdh4,Dlg4,,ppi_bidir_r_go
Pkd1,Ddr1,,ppi_bidir_r_go
Pkd1,Cnga2,,ppi_bidir_r_go
Pkd1,Cnga4,,ppi_bidir_r_go
Dsg1a,Grin1,,ppi_bidir_r_go
Dsg1a,Grin2b,,ppi_bidir_r_go
Sdk2,Dlg3,,ppi_bidir_r_go
Fat4,Fzd1,,ppi_bidir_r_go
Dsg4,Or51e2,,ppi_bidir_r_go
Celsr1,Chrna9,,ppi_bidir_r_go
Celsr1,Fzd1,,ppi_bidir_r_go
Dsg2,Adrb2,,ppi_bidir_r_go
Ret,Gpr25,,ppi_bidir_r_go
Ret,Egfr,,ppi_bidir_r_go
Dsg2,Ryk,,ppi_bidir_r_go
Fat4,Ryk,,ppi_bidir_r_go
Cdhr1,Ryk,,ppi_bidir_r_go
Pcdh9,Ryk,,ppi_bidir_r_go
Dsc2,Ryk,,ppi_bidir_r_go
Pkd1,Cftr,,ppi_bidir_r_go
Dsg2,Egfr,,ppi_bidir_r_go
Fat1,Cftr,,ppi_bidir_r_go
Robo2,Dcc,,ppi_bidir_r_go
Pcdh7,Ephb4,,ppi_bidir_r_go
Dsg2,Ephb4,,ppi_bidir_r_go
Dsc2,Ephb4,,ppi_bidir_r_go
Pcdh7,Ror1,,ppi_bidir_r_go
Dsg2,Ror1,,ppi_bidir_r_go
Dsc2,Ror1,,ppi_bidir_r_go
Pcdh7,Unc5b,,ppi_bidir_r_go
Dsg2,Unc5b,,ppi_bidir_r_go
Dsc2,Unc5b,,ppi_bidir_r_go
Pcdh7,Sec63,,ppi_bidir_r_go
Dsg2,Sec63,,ppi_bidir_r_go
Dsc2,Sec63,,ppi_bidir_r_go
Pcdh7,Lrp6,,ppi_bidir_r_go
Dsg2,Lrp6,,ppi_bidir_r_go
Dsc2,Lrp6,,ppi_bidir_r_go
Pcdh7,Fzd6,,ppi_bidir_r_go
Dsc2,Fzd6,,ppi_bidir_r_go
Pcdh7,Ptk7,,ppi_bidir_r_go
Dsg2,Ptk7,,ppi_bidir_r_go
Dsc2,Ptk7,,ppi_bidir_r_go
Dsc2,Lsr,,ppi_bidir_r_go
Dsg2,Dlg1,,ppi_bidir_r_go
Dsc2,Dlg1,,ppi_bidir_r_go
Dsc2,Epha2,,ppi_bidir_r_go
Dsc2,Insr,,ppi_bidir_r_go
Dsc2,Ror2,,ppi_bidir_r_go
Dsc2,Fzd5,,ppi_bidir_r_go
Dsc2,Lrp8,,ppi_bidir_r_go
Dsg2,Unc5c,,ppi_bidir_r_go
Dsg2,Dab2,,ppi_bidir_r_go
Dsg2,Cd44,,ppi_bidir_r_go
Ptprf,Erbb2,,ppi_bidir_r_go
Robo2,Xpr1,,ppi_bidir_r_go
Robo2,Itpr3,,ppi_bidir_r_go
Fat1,Fas,,ppi_bidir_r_go
Pcdh7,Cxcr4,,ppi_bidir_r_go
Pcdh7,Lifr,,ppi_bidir_r_go
Pcdh7,Lrp10,,ppi_bidir_r_go
Dsc2,Epha7,,ppi_bidir_r_go
Dsg1a,Cftr,,ppi_bidir_r_go
Pcdh1,Or8d2b,,ppi_bidir_r_go
Pcdh1,Ryr2,,ppi_bidir_r_go
Pcdh1,Or2t6,,ppi_bidir_r_go
Pcdh1,Clca2,,ppi_bidir_r_go
Pik3cb,Erbb4,,ppi_bidir_r_go
Itgb1,Vtn,,ppi_bidir_r_go
Pik3cb,Itgb4,,ppi_bidir_r_go
Pik3cb,Erbb3,,ppi_bidir_r_go
Ceacam1,Insr,,ppi_bidir_r_go
Pcdh10,Dlg4,,ppi_bidir_r_go
Cdh2,Grin2d,,ppi_bidir_r_go
Plxnb3,Met,,ppi_bidir_r_go
Ceacam1,Itgb3,,ppi_bidir_r_go
Cd226,Itgb2,,ppi_bidir_r_go
Ceacam1,Adrb2,,ppi_bidir_r_go
Plxnb3,Mst1r,,ppi_bidir_r_go
Cdh5,P2rx6,,ppi_bidir_r_go
Cdh2,Ptprc,,ppi_bidir_r_go
Ptprm,Ptpra,,ppi_bidir_r_go
L1cam,Prnp,,ppi_bidir_r_go
Nectin1,Prnp,,ppi_bidir_r_go
Cd200,Hcrtr2,,ppi_bidir_r_go
Cdh13,Mtnr1b,,ppi_bidir_r_go
Cdh11,Mtnr1b,,ppi_bidir_r_go
Pik3cb,Gfra2,,ppi_bidir_r_go
Fat1,Grid2,,ppi_bidir_r_go
Fat2,Grid2,,ppi_bidir_r_go
Pik3cb,Gfra3,,ppi_bidir_r_go
Pik3cb,Egfr,,ppi_bidir_r_go
Pik3cb,Il2ra,,ppi_bidir_r_go
Celsr1,H2-Ea,,ppi_bidir_r_go
Celsr1,Esr1,,ppi_bidir_r_go
Cadm3,Prnp,,ppi_bidir_r_go
Cdh1,Krt1,,ppi_bidir_r_go
Pik3cb,Ntrk1,,ppi_bidir_r_go
Pcdhgc3,Ntrk1,,ppi_bidir_r_go
Pcdhb3,Ntrk1,,ppi_bidir_r_go
Pkd1,Rho,,ppi_bidir_r_go
Pik3cb,Fcgr4,,ppi_bidir_r_go
Pik3cb,Pdgfrb,,ppi_bidir_r_go
Pik3cb,Cd3g,,ppi_bidir_r_go
Pik3cb,Fgfr1,,ppi_bidir_r_go
Pik3cb,Fcgr1,,ppi_bidir_r_go
Pik3cb,Fcgr3,,ppi_bidir_r_go
Tro,Cftr,,ppi_bidir_r_go
Pcdh15,Cftr,,ppi_bidir_r_go
Fat2,Cftr,,ppi_bidir_r_go
Pcdhb16,Cftr,,ppi_bidir_r_go
Pik3cb,Il2rb,,ppi_bidir_r_go
Pik3cb,Csf2ra,,ppi_bidir_r_go
Cadm2,Itgb4,,ppi_bidir_r_go
Cadm4,Itgb4,,ppi_bidir_r_go
Pik3cb,Pdgfra,,ppi_bidir_r_go
Dsg2,Pdgfra,,ppi_bidir_r_go
Pik3cb,Cd247,,ppi_bidir_r_go
Pik3cb,Fgfr2,,ppi_bidir_r_go
Pik3cb,Fgfr4,,ppi_bidir_r_go
Pik3cb,Fgfr3,,ppi_bidir_r_go
Pik3cb,Il3ra,,ppi_bidir_r_go
Pik3cb,Axl,,ppi_bidir_r_go
Pik3cb,Il2rg,,ppi_bidir_r_go
Amigo1,Gpr183,,ppi_bidir_r_go
Pik3cb,Csf2rb,,ppi_bidir_r_go
Pcdh20,Ryk,,ppi_bidir_r_go
Dchs1,Ryk,,ppi_bidir_r_go
Celsr2,Ryk,,ppi_bidir_r_go
Celsr1,Ryk,,ppi_bidir_r_go
Celsr3,Ryk,,ppi_bidir_r_go
Pcdhga11,Ryk,,ppi_bidir_r_go
Pik3cb,Kdr,,ppi_bidir_r_go
Dsg2,Bmpr1a,,ppi_bidir_r_go
Pik3cb,Tgfbr2,,ppi_bidir_r_go
Robo1,Dcc,,ppi_bidir_r_go
Tenm3,Mtnr1b,,ppi_bidir_r_go
Pcdhb22,Plxna3,,ppi_bidir_r_go
Sdk2,Dlg4,,ppi_bidir_r_go
Pcdh15,Dlg4,,ppi_bidir_r_go
Cdh23,Dlg4,,ppi_bidir_r_go
Robo2,Dlg4,,ppi_bidir_r_go
Celsr1,Dlg4,,ppi_bidir_r_go
Pcdhga7,Dlg4,,ppi_bidir_r_go
Pcdha12,Dlg4,,ppi_bidir_r_go
Sdk2,Grin1,,ppi_bidir_r_go
Plxnb3,Sema5a,,ppi_bidir_r_go
Amigo1,Ptprk,,ppi_bidir_r_go
Robo2,Neo1,,ppi_bidir_r_go
Nectin3,Inpp5k,,ppi_bidir_r_go
Pcdhb22,Derl1,,ppi_bidir_r_go
Cdhr5,Cdhr2,,ppi_bidir_bidir_go
Tigit,Cd226,,ppi_bidir_bidir_go
Robo1,Robo2,,ppi_bidir_bidir_go
Ptprf,Ret,,ppi_bidir_bidir_go
Dsg1a,Dsc1,,ppi_bidir_bidir_go
Pcdh7,Dsg2,,ppi_bidir_bidir_go
Pcdh7,Dsc2,,ppi_bidir_bidir_go
Dsg2,Dsc2,,ppi_bidir_bidir_go
Sdk1,Robo2,,ppi_bidir_bidir_go
Dsg2,Pcdh7,,ppi_bidir_bidir_go
Ptprt,Cdh1,,ppi_bidir_bidir_go
Cd226,Tigit,,ppi_bidir_bidir_go
Amigo2,Amigo1,,ppi_bidir_bidir_go
Ptprf,Cdh1,,ppi_bidir_bidir_go
Cdh1,Pkd1,,ppi_bidir_bidir_go
Robo2,Robo1,,ppi_bidir_bidir_go
Cdh2,Cdh11,,ppi_bidir_bidir_go
Dsg1a,Dsc2,,ppi_bidir_bidir_go
Dsc1,Dsc3,,ppi_bidir_bidir_go
Dsc2,Dsc3,,ppi_bidir_bidir_go
Dsc2,Dsc1,,ppi_bidir_bidir_go
Cdhr2,Cdhr5,,ppi_bidir_bidir_go
Pcdhgb1,Pcdha1,,ppi_bidir_bidir_go
Cdh6,Cdh10,,ppi_bidir_bidir_go
Cdh9,Cdh10,,ppi_bidir_bidir_go
Cdh15,Cdh9,,ppi_bidir_bidir_go
Cdh15,Cdh7,,ppi_bidir_bidir_go
Cdh6,Cdh19,,ppi_bidir_bidir_go
Cdh6,Cdh9,,ppi_bidir_bidir_go
Cdh6,Cdh7,,ppi_bidir_bidir_go
Cdh6,Cdh18,,ppi_bidir_bidir_go
Cdh12,Cdh7,,ppi_bidir_bidir_go
Cdh12,Cdh18,,ppi_bidir_bidir_go
Cdh9,Cdh7,,ppi_bidir_bidir_go
Cdh18,Cdh9,,ppi_bidir_bidir_go
Crtam,Nectin2,,ppi_bidir_bidir_go
Itgb1,Cdh17,,ppi_bidir_bidir_go
Itgb1,Fat1,,ppi_bidir_bidir_go
Ret,Ptprf,,ppi_bidir_bidir_go
Ret,Pik3cb,,ppi_bidir_bidir_go
Cdh1,Cdh10,,ppi_bidir_bidir_go
Pcdh15,Cdh23,,ppi_bidir_bidir_go
Pcdhb17,Pcdha4,,ppi_bidir_bidir_go
Pcdha7,Pcdhgb1,,ppi_bidir_bidir_go
Pcdha6,Pcdhgb1,,ppi_bidir_bidir_go
Pcdha4,Pcdhgb1,,ppi_bidir_bidir_go
Pcdha10,Pcdhgb1,,ppi_bidir_bidir_go
Pcdhgb1,Pcdha8,,ppi_bidir_bidir_go
Pcdhgb1,Pcdha5,,ppi_bidir_bidir_go
Pcdhgb1,Pcdha2,,ppi_bidir_bidir_go
Pcdhgb1,Pcdha12,,ppi_bidir_bidir_go
Pcdhgb1,Pcdha11,,ppi_bidir_bidir_go
Pcdhgb1,Pcdhac2,,ppi_bidir_bidir_go
Ccl3,Cxcr5,,ppi_lr
Tnf,Icos,,ppi_lr
Ccl3,Ackr4,,ppi_lr
H2-Ea,Epha3,,ppi_lr
H2-Ea,Ephb4,,ppi_lr
H2-Ea,Pdcd1,,ppi_lr
H2-Ea,Scarb1,,ppi_lr
H2-Ea,Plxna1,,ppi_lr
Rln1,Tshr,,ppi_lr
Rln1,Lhcgr,,ppi_lr
Rln1,Fshr,,ppi_lr
Rln1,Hrh2,,ppi_lr
Rln1,Avpr2,,ppi_lr
Rln1,Calcr,,ppi_lr
Rln1,Vipr1,,ppi_lr
Rln1,Mc4r,,ppi_lr
Rln1,Mc5r,,ppi_lr
Rln1,Htr7,,ppi_lr
Rln1,Crhr1,,ppi_lr
Rln1,Adcyap1r1,,ppi_lr
Rln1,Vipr2,,ppi_lr
Rln1,Mc3r,,ppi_lr
Rln1,Glp1r,,ppi_lr
Rln1,Gcgr,,ppi_lr
Rln1,Sctr,,ppi_lr
Rln1,Gipr,,ppi_lr
Rln1,Pth2r,,ppi_lr
Rln1,Htr6,,ppi_lr
Rln1,Mc2r,,ppi_lr
Rln1,Mc1r,,ppi_lr
Rln1,Ghrhr,,ppi_lr
Rln1,Pth1r,,ppi_lr
Rln1,Crhr2,,ppi_lr
Rln1,Htr4,,ppi_lr
Rln1,Calcrl,,ppi_lr
Rln1,Npsr1,,ppi_lr
Fasl,Tnfrsf10b,,ppi_lr
Rln1,Ramp1,,ppi_lr
Rln1,Ramp2,,ppi_lr
Rln1,Glp2r,,ppi_lr
Nlgn2,Nlgn1,,ppi_lr
H2-Ea,Ptprc,,ppi_l_bidir
H2-Ea,Cd274,,ppi_l_bidir
Cntnap1,Nlgn1,,ppi_bidir_r
Spn,Sele,,ppi_bidir_bidir
Prl,H2-Ab1,,ppi_lr_go
Rln1,Adrb2,,ppi_lr_go
Rln1,Adrb1,,ppi_lr_go
Rln1,Adrb3,,ppi_lr_go
Rln1,Drd1,,ppi_lr_go
Rln1,Drd5,,ppi_lr_go
Rln1,Adora2a,,ppi_lr_go
Rln1,Adora2b,,ppi_lr_go
Rln1,Ptger4,,ppi_lr_go
Rln1,Ptger2,,ppi_lr_go
Rln1,Ptgir,,ppi_lr_go
Rln1,Gpr15,,ppi_lr_go
Rln1,Ptgdr,,ppi_lr_go
Rln1,Gpr176,,ppi_lr_go
Rln1,Gpr150,,ppi_lr_go
Rln1,Gpbar1,,ppi_lr_go
Rln1,Taar1,,ppi_lr_go
Rln1,Gpr20,,ppi_lr_go
Rln1,Gpr84,,ppi_lr_go
Rln1,Gpr27,,ppi_lr_go
Rln1,Gpr83,,ppi_lr_go
Rln1,Gpr45,,ppi_lr_go
Cxcl5,Pigr,,ppi_lr_go
Rln1,Gpr25,,ppi_lr_go
Rln1,Ramp3,,ppi_lr_go
Pik3cb,Tnfrsf10b,,ppi_bidir_r_go
Pcdhgb1,Pcdha6,,ppi_bidir_bidir_go
